{
    "type": "FeatureCollection",
    "features":
    [
        {
            "id": "0",
            "type": "Feature",
            "properties":
            {
                "admin_level": "6",
                "index_right": 310.0,
                "lanes": 2,
                "lanes_length": 19536.243537274586,
                "length": 9768.121768637293,
                "name": "городской округ Казань",
                "place": null,
                "population": 1257341.0,
                "short_name": "Казань",
                "type": null
            },
            "geometry":
            {
                "type": "LineString",
                "coordinates":
                [
                    [
                        49.1796541,
                        55.7343596
                    ],
                    [
                        49.2177531,
                        55.7551305
                    ],
                    [
                        49.2190453,
                        55.7574011
                    ],
                    [
                        49.2193071,
                        55.7921067
                    ],
                    [
                        49.2186659,
                        55.794474
                    ],
                    [
                        49.201026,
                        55.8096742
                    ]
                ]
            }
        },
        {
            "id": "1",
            "type": "Feature",
            "properties":
            {
                "admin_level": "6",
                "index_right": 310.0,
                "lanes": 2,
                "lanes_length": 3144.6575776959185,
                "length": 1572.3287888479592,
                "name": "городской округ Казань",
                "place": null,
                "population": 1257341.0,
                "short_name": "Казань",
                "type": null
            },
            "geometry":
            {
                "type": "LineString",
                "coordinates":
                [
                    [
                        49.2007685,
                        55.8098189
                    ],
                    [
                        49.1979361,
                        55.8117964
                    ],
                    [
                        49.1963053,
                        55.812351
                    ],
                    [
                        49.1820574,
                        55.8152929
                    ],
                    [
                        49.179697,
                        55.8167758
                    ]
                ]
            }
        },
        {
            "id": "2",
            "type": "Feature",
            "properties":
            {
                "admin_level": "6",
                "index_right": 310.0,
                "lanes": 2,
                "lanes_length": 956.8348742010444,
                "length": 478.4174371005222,
                "name": "городской округ Казань",
                "place": null,
                "population": 1257341.0,
                "short_name": "Казань",
                "type": null
            },
            "geometry":
            {
                "type": "LineString",
                "coordinates":
                [
                    [
                        49.0701771,
                        55.8007985
                    ],
                    [
                        49.0743828,
                        55.803681
                    ],
                    [
                        49.0747047,
                        55.8042116
                    ]
                ]
            }
        },
        {
            "id": "3",
            "type": "Feature",
            "properties":
            {
                "admin_level": "6",
                "index_right": 310.0,
                "lanes": 2,
                "lanes_length": 2875.0245544244444,
                "length": 1437.5122772122222,
                "name": "городской округ Казань",
                "place": null,
                "population": 1257341.0,
                "short_name": "Казань",
                "type": null
            },
            "geometry":
            {
                "type": "LineString",
                "coordinates":
                [
                    [
                        49.07022,
                        55.8006659
                    ],
                    [
                        49.075048,
                        55.7986517
                    ],
                    [
                        49.0792966,
                        55.7978194
                    ],
                    [
                        49.09127,
                        55.7958292
                    ]
                ]
            }
        },
        {
            "id": "4",
            "type": "Feature",
            "properties":
            {
                "admin_level": "6",
                "index_right": 310.0,
                "lanes": 2,
                "lanes_length": 11676.920551689665,
                "length": 5838.460275844833,
                "name": "городской округ Казань",
                "place": null,
                "population": 1257341.0,
                "short_name": "Казань",
                "type": null
            },
            "geometry":
            {
                "type": "LineString",
                "coordinates":
                [
                    [
                        49.179697,
                        55.8167758
                    ],
                    [
                        49.1754913,
                        55.8197052
                    ],
                    [
                        49.1493988,
                        55.8271785
                    ],
                    [
                        49.095851,
                        55.8270071
                    ],
                    [
                        49.0919137,
                        55.8267326
                    ]
                ]
            }
        },
        {
            "id": "5",
            "type": "Feature",
            "properties":
            {
                "admin_level": "6",
                "index_right": 310.0,
                "lanes": 2,
                "lanes_length": 5348.072236078557,
                "length": 2674.0361180392783,
                "name": "городской округ Казань",
                "place": null,
                "population": 1257341.0,
                "short_name": "Казань",
                "type": null
            },
            "geometry":
            {
                "type": "LineString",
                "coordinates":
                [
                    [
                        49.1850078,
                        55.802282
                    ],
                    [
                        49.1804695,
                        55.7999543
                    ],
                    [
                        49.1715431,
                        55.7938027
                    ],
                    [
                        49.1573811,
                        55.7923068
                    ],
                    [
                        49.1493988,
                        55.7929583
                    ]
                ]
            }
        },
        {
            "id": "6",
            "type": "Feature",
            "properties":
            {
                "admin_level": "6",
                "index_right": 310.0,
                "lanes": 2,
                "lanes_length": 5090.857248532213,
                "length": 2545.4286242661065,
                "name": "городской округ Казань",
                "place": null,
                "population": 1257341.0,
                "short_name": "Казань",
                "type": null
            },
            "geometry":
            {
                "type": "LineString",
                "coordinates":
                [
                    [
                        49.1492701,
                        55.7930427
                    ],
                    [
                        49.1471672,
                        55.7936579
                    ],
                    [
                        49.142704,
                        55.7945264
                    ],
                    [
                        49.1094875,
                        55.7975782
                    ]
                ]
            }
        },
        {
            "id": "7",
            "type": "Feature",
            "properties":
            {
                "admin_level": "6",
                "index_right": 310.0,
                "lanes": 2,
                "lanes_length": 7786.1709783503,
                "length": 3893.08548917515,
                "name": "городской округ Казань",
                "place": null,
                "population": 1257341.0,
                "short_name": "Казань",
                "type": null
            },
            "geometry":
            {
                "type": "LineString",
                "coordinates":
                [
                    [
                        49.1850078,
                        55.802282
                    ],
                    [
                        49.1855286,
                        55.8031438
                    ],
                    [
                        49.1799545,
                        55.8145936
                    ],
                    [
                        49.1861321,
                        55.8239832
                    ],
                    [
                        49.1919582,
                        55.8302266
                    ],
                    [
                        49.1924307,
                        55.8313174
                    ],
                    [
                        49.1928174,
                        55.8330712
                    ],
                    [
                        49.1931827,
                        55.8339391
                    ],
                    [
                        49.1941166,
                        55.835036
                    ]
                ]
            }
        },
        {
            "id": "8",
            "type": "Feature",
            "properties":
            {
                "admin_level": "6",
                "index_right": 310.0,
                "lanes": 2,
                "lanes_length": 4124.767355232702,
                "length": 2062.383677616351,
                "name": "городской округ Казань",
                "place": null,
                "population": 1257341.0,
                "short_name": "Казань",
                "type": null
            },
            "geometry":
            {
                "type": "LineString",
                "coordinates":
                [
                    [
                        49.2042661,
                        55.7526705
                    ],
                    [
                        49.1813278,
                        55.7659274
                    ]
                ]
            }
        },
        {
            "id": "9",
            "type": "Feature",
            "properties":
            {
                "admin_level": "6",
                "index_right": 310.0,
                "lanes": 2,
                "lanes_length": 6450.523214657336,
                "length": 3225.261607328668,
                "name": "городской округ Казань",
                "place": null,
                "population": 1257341.0,
                "short_name": "Казань",
                "type": null
            },
            "geometry":
            {
                "type": "LineString",
                "coordinates":
                [
                    [
                        49.1813278,
                        55.7659274
                    ],
                    [
                        49.1789246,
                        55.7674483
                    ],
                    [
                        49.1756415,
                        55.7713592
                    ],
                    [
                        49.1747618,
                        55.7762351
                    ],
                    [
                        49.1709423,
                        55.7816414
                    ],
                    [
                        49.1714573,
                        55.7934167
                    ]
                ]
            }
        },
        {
            "id": "10",
            "type": "Feature",
            "properties":
            {
                "admin_level": "6",
                "index_right": 310.0,
                "lanes": 2,
                "lanes_length": 2256.9756775597893,
                "length": 1128.4878387798947,
                "name": "городской округ Казань",
                "place": null,
                "population": 1257341.0,
                "short_name": "Казань",
                "type": null
            },
            "geometry":
            {
                "type": "LineString",
                "coordinates":
                [
                    [
                        49.2122912,
                        55.7479608
                    ],
                    [
                        49.2247152,
                        55.7406413
                    ]
                ]
            }
        },
        {
            "id": "11",
            "type": "Feature",
            "properties":
            {
                "admin_level": "6",
                "index_right": 310.0,
                "lanes": 2,
                "lanes_length": 1018.1267968044641,
                "length": 509.06339840223205,
                "name": "городской округ Казань",
                "place": null,
                "population": 1257341.0,
                "short_name": "Казань",
                "type": null
            },
            "geometry":
            {
                "type": "LineString",
                "coordinates":
                [
                    [
                        49.1478539,
                        55.8192592
                    ],
                    [
                        49.1396999,
                        55.8193918
                    ]
                ]
            }
        },
        {
            "id": "12",
            "type": "Feature",
            "properties":
            {
                "admin_level": "6",
                "index_right": 310.0,
                "lanes": 2,
                "lanes_length": 3629.5127053845736,
                "length": 1814.7563526922868,
                "name": "городской округ Казань",
                "place": null,
                "population": 1257341.0,
                "short_name": "Казань",
                "type": null
            },
            "geometry":
            {
                "type": "LineString",
                "coordinates":
                [
                    [
                        49.1266108,
                        55.8193918
                    ],
                    [
                        49.1041231,
                        55.8193918
                    ],
                    [
                        49.0980077,
                        55.8180175
                    ]
                ]
            }
        },
        {
            "id": "13",
            "type": "Feature",
            "properties":
            {
                "admin_level": "6",
                "index_right": 310.0,
                "lanes": 2,
                "lanes_length": 2307.2485631275345,
                "length": 1153.6242815637672,
                "name": "городской округ Казань",
                "place": null,
                "population": 1257341.0,
                "short_name": "Казань",
                "type": null
            },
            "geometry":
            {
                "type": "LineString",
                "coordinates":
                [
                    [
                        49.1336918,
                        55.8323849
                    ],
                    [
                        49.1339278,
                        55.8426992
                    ]
                ]
            }
        },
        {
            "id": "14",
            "type": "Feature",
            "properties":
            {
                "admin_level": "6",
                "index_right": 310.0,
                "lanes": 2,
                "lanes_length": 3334.8982514436957,
                "length": 1667.4491257218478,
                "name": "городской округ Казань",
                "place": null,
                "population": 1257341.0,
                "short_name": "Казань",
                "type": null
            },
            "geometry":
            {
                "type": "LineString",
                "coordinates":
                [
                    [
                        49.1339064,
                        55.8118687
                    ],
                    [
                        49.1344643,
                        55.8106992
                    ],
                    [
                        49.1358376,
                        55.8093487
                    ],
                    [
                        49.1376615,
                        55.808384
                    ],
                    [
                        49.1475105,
                        55.8055984
                    ],
                    [
                        49.1496993,
                        55.8040005
                    ],
                    [
                        49.1513729,
                        55.8016066
                    ]
                ]
            }
        },
        {
            "id": "15",
            "type": "Feature",
            "properties":
            {
                "admin_level": "6",
                "index_right": 310.0,
                "lanes": 2,
                "lanes_length": 5661.593958940821,
                "length": 2830.7969794704104,
                "name": "городской округ Казань",
                "place": null,
                "population": 1257341.0,
                "short_name": "Казань",
                "type": null
            },
            "geometry":
            {
                "type": "LineString",
                "coordinates":
                [
                    [
                        49.1514802,
                        55.8013895
                    ],
                    [
                        49.1545272,
                        55.7963961
                    ],
                    [
                        49.1548061,
                        55.7941646
                    ],
                    [
                        49.1527462,
                        55.7919449
                    ],
                    [
                        49.1512011,
                        55.7868416
                    ],
                    [
                        49.1499138,
                        55.784489
                    ],
                    [
                        49.1469955,
                        55.7811587
                    ],
                    [
                        49.1463089,
                        55.7787935
                    ],
                    [
                        49.1453218,
                        55.7773333
                    ]
                ]
            }
        },
        {
            "id": "16",
            "type": "Feature",
            "properties":
            {
                "admin_level": "6",
                "index_right": 310.0,
                "lanes": 2,
                "lanes_length": 3146.214981442363,
                "length": 1573.1074907211814,
                "name": "городской округ Казань",
                "place": null,
                "population": 1257341.0,
                "short_name": "Казань",
                "type": null
            },
            "geometry":
            {
                "type": "LineString",
                "coordinates":
                [
                    [
                        49.1452575,
                        55.7772488
                    ],
                    [
                        49.1363525,
                        55.7712385
                    ],
                    [
                        49.126997,
                        55.7677863
                    ]
                ]
            }
        },
        {
            "id": "17",
            "type": "Feature",
            "properties":
            {
                "admin_level": "6",
                "index_right": 310.0,
                "lanes": 2,
                "lanes_length": 9733.72027664046,
                "length": 4866.86013832023,
                "name": "городской округ Казань",
                "place": null,
                "population": 1257341.0,
                "short_name": "Казань",
                "type": null
            },
            "geometry":
            {
                "type": "LineString",
                "coordinates":
                [
                    [
                        49.1503859,
                        55.7633681
                    ],
                    [
                        49.1546774,
                        55.7588045
                    ],
                    [
                        49.1633463,
                        55.7520426
                    ],
                    [
                        49.1633892,
                        55.747381
                    ],
                    [
                        49.1644621,
                        55.7465356
                    ],
                    [
                        49.1674232,
                        55.7460042
                    ],
                    [
                        49.171586,
                        55.7444341
                    ],
                    [
                        49.175455,
                        55.7438028
                    ],
                    [
                        49.176574,
                        55.7432697
                    ],
                    [
                        49.1773909,
                        55.7399592
                    ],
                    [
                        49.1786798,
                        55.7384365
                    ],
                    [
                        49.1868014,
                        55.7333565
                    ],
                    [
                        49.1916275,
                        55.7292851
                    ]
                ]
            }
        },
        {
            "id": "18",
            "type": "Feature",
            "properties":
            {
                "admin_level": "6",
                "index_right": 310.0,
                "lanes": 2,
                "lanes_length": 1857.985830493546,
                "length": 928.992915246773,
                "name": "городской округ Казань",
                "place": null,
                "population": 1257341.0,
                "short_name": "Казань",
                "type": null
            },
            "geometry":
            {
                "type": "LineString",
                "coordinates":
                [
                    [
                        49.1763068,
                        55.7437577
                    ],
                    [
                        49.1780018,
                        55.7442893
                    ],
                    [
                        49.1907907,
                        55.7452916
                    ]
                ]
            }
        },
        {
            "id": "19",
            "type": "Feature",
            "properties":
            {
                "admin_level": "6",
                "index_right": 310.0,
                "lanes": 2,
                "lanes_length": 2507.9792966957084,
                "length": 1253.9896483478542,
                "name": "городской округ Казань",
                "place": null,
                "population": 1257341.0,
                "short_name": "Казань",
                "type": null
            },
            "geometry":
            {
                "type": "LineString",
                "coordinates":
                [
                    [
                        49.1399145,
                        55.7729282
                    ],
                    [
                        49.1423607,
                        55.7717937
                    ],
                    [
                        49.1454077,
                        55.7690658
                    ],
                    [
                        49.1504288,
                        55.763513
                    ]
                ]
            }
        },
        {
            "id": "20",
            "type": "Feature",
            "properties":
            {
                "admin_level": "6",
                "index_right": 310.0,
                "lanes": 2,
                "lanes_length": 2187.0368145528505,
                "length": 1093.5184072764253,
                "name": "городской округ Казань",
                "place": null,
                "population": 1257341.0,
                "short_name": "Казань",
                "type": null
            },
            "geometry":
            {
                "type": "LineString",
                "coordinates":
                [
                    [
                        49.1207957,
                        55.7859127
                    ],
                    [
                        49.1339064,
                        55.7794331
                    ]
                ]
            }
        },
        {
            "id": "21",
            "type": "Feature",
            "properties":
            {
                "admin_level": "6",
                "index_right": 310.0,
                "lanes": 2,
                "lanes_length": 3475.5988242726753,
                "length": 1737.7994121363377,
                "name": "городской округ Казань",
                "place": null,
                "population": 1257341.0,
                "short_name": "Казань",
                "type": null
            },
            "geometry":
            {
                "type": "LineString",
                "coordinates":
                [
                    [
                        49.235487,
                        55.7761868
                    ],
                    [
                        49.2362165,
                        55.7808691
                    ],
                    [
                        49.2356586,
                        55.7820758
                    ],
                    [
                        49.2301226,
                        55.7877949
                    ],
                    [
                        49.2285562,
                        55.7885308
                    ],
                    [
                        49.2267323,
                        55.7887842
                    ],
                    [
                        49.2251229,
                        55.7887842
                    ]
                ]
            }
        },
        {
            "id": "22",
            "type": "Feature",
            "properties":
            {
                "admin_level": "6",
                "index_right": 310.0,
                "lanes": 2,
                "lanes_length": 2080.0475394949112,
                "length": 1040.0237697474556,
                "name": "городской округ Казань",
                "place": null,
                "population": 1257341.0,
                "short_name": "Казань",
                "type": null
            },
            "geometry":
            {
                "type": "LineString",
                "coordinates":
                [
                    [
                        49.043076,
                        55.8247077
                    ],
                    [
                        49.054985,
                        55.8191868
                    ],
                    [
                        49.056015,
                        55.8188614
                    ]
                ]
            }
        },
        {
            "id": "23",
            "type": "Feature",
            "properties":
            {
                "admin_level": "6",
                "index_right": 310.0,
                "lanes": 2,
                "lanes_length": 4211.504342698796,
                "length": 2105.752171349398,
                "name": "городской округ Казань",
                "place": null,
                "population": 1257341.0,
                "short_name": "Казань",
                "type": null
            },
            "geometry":
            {
                "type": "LineString",
                "coordinates":
                [
                    [
                        48.892808,
                        55.8501439
                    ],
                    [
                        48.9256382,
                        55.8457351
                    ]
                ]
            }
        },
        {
            "id": "24",
            "type": "Feature",
            "properties":
            {
                "admin_level": "6",
                "index_right": 310.0,
                "lanes": 2,
                "lanes_length": 505.830452589809,
                "length": 252.9152262949045,
                "name": "городской округ Казань",
                "place": null,
                "population": 1257341.0,
                "short_name": "Казань",
                "type": null
            },
            "geometry":
            {
                "type": "LineString",
                "coordinates":
                [
                    [
                        48.9622235,
                        55.8383979
                    ],
                    [
                        48.966043,
                        55.8376387
                    ]
                ]
            }
        },
        {
            "id": "25",
            "type": "Feature",
            "properties":
            {
                "admin_level": "6",
                "index_right": 310.0,
                "lanes": 2,
                "lanes_length": 2083.301435582753,
                "length": 1041.6507177913766,
                "name": "городской округ Казань",
                "place": null,
                "population": 1257341.0,
                "short_name": "Казань",
                "type": null
            },
            "geometry":
            {
                "type": "LineString",
                "coordinates":
                [
                    [
                        49.0251052,
                        55.8268411
                    ],
                    [
                        49.0397501,
                        55.8251416
                    ],
                    [
                        49.041456,
                        55.8249608
                    ]
                ]
            }
        },
        {
            "id": "26",
            "type": "Feature",
            "properties":
            {
                "admin_level": "6",
                "index_right": 310.0,
                "lanes": 2,
                "lanes_length": 8225.810894306162,
                "length": 4112.905447153081,
                "name": "городской округ Казань",
                "place": null,
                "population": 1257341.0,
                "short_name": "Казань",
                "type": null
            },
            "geometry":
            {
                "type": "LineString",
                "coordinates":
                [
                    [
                        49.0427971,
                        55.8255635
                    ],
                    [
                        49.0430975,
                        55.8278776
                    ],
                    [
                        49.0497923,
                        55.8310593
                    ],
                    [
                        49.0573883,
                        55.8329392
                    ],
                    [
                        49.0843391,
                        55.8335659
                    ],
                    [
                        49.0900898,
                        55.834795
                    ],
                    [
                        49.1014194,
                        55.836
                    ]
                ]
            }
        },
        {
            "id": "27",
            "type": "Feature",
            "properties":
            {
                "admin_level": "6",
                "index_right": 310.0,
                "lanes": 2,
                "lanes_length": 7366.956786188981,
                "length": 3683.4783930944905,
                "name": "городской округ Казань",
                "place": null,
                "population": 1257341.0,
                "short_name": "Казань",
                "type": null
            },
            "geometry":
            {
                "type": "LineString",
                "coordinates":
                [
                    [
                        49.1014194,
                        55.836
                    ],
                    [
                        49.160471,
                        55.8359518
                    ]
                ]
            }
        },
        {
            "id": "28",
            "type": "Feature",
            "properties":
            {
                "admin_level": "6",
                "index_right": 310.0,
                "lanes": 2,
                "lanes_length": 1121.81197778156,
                "length": 560.90598889078,
                "name": "городской округ Казань",
                "place": null,
                "population": 1257341.0,
                "short_name": "Казань",
                "type": null
            },
            "geometry":
            {
                "type": "LineString",
                "coordinates":
                [
                    [
                        49.1521239,
                        55.7879578
                    ],
                    [
                        49.160943,
                        55.7870107
                    ]
                ]
            }
        },
        {
            "id": "29",
            "type": "Feature",
            "properties":
            {
                "admin_level": "6",
                "index_right": 310.0,
                "lanes": 2,
                "lanes_length": 3829.7926193304443,
                "length": 1914.8963096652221,
                "name": "городской округ Казань",
                "place": null,
                "population": 1257341.0,
                "short_name": "Казань",
                "type": null
            },
            "geometry":
            {
                "type": "LineString",
                "coordinates":
                [
                    [
                        49.1611362,
                        55.7869986
                    ],
                    [
                        49.1646123,
                        55.786697
                    ],
                    [
                        49.1711783,
                        55.7874209
                    ],
                    [
                        49.1801262,
                        55.7854422
                    ],
                    [
                        49.1895676,
                        55.782486
                    ]
                ]
            }
        },
        {
            "id": "30",
            "type": "Feature",
            "properties":
            {
                "admin_level": "6",
                "index_right": 310.0,
                "lanes": 2,
                "lanes_length": 825.685473334784,
                "length": 412.842736667392,
                "name": "городской округ Казань",
                "place": null,
                "population": 1257341.0,
                "short_name": "Казань",
                "type": null
            },
            "geometry":
            {
                "type": "LineString",
                "coordinates":
                [
                    [
                        49.2071199,
                        55.7824136
                    ],
                    [
                        49.2137289,
                        55.7823895
                    ]
                ]
            }
        },
        {
            "id": "31",
            "type": "Feature",
            "properties":
            {
                "admin_level": "6",
                "index_right": 310.0,
                "lanes": 2,
                "lanes_length": 1210.291290837164,
                "length": 605.145645418582,
                "name": "городской округ Казань",
                "place": null,
                "population": 1257341.0,
                "short_name": "Казань",
                "type": null
            },
            "geometry":
            {
                "type": "LineString",
                "coordinates":
                [
                    [
                        49.2284489,
                        55.7812552
                    ],
                    [
                        49.2312384,
                        55.7783591
                    ],
                    [
                        49.2316675,
                        55.7770799
                    ],
                    [
                        49.2317104,
                        55.7762592
                    ]
                ]
            }
        },
        {
            "id": "32",
            "type": "Feature",
            "properties":
            {
                "admin_level": "6",
                "index_right": 310.0,
                "lanes": 2,
                "lanes_length": 6663.448113358418,
                "length": 3331.724056679209,
                "name": "городской округ Казань",
                "place": null,
                "population": 1257341.0,
                "short_name": "Казань",
                "type": null
            },
            "geometry":
            {
                "type": "LineString",
                "coordinates":
                [
                    [
                        49.2178059,
                        55.7454003
                    ],
                    [
                        49.2301226,
                        55.7521875
                    ],
                    [
                        49.2311525,
                        55.7533951
                    ],
                    [
                        49.2315817,
                        55.7721799
                    ]
                ]
            }
        },
        {
            "id": "33",
            "type": "Feature",
            "properties":
            {
                "admin_level": "6",
                "index_right": 310.0,
                "lanes": 2,
                "lanes_length": 2024.6106233593648,
                "length": 1012.3053116796824,
                "name": "городской округ Казань",
                "place": null,
                "population": 1257341.0,
                "short_name": "Казань",
                "type": null
            },
            "geometry":
            {
                "type": "LineString",
                "coordinates":
                [
                    [
                        49.0848541,
                        55.8589723
                    ],
                    [
                        49.0842533,
                        55.8499271
                    ]
                ]
            }
        },
        {
            "id": "34",
            "type": "Feature",
            "properties":
            {
                "admin_level": "6",
                "index_right": 310.0,
                "lanes": 2,
                "lanes_length": 5559.244534874812,
                "length": 2779.622267437406,
                "name": "городской округ Казань",
                "place": null,
                "population": 1257341.0,
                "short_name": "Казань",
                "type": null
            },
            "geometry":
            {
                "type": "LineString",
                "coordinates":
                [
                    [
                        49.0863562,
                        55.8423618
                    ],
                    [
                        49.0977287,
                        55.8183309
                    ]
                ]
            }
        },
        {
            "id": "35",
            "type": "Feature",
            "properties":
            {
                "admin_level": "6",
                "index_right": 310.0,
                "lanes": 2,
                "lanes_length": 3210.473738310641,
                "length": 1605.2368691553204,
                "name": "городской округ Казань",
                "place": null,
                "population": 1257341.0,
                "short_name": "Казань",
                "type": null
            },
            "geometry":
            {
                "type": "LineString",
                "coordinates":
                [
                    [
                        49.1032434,
                        55.7962273
                    ],
                    [
                        49.109745,
                        55.7903043
                    ],
                    [
                        49.1183281,
                        55.7846579
                    ]
                ]
            }
        },
        {
            "id": "36",
            "type": "Feature",
            "properties":
            {
                "admin_level": "6",
                "index_right": 310.0,
                "lanes": 2,
                "lanes_length": 2903.8690527172457,
                "length": 1451.9345263586229,
                "name": "городской округ Казань",
                "place": null,
                "population": 1257341.0,
                "short_name": "Казань",
                "type": null
            },
            "geometry":
            {
                "type": "LineString",
                "coordinates":
                [
                    [
                        49.1024709,
                        55.8090593
                    ],
                    [
                        49.1018915,
                        55.8043442
                    ],
                    [
                        49.1014624,
                        55.8027041
                    ],
                    [
                        49.1022992,
                        55.8006056
                    ],
                    [
                        49.1018808,
                        55.7983381
                    ],
                    [
                        49.102385,
                        55.797144
                    ],
                    [
                        49.103179,
                        55.7963117
                    ]
                ]
            }
        },
        {
            "id": "37",
            "type": "Feature",
            "properties":
            {
                "admin_level": "6",
                "index_right": 310.0,
                "lanes": 2,
                "lanes_length": 8594.715811848342,
                "length": 4297.357905924171,
                "name": "городской округ Казань",
                "place": null,
                "population": 1257341.0,
                "short_name": "Казань",
                "type": null
            },
            "geometry":
            {
                "type": "LineString",
                "coordinates":
                [
                    [
                        49.1025352,
                        55.8093849
                    ],
                    [
                        49.1027069,
                        55.8113141
                    ],
                    [
                        49.0980077,
                        55.8180175
                    ],
                    [
                        49.09554,
                        55.8191748
                    ],
                    [
                        49.0914631,
                        55.8198017
                    ],
                    [
                        49.0878153,
                        55.8220679
                    ],
                    [
                        49.0861416,
                        55.8249608
                    ],
                    [
                        49.0822367,
                        55.828341
                    ],
                    [
                        49.0800478,
                        55.8321549
                    ],
                    [
                        49.0811632,
                        55.84062
                    ],
                    [
                        49.0842533,
                        55.8424823
                    ]
                ]
            }
        },
        {
            "id": "38",
            "type": "Feature",
            "properties":
            {
                "admin_level": "6",
                "index_right": 310.0,
                "lanes": 2,
                "lanes_length": 4234.0956100981075,
                "length": 2117.0478050490537,
                "name": "городской округ Казань",
                "place": null,
                "population": 1257341.0,
                "short_name": "Казань",
                "type": null
            },
            "geometry":
            {
                "type": "LineString",
                "coordinates":
                [
                    [
                        49.188838,
                        55.7603741
                    ],
                    [
                        49.1890097,
                        55.7512456
                    ],
                    [
                        49.1896534,
                        55.7498447
                    ],
                    [
                        49.1916704,
                        55.7424049
                    ],
                    [
                        49.1923141,
                        55.741656
                    ]
                ]
            }
        },
        {
            "id": "39",
            "type": "Feature",
            "properties":
            {
                "admin_level": "6",
                "index_right": 310.0,
                "lanes": 2,
                "lanes_length": 1079.128622244248,
                "length": 539.564311122124,
                "name": "городской округ Казань",
                "place": null,
                "population": 1257341.0,
                "short_name": "Казань",
                "type": null
            },
            "geometry":
            {
                "type": "LineString",
                "coordinates":
                [
                    [
                        49.1197658,
                        55.7920053
                    ],
                    [
                        49.1127276,
                        55.7948039
                    ]
                ]
            }
        },
        {
            "id": "40",
            "type": "Feature",
            "properties":
            {
                "admin_level": "6",
                "index_right": 310.0,
                "lanes": 2,
                "lanes_length": 2689.036423533326,
                "length": 1344.518211766663,
                "name": "городской округ Казань",
                "place": null,
                "population": 1257341.0,
                "short_name": "Казань",
                "type": null
            },
            "geometry":
            {
                "type": "LineString",
                "coordinates":
                [
                    [
                        49.1054535,
                        55.7750765
                    ],
                    [
                        49.1185534,
                        55.7846157
                    ]
                ]
            }
        },
        {
            "id": "41",
            "type": "Feature",
            "properties":
            {
                "admin_level": "6",
                "index_right": 310.0,
                "lanes": 2,
                "lanes_length": 2680.766914094735,
                "length": 1340.3834570473675,
                "name": "городской округ Казань",
                "place": null,
                "population": 1257341.0,
                "short_name": "Казань",
                "type": null
            },
            "geometry":
            {
                "type": "LineString",
                "coordinates":
                [
                    [
                        49.1189504,
                        55.7848751
                    ],
                    [
                        49.1237783,
                        55.7882292
                    ],
                    [
                        49.1247654,
                        55.7907506
                    ],
                    [
                        49.1256237,
                        55.7958291
                    ]
                ]
            }
        },
        {
            "id": "207",
            "type": "Feature",
            "properties":
            {
                "admin_level": "6",
                "index_right": 310.0,
                "lanes": 1,
                "lanes_length": 865.7655017506131,
                "length": 865.7655017506131,
                "name": "городской округ Казань",
                "place": null,
                "population": 1257341.0,
                "short_name": "Казань",
                "type": null
            },
            "geometry":
            {
                "type": "LineString",
                "coordinates":
                [
                    [
                        49.1282737,
                        55.7781358
                    ],
                    [
                        49.1270077,
                        55.7788116
                    ],
                    [
                        49.1238856,
                        55.7817379
                    ],
                    [
                        49.1198945,
                        55.7842477
                    ]
                ]
            }
        },
        {
            "id": "208",
            "type": "Feature",
            "properties":
            {
                "admin_level": "6",
                "index_right": 310.0,
                "lanes": 1,
                "lanes_length": 1126.347899009332,
                "length": 1126.347899009332,
                "name": "городской округ Казань",
                "place": null,
                "population": 1257341.0,
                "short_name": "Казань",
                "type": null
            },
            "geometry":
            {
                "type": "LineString",
                "coordinates":
                [
                    [
                        49.1253448,
                        55.7944058
                    ],
                    [
                        49.1325545,
                        55.7938268
                    ],
                    [
                        49.1413951,
                        55.7931875
                    ],
                    [
                        49.1423607,
                        55.7933322
                    ],
                    [
                        49.1429186,
                        55.793682
                    ]
                ]
            }
        },
        {
            "id": "209",
            "type": "Feature",
            "properties":
            {
                "admin_level": "6",
                "index_right": 310.0,
                "lanes": 1,
                "lanes_length": 447.65210697305724,
                "length": 447.65210697305724,
                "name": "городской округ Казань",
                "place": null,
                "population": 1257341.0,
                "short_name": "Казань",
                "type": null
            },
            "geometry":
            {
                "type": "LineString",
                "coordinates":
                [
                    [
                        49.0864205,
                        55.8639577
                    ],
                    [
                        49.0882874,
                        55.8678227
                    ]
                ]
            }
        },
        {
            "id": "210",
            "type": "Feature",
            "properties":
            {
                "admin_level": "6",
                "index_right": 310.0,
                "lanes": 1,
                "lanes_length": 1059.8187557120602,
                "length": 1059.8187557120602,
                "name": "городской округ Казань",
                "place": null,
                "population": 1257341.0,
                "short_name": "Казань",
                "type": null
            },
            "geometry":
            {
                "type": "LineString",
                "coordinates":
                [
                    [
                        49.0878153,
                        55.8481444
                    ],
                    [
                        49.0987587,
                        55.8553954
                    ]
                ]
            }
        },
        {
            "id": "42",
            "type": "Feature",
            "properties":
            {
                "admin_level": "6",
                "index_right": 392.0,
                "lanes": 2,
                "lanes_length": 1375.6845267697024,
                "length": 687.8422633848512,
                "name": "Пермский городской округ",
                "place": null,
                "population": 1049199.0,
                "short_name": "Пермь",
                "type": null
            },
            "geometry":
            {
                "type": "LineString",
                "coordinates":
                [
                    [
                        56.2472534,
                        58.0025667
                    ],
                    [
                        56.2524247,
                        57.9970575
                    ]
                ]
            }
        },
        {
            "id": "43",
            "type": "Feature",
            "properties":
            {
                "admin_level": "6",
                "index_right": 392.0,
                "lanes": 2,
                "lanes_length": 3536.0850084975727,
                "length": 1768.0425042487864,
                "name": "Пермский городской округ",
                "place": null,
                "population": 1049199.0,
                "short_name": "Пермь",
                "type": null
            },
            "geometry":
            {
                "type": "LineString",
                "coordinates":
                [
                    [
                        56.2617803,
                        57.968264
                    ],
                    [
                        56.2589965,
                        57.9788401
                    ],
                    [
                        56.2588918,
                        57.9822848
                    ],
                    [
                        56.2581861,
                        57.9839093
                    ]
                ]
            }
        },
        {
            "id": "165",
            "type": "Feature",
            "properties":
            {
                "admin_level": "6",
                "index_right": 392.0,
                "lanes": 2,
                "lanes_length": 2084.419526051469,
                "length": 1042.2097630257344,
                "name": "Пермский городской округ",
                "place": null,
                "population": 1049199.0,
                "short_name": "Пермь",
                "type": null
            },
            "geometry":
            {
                "type": "LineString",
                "coordinates":
                [
                    [
                        56.2382115,
                        58.0035715
                    ],
                    [
                        56.2471808,
                        58.0025482
                    ],
                    [
                        56.2546695,
                        58.0047084
                    ]
                ]
            }
        },
        {
            "id": "166",
            "type": "Feature",
            "properties":
            {
                "admin_level": "6",
                "index_right": 392.0,
                "lanes": 2,
                "lanes_length": 6844.422270165631,
                "length": 3422.2111350828154,
                "name": "Пермский городской округ",
                "place": null,
                "population": 1049199.0,
                "short_name": "Пермь",
                "type": null
            },
            "geometry":
            {
                "type": "LineString",
                "coordinates":
                [
                    [
                        56.0474771,
                        57.9387479
                    ],
                    [
                        56.1010738,
                        57.9505435
                    ]
                ]
            }
        },
        {
            "id": "167",
            "type": "Feature",
            "properties":
            {
                "admin_level": "6",
                "index_right": 392.0,
                "lanes": 2,
                "lanes_length": 3065.98747368953,
                "length": 1532.993736844765,
                "name": "Пермский городской округ",
                "place": null,
                "population": 1049199.0,
                "short_name": "Пермь",
                "type": null
            },
            "geometry":
            {
                "type": "LineString",
                "coordinates":
                [
                    [
                        56.2619518,
                        57.9662177
                    ],
                    [
                        56.262338,
                        57.9642145
                    ],
                    [
                        56.2650417,
                        57.9605947
                    ],
                    [
                        56.2650846,
                        57.9528077
                    ]
                ]
            }
        },
        {
            "id": "211",
            "type": "Feature",
            "properties":
            {
                "admin_level": "6",
                "index_right": 392.0,
                "lanes": 1,
                "lanes_length": 725.6560937368679,
                "length": 725.6560937368679,
                "name": "Пермский городской округ",
                "place": null,
                "population": 1049199.0,
                "short_name": "Пермь",
                "type": null
            },
            "geometry":
            {
                "type": "LineString",
                "coordinates":
                [
                    [
                        56.2319112,
                        58.0039027
                    ],
                    [
                        56.2376189,
                        58.0048236
                    ],
                    [
                        56.2433588,
                        58.0062732
                    ]
                ]
            }
        },
        {
            "id": "212",
            "type": "Feature",
            "properties":
            {
                "admin_level": "6",
                "index_right": 392.0,
                "lanes": 1,
                "lanes_length": 1888.3146016441663,
                "length": 1888.3146016441663,
                "name": "Пермский городской округ",
                "place": null,
                "population": 1049199.0,
                "short_name": "Пермь",
                "type": null
            },
            "geometry":
            {
                "type": "LineString",
                "coordinates":
                [
                    [
                        56.190412,
                        58.0382564
                    ],
                    [
                        56.2166119,
                        58.0298046
                    ],
                    [
                        56.2170839,
                        58.0291229
                    ]
                ]
            }
        },
        {
            "id": "213",
            "type": "Feature",
            "properties":
            {
                "admin_level": "6",
                "index_right": 392.0,
                "lanes": 1,
                "lanes_length": 533.0497234213278,
                "length": 533.0497234213278,
                "name": "Пермский городской округ",
                "place": null,
                "population": 1049199.0,
                "short_name": "Пермь",
                "type": null
            },
            "geometry":
            {
                "type": "LineString",
                "coordinates":
                [
                    [
                        56.2713504,
                        57.9990703
                    ],
                    [
                        56.2708997,
                        57.9986466
                    ],
                    [
                        56.2638295,
                        57.996995
                    ],
                    [
                        56.263454,
                        57.9970689
                    ]
                ]
            }
        },
        {
            "id": "214",
            "type": "Feature",
            "properties":
            {
                "admin_level": "6",
                "index_right": 392.0,
                "lanes": 1,
                "lanes_length": 252.85755642539215,
                "length": 252.85755642539215,
                "name": "Пермский городской округ",
                "place": null,
                "population": 1049199.0,
                "short_name": "Пермь",
                "type": null
            },
            "geometry":
            {
                "type": "LineString",
                "coordinates":
                [
                    [
                        56.2542165,
                        57.9955052
                    ],
                    [
                        56.2581218,
                        57.9964491
                    ]
                ]
            }
        },
        {
            "id": "215",
            "type": "Feature",
            "properties":
            {
                "admin_level": "6",
                "index_right": 392.0,
                "lanes": 1,
                "lanes_length": 680.5142755380799,
                "length": 680.5142755380799,
                "name": "Пермский городской округ",
                "place": null,
                "population": 1049199.0,
                "short_name": "Пермь",
                "type": null
            },
            "geometry":
            {
                "type": "LineString",
                "coordinates":
                [
                    [
                        56.1793131,
                        58.0014752
                    ],
                    [
                        56.1884058,
                        57.997717
                    ]
                ]
            }
        },
        {
            "id": "216",
            "type": "Feature",
            "properties":
            {
                "admin_level": "6",
                "index_right": 392.0,
                "lanes": 1,
                "lanes_length": 120.73538853680557,
                "length": 120.73538853680557,
                "name": "Пермский городской округ",
                "place": null,
                "population": 1049199.0,
                "short_name": "Пермь",
                "type": null
            },
            "geometry":
            {
                "type": "LineString",
                "coordinates":
                [
                    [
                        56.1779827,
                        58.0006508
                    ],
                    [
                        56.1792594,
                        58.0014951
                    ]
                ]
            }
        },
        {
            "id": "217",
            "type": "Feature",
            "properties":
            {
                "admin_level": "6",
                "index_right": 392.0,
                "lanes": 1,
                "lanes_length": 386.05814124238475,
                "length": 386.05814124238475,
                "name": "Пермский городской округ",
                "place": null,
                "population": 1049199.0,
                "short_name": "Пермь",
                "type": null
            },
            "geometry":
            {
                "type": "LineString",
                "coordinates":
                [
                    [
                        56.1913294,
                        58.0042551
                    ],
                    [
                        56.1886203,
                        58.0044029
                    ],
                    [
                        56.1873436,
                        58.0045337
                    ],
                    [
                        56.1866891,
                        58.0046815
                    ],
                    [
                        56.1851764,
                        58.0047611
                    ],
                    [
                        56.1849296,
                        58.0046644
                    ]
                ]
            }
        },
        {
            "id": "218",
            "type": "Feature",
            "properties":
            {
                "admin_level": "6",
                "index_right": 392.0,
                "lanes": 1,
                "lanes_length": 351.66910704703633,
                "length": 351.66910704703633,
                "name": "Пермский городской округ",
                "place": null,
                "population": 1049199.0,
                "short_name": "Пермь",
                "type": null
            },
            "geometry":
            {
                "type": "LineString",
                "coordinates":
                [
                    [
                        56.2878513,
                        57.9946239
                    ],
                    [
                        56.2874436,
                        57.9977569
                    ]
                ]
            }
        },
        {
            "id": "219",
            "type": "Feature",
            "properties":
            {
                "admin_level": "6",
                "index_right": 392.0,
                "lanes": 1,
                "lanes_length": 458.13890684246167,
                "length": 458.13890684246167,
                "name": "Пермский городской округ",
                "place": null,
                "population": 1049199.0,
                "short_name": "Пермь",
                "type": null
            },
            "geometry":
            {
                "type": "LineString",
                "coordinates":
                [
                    [
                        56.2433588,
                        58.0062732
                    ],
                    [
                        56.2469423,
                        58.0026406
                    ]
                ]
            }
        },
        {
            "id": "297",
            "type": "Feature",
            "properties":
            {
                "admin_level": "6",
                "index_right": 392.0,
                "lanes": 1,
                "lanes_length": 395.00996644338636,
                "length": 395.00996644338636,
                "name": "Пермский городской округ",
                "place": null,
                "population": 1049199.0,
                "short_name": "Пермь",
                "type": null
            },
            "geometry":
            {
                "type": "LineString",
                "coordinates":
                [
                    [
                        56.2301731,
                        58.0038231
                    ],
                    [
                        56.2237787,
                        58.0027429
                    ]
                ]
            }
        },
        {
            "id": "443",
            "type": "Feature",
            "properties":
            {
                "admin_level": "6",
                "index_right": 392.0,
                "lanes": 1,
                "lanes_length": 247.69913417437385,
                "length": 247.69913417437385,
                "name": "Пермский городской округ",
                "place": null,
                "population": 1049199.0,
                "short_name": "Пермь",
                "type": null
            },
            "geometry":
            {
                "type": "LineString",
                "coordinates":
                [
                    [
                        56.1014171,
                        57.9504866
                    ],
                    [
                        56.1053278,
                        57.9513007
                    ]
                ]
            }
        },
        {
            "id": "444",
            "type": "Feature",
            "properties":
            {
                "admin_level": "6",
                "index_right": 392.0,
                "lanes": 1,
                "lanes_length": 299.19290556876837,
                "length": 299.19290556876837,
                "name": "Пермский городской округ",
                "place": null,
                "population": 1049199.0,
                "short_name": "Пермь",
                "type": null
            },
            "geometry":
            {
                "type": "LineString",
                "coordinates":
                [
                    [
                        56.0426251,
                        57.9375949
                    ],
                    [
                        56.0473457,
                        57.9385801
                    ]
                ]
            }
        },
        {
            "id": "445",
            "type": "Feature",
            "properties":
            {
                "admin_level": "6",
                "index_right": 392.0,
                "lanes": 1,
                "lanes_length": 1105.7925695312974,
                "length": 1105.7925695312974,
                "name": "Пермский городской округ",
                "place": null,
                "population": 1049199.0,
                "short_name": "Пермь",
                "type": null
            },
            "geometry":
            {
                "type": "LineString",
                "coordinates":
                [
                    [
                        56.2262726,
                        57.9850206
                    ],
                    [
                        56.227839,
                        57.9849751
                    ],
                    [
                        56.2359032,
                        57.9858797
                    ],
                    [
                        56.2384996,
                        57.9857773
                    ],
                    [
                        56.2435851,
                        57.9852029
                    ],
                    [
                        56.2447545,
                        57.985146
                    ]
                ]
            }
        },
        {
            "id": "446",
            "type": "Feature",
            "properties":
            {
                "admin_level": "6",
                "index_right": 392.0,
                "lanes": 1,
                "lanes_length": 364.5753406295361,
                "length": 364.5753406295361,
                "name": "Пермский городской округ",
                "place": null,
                "population": 1049199.0,
                "short_name": "Пермь",
                "type": null
            },
            "geometry":
            {
                "type": "LineString",
                "coordinates":
                [
                    [
                        56.2262891,
                        58.0108722
                    ],
                    [
                        56.2243472,
                        58.013964
                    ]
                ]
            }
        },
        {
            "id": "447",
            "type": "Feature",
            "properties":
            {
                "admin_level": "6",
                "index_right": 392.0,
                "lanes": 1,
                "lanes_length": 59.84094332245261,
                "length": 59.84094332245261,
                "name": "Пермский городской округ",
                "place": null,
                "population": 1049199.0,
                "short_name": "Пермь",
                "type": null
            },
            "geometry":
            {
                "type": "LineString",
                "coordinates":
                [
                    [
                        56.2472347,
                        58.0027656
                    ],
                    [
                        56.2468002,
                        58.0032488
                    ]
                ]
            }
        },
        {
            "id": "448",
            "type": "Feature",
            "properties":
            {
                "admin_level": "6",
                "index_right": 392.0,
                "lanes": 1,
                "lanes_length": 47.83289806072389,
                "length": 47.83289806072389,
                "name": "Пермский городской округ",
                "place": null,
                "population": 1049199.0,
                "short_name": "Пермь",
                "type": null
            },
            "geometry":
            {
                "type": "LineString",
                "coordinates":
                [
                    [
                        56.2533353,
                        57.9961365
                    ],
                    [
                        56.2530872,
                        57.9961849
                    ],
                    [
                        56.2527935,
                        57.9961757
                    ],
                    [
                        56.2525681,
                        57.9961138
                    ]
                ]
            }
        },
        {
            "id": "451",
            "type": "Feature",
            "properties":
            {
                "admin_level": "6",
                "index_right": 392.0,
                "lanes": 1,
                "lanes_length": 197.27950795703362,
                "length": 197.27950795703362,
                "name": "Пермский городской округ",
                "place": null,
                "population": 1049199.0,
                "short_name": "Пермь",
                "type": null
            },
            "geometry":
            {
                "type": "LineString",
                "coordinates":
                [
                    [
                        56.1981289,
                        57.975671
                    ],
                    [
                        56.1970345,
                        57.975368
                    ],
                    [
                        56.1966161,
                        57.9753623
                    ],
                    [
                        56.1954601,
                        57.9755359
                    ],
                    [
                        56.195149,
                        57.9755444
                    ],
                    [
                        56.194988,
                        57.9754989
                    ]
                ]
            }
        },
        {
            "id": "492",
            "type": "Feature",
            "properties":
            {
                "admin_level": "6",
                "index_right": 392.0,
                "lanes": 1,
                "lanes_length": 1677.9771728722567,
                "length": 1677.9771728722567,
                "name": "Пермский городской округ",
                "place": null,
                "population": 1049199.0,
                "short_name": "Пермь",
                "type": null
            },
            "geometry":
            {
                "type": "LineString",
                "coordinates":
                [
                    [
                        56.2475188,
                        57.9856856
                    ],
                    [
                        56.2438281,
                        57.9855719
                    ],
                    [
                        56.2359317,
                        57.9863226
                    ],
                    [
                        56.227649,
                        57.9853671
                    ],
                    [
                        56.2194951,
                        57.9862316
                    ]
                ]
            }
        },
        {
            "id": "560",
            "type": "Feature",
            "properties":
            {
                "admin_level": "6",
                "index_right": 392.0,
                "lanes": 1,
                "lanes_length": 34.36200539393038,
                "length": 34.36200539393038,
                "name": "Пермский городской округ",
                "place": null,
                "population": 1049199.0,
                "short_name": "Пермь",
                "type": null
            },
            "geometry":
            {
                "type": "LineString",
                "coordinates":
                [
                    [
                        56.1967548,
                        58.0040496
                    ],
                    [
                        56.1961754,
                        58.0040098
                    ]
                ]
            }
        },
        {
            "id": "44",
            "type": "Feature",
            "properties":
            {
                "admin_level": "6",
                "index_right": 294.0,
                "lanes": 2,
                "lanes_length": 2017.0101840781965,
                "length": 1008.5050920390983,
                "name": "городской округ Самара",
                "place": null,
                "population": 1144759.0,
                "short_name": "Самара",
                "type": null
            },
            "geometry":
            {
                "type": "LineString",
                "coordinates":
                [
                    [
                        50.2671289,
                        53.215953
                    ],
                    [
                        50.2758837,
                        53.2085771
                    ]
                ]
            }
        },
        {
            "id": "220",
            "type": "Feature",
            "properties":
            {
                "admin_level": "6",
                "index_right": 294.0,
                "lanes": 1,
                "lanes_length": 147.88729095728402,
                "length": 147.88729095728402,
                "name": "городской округ Самара",
                "place": null,
                "population": 1144759.0,
                "short_name": "Самара",
                "type": null
            },
            "geometry":
            {
                "type": "LineString",
                "coordinates":
                [
                    [
                        50.1236523,
                        53.1949657
                    ],
                    [
                        50.1228127,
                        53.193738
                    ]
                ]
            }
        },
        {
            "id": "379",
            "type": "Feature",
            "properties":
            {
                "admin_level": "6",
                "index_right": 294.0,
                "lanes": 1,
                "lanes_length": 561.3909688321828,
                "length": 561.3909688321828,
                "name": "городской округ Самара",
                "place": null,
                "population": 1144759.0,
                "short_name": "Самара",
                "type": null
            },
            "geometry":
            {
                "type": "LineString",
                "coordinates":
                [
                    [
                        50.2238688,
                        53.251427
                    ],
                    [
                        50.229877,
                        53.2549574
                    ]
                ]
            }
        },
        {
            "id": "380",
            "type": "Feature",
            "properties":
            {
                "admin_level": "6",
                "index_right": 294.0,
                "lanes": 1,
                "lanes_length": 247.83000838833584,
                "length": 247.83000838833584,
                "name": "городской округ Самара",
                "place": null,
                "population": 1144759.0,
                "short_name": "Самара",
                "type": null
            },
            "geometry":
            {
                "type": "LineString",
                "coordinates":
                [
                    [
                        50.2314756,
                        53.255933
                    ],
                    [
                        50.2340612,
                        53.2575312
                    ]
                ]
            }
        },
        {
            "id": "381",
            "type": "Feature",
            "properties":
            {
                "admin_level": "6",
                "index_right": 294.0,
                "lanes": 1,
                "lanes_length": 277.1226254980993,
                "length": 277.1226254980993,
                "name": "городской округ Самара",
                "place": null,
                "population": 1144759.0,
                "short_name": "Самара",
                "type": null
            },
            "geometry":
            {
                "type": "LineString",
                "coordinates":
                [
                    [
                        50.2349946,
                        53.2580895
                    ],
                    [
                        50.2379129,
                        53.2598609
                    ]
                ]
            }
        },
        {
            "id": "382",
            "type": "Feature",
            "properties":
            {
                "admin_level": "6",
                "index_right": 294.0,
                "lanes": 1,
                "lanes_length": 493.3576714683427,
                "length": 493.3576714683427,
                "name": "городской округ Самара",
                "place": null,
                "population": 1144759.0,
                "short_name": "Самара",
                "type": null
            },
            "geometry":
            {
                "type": "LineString",
                "coordinates":
                [
                    [
                        50.2656507,
                        53.2747307
                    ],
                    [
                        50.2683006,
                        53.2761678
                    ],
                    [
                        50.2713799,
                        53.2775278
                    ]
                ]
            }
        },
        {
            "id": "383",
            "type": "Feature",
            "properties":
            {
                "admin_level": "6",
                "index_right": 294.0,
                "lanes": 1,
                "lanes_length": 188.4781647980675,
                "length": 188.4781647980675,
                "name": "городской округ Самара",
                "place": null,
                "population": 1144759.0,
                "short_name": "Самара",
                "type": null
            },
            "geometry":
            {
                "type": "LineString",
                "coordinates":
                [
                    [
                        50.2732789,
                        53.2784324
                    ],
                    [
                        50.2757036,
                        53.2793048
                    ]
                ]
            }
        },
        {
            "id": "384",
            "type": "Feature",
            "properties":
            {
                "admin_level": "6",
                "index_right": 294.0,
                "lanes": 1,
                "lanes_length": 289.93640110083777,
                "length": 289.93640110083777,
                "name": "городской округ Самара",
                "place": null,
                "population": 1144759.0,
                "short_name": "Самара",
                "type": null
            },
            "geometry":
            {
                "type": "LineString",
                "coordinates":
                [
                    [
                        50.2879479,
                        53.3016801
                    ],
                    [
                        50.287111,
                        53.2991282
                    ]
                ]
            }
        },
        {
            "id": "385",
            "type": "Feature",
            "properties":
            {
                "admin_level": "6",
                "index_right": 294.0,
                "lanes": 1,
                "lanes_length": 2908.2353880804776,
                "length": 2908.2353880804776,
                "name": "городской округ Самара",
                "place": null,
                "population": 1144759.0,
                "short_name": "Самара",
                "type": null
            },
            "geometry":
            {
                "type": "LineString",
                "coordinates":
                [
                    [
                        50.286478,
                        53.2971084
                    ],
                    [
                        50.2835323,
                        53.2878827
                    ],
                    [
                        50.2828753,
                        53.2858738
                    ],
                    [
                        50.2813668,
                        53.2837405
                    ],
                    [
                        50.2778357,
                        53.281023
                    ],
                    [
                        50.2696118,
                        53.2777011
                    ],
                    [
                        50.2659377,
                        53.2757133
                    ]
                ]
            }
        },
        {
            "id": "386",
            "type": "Feature",
            "properties":
            {
                "admin_level": "6",
                "index_right": 294.0,
                "lanes": 1,
                "lanes_length": 1532.9224300248316,
                "length": 1532.9224300248316,
                "name": "городской округ Самара",
                "place": null,
                "population": 1144759.0,
                "short_name": "Самара",
                "type": null
            },
            "geometry":
            {
                "type": "LineString",
                "coordinates":
                [
                    [
                        50.2636895,
                        53.274535
                    ],
                    [
                        50.2465662,
                        53.2653468
                    ]
                ]
            }
        },
        {
            "id": "387",
            "type": "Feature",
            "properties":
            {
                "admin_level": "6",
                "index_right": 294.0,
                "lanes": 1,
                "lanes_length": 316.07359532674917,
                "length": 316.07359532674917,
                "name": "городской округ Самара",
                "place": null,
                "population": 1144759.0,
                "short_name": "Самара",
                "type": null
            },
            "geometry":
            {
                "type": "LineString",
                "coordinates":
                [
                    [
                        50.2436219,
                        53.2637397
                    ],
                    [
                        50.2400706,
                        53.2618594
                    ]
                ]
            }
        },
        {
            "id": "388",
            "type": "Feature",
            "properties":
            {
                "admin_level": "6",
                "index_right": 294.0,
                "lanes": 1,
                "lanes_length": 242.48034704193995,
                "length": 242.48034704193995,
                "name": "городской округ Самара",
                "place": null,
                "population": 1144759.0,
                "short_name": "Самара",
                "type": null
            },
            "geometry":
            {
                "type": "LineString",
                "coordinates":
                [
                    [
                        50.2371811,
                        53.2602537
                    ],
                    [
                        50.2346384,
                        53.2586974
                    ]
                ]
            }
        },
        {
            "id": "389",
            "type": "Feature",
            "properties":
            {
                "admin_level": "6",
                "index_right": 294.0,
                "lanes": 1,
                "lanes_length": 196.72400064291193,
                "length": 196.72400064291193,
                "name": "городской округ Самара",
                "place": null,
                "population": 1144759.0,
                "short_name": "Самара",
                "type": null
            },
            "geometry":
            {
                "type": "LineString",
                "coordinates":
                [
                    [
                        50.229277,
                        53.2554375
                    ],
                    [
                        50.2271956,
                        53.2541859
                    ]
                ]
            }
        },
        {
            "id": "390",
            "type": "Feature",
            "properties":
            {
                "admin_level": "6",
                "index_right": 294.0,
                "lanes": 1,
                "lanes_length": 139.5930097034856,
                "length": 139.5930097034856,
                "name": "городской округ Самара",
                "place": null,
                "population": 1144759.0,
                "short_name": "Самара",
                "type": null
            },
            "geometry":
            {
                "type": "LineString",
                "coordinates":
                [
                    [
                        50.2251464,
                        53.2529471
                    ],
                    [
                        50.223655,
                        53.2520677
                    ]
                ]
            }
        },
        {
            "id": "45",
            "type": "Feature",
            "properties":
            {
                "admin_level": "6",
                "index_right": 91.0,
                "lanes": 2,
                "lanes_length": 3658.733727110169,
                "length": 1829.3668635550846,
                "name": "городской округ Краснодар",
                "place": null,
                "population": 948827.0,
                "short_name": "Краснодар",
                "type": null
            },
            "geometry":
            {
                "type": "LineString",
                "coordinates":
                [
                    [
                        38.9703727,
                        45.0378232
                    ],
                    [
                        38.9648151,
                        45.0216119
                    ]
                ]
            }
        },
        {
            "id": "46",
            "type": "Feature",
            "properties":
            {
                "admin_level": "6",
                "index_right": 91.0,
                "lanes": 2,
                "lanes_length": 3203.792743716285,
                "length": 1601.8963718581424,
                "name": "городской округ Краснодар",
                "place": null,
                "population": 948827.0,
                "short_name": "Краснодар",
                "type": null
            },
            "geometry":
            {
                "type": "LineString",
                "coordinates":
                [
                    [
                        38.9648151,
                        45.0216119
                    ],
                    [
                        38.9807367,
                        45.0189727
                    ],
                    [
                        38.9844275,
                        45.0190334
                    ]
                ]
            }
        },
        {
            "id": "131",
            "type": "Feature",
            "properties":
            {
                "admin_level": "6",
                "index_right": 91.0,
                "lanes": 2,
                "lanes_length": 2391.2945389745555,
                "length": 1195.6472694872778,
                "name": "городской округ Краснодар",
                "place": null,
                "population": 948827.0,
                "short_name": "Краснодар",
                "type": null
            },
            "geometry":
            {
                "type": "LineString",
                "coordinates":
                [
                    [
                        38.9566672,
                        45.0431413
                    ],
                    [
                        38.9712531,
                        45.0407533
                    ]
                ]
            }
        },
        {
            "id": "132",
            "type": "Feature",
            "properties":
            {
                "admin_level": "6",
                "index_right": 91.0,
                "lanes": 2,
                "lanes_length": 1355.7451255896462,
                "length": 677.8725627948231,
                "name": "городской округ Краснодар",
                "place": null,
                "population": 948827.0,
                "short_name": "Краснодар",
                "type": null
            },
            "geometry":
            {
                "type": "LineString",
                "coordinates":
                [
                    [
                        39.0963829,
                        45.0391197
                    ],
                    [
                        39.0976917,
                        45.0330013
                    ]
                ]
            }
        },
        {
            "id": "133",
            "type": "Feature",
            "properties":
            {
                "admin_level": "6",
                "index_right": 91.0,
                "lanes": 2,
                "lanes_length": 3272.1601967703423,
                "length": 1636.0800983851711,
                "name": "городской округ Краснодар",
                "place": null,
                "population": 948827.0,
                "short_name": "Краснодар",
                "type": null
            },
            "geometry":
            {
                "type": "LineString",
                "coordinates":
                [
                    [
                        38.905356,
                        45.0251002
                    ],
                    [
                        38.906579,
                        45.0276784
                    ],
                    [
                        38.908639,
                        45.0291949
                    ],
                    [
                        38.9207732,
                        45.0339869
                    ]
                ]
            }
        },
        {
            "id": "221",
            "type": "Feature",
            "properties":
            {
                "admin_level": "6",
                "index_right": 91.0,
                "lanes": 1,
                "lanes_length": 256.94084191584864,
                "length": 256.94084191584864,
                "name": "городской округ Краснодар",
                "place": null,
                "population": 948827.0,
                "short_name": "Краснодар",
                "type": null
            },
            "geometry":
            {
                "type": "LineString",
                "coordinates":
                [
                    [
                        38.9710165,
                        45.040416
                    ],
                    [
                        38.9703083,
                        45.0381265
                    ]
                ]
            }
        },
        {
            "id": "222",
            "type": "Feature",
            "properties":
            {
                "admin_level": "6",
                "index_right": 91.0,
                "lanes": 1,
                "lanes_length": 205.20797523686642,
                "length": 205.20797523686642,
                "name": "городской округ Краснодар",
                "place": null,
                "population": 948827.0,
                "short_name": "Краснодар",
                "type": null
            },
            "geometry":
            {
                "type": "LineString",
                "coordinates":
                [
                    [
                        38.9728189,
                        45.0683303
                    ],
                    [
                        38.9728618,
                        45.0668603
                    ],
                    [
                        38.9731032,
                        45.0664966
                    ]
                ]
            }
        },
        {
            "id": "223",
            "type": "Feature",
            "properties":
            {
                "admin_level": "6",
                "index_right": 91.0,
                "lanes": 1,
                "lanes_length": 577.5244424124124,
                "length": 577.5244424124124,
                "name": "городской округ Краснодар",
                "place": null,
                "population": 948827.0,
                "short_name": "Краснодар",
                "type": null
            },
            "geometry":
            {
                "type": "LineString",
                "coordinates":
                [
                    [
                        38.9845669,
                        45.019041
                    ],
                    [
                        38.9872049,
                        45.0187197
                    ],
                    [
                        38.9873437,
                        45.018521
                    ],
                    [
                        38.9876434,
                        45.0185196
                    ],
                    [
                        38.9891203,
                        45.0190924
                    ],
                    [
                        38.9890308,
                        45.0193316
                    ],
                    [
                        38.9887766,
                        45.0193472
                    ],
                    [
                        38.9873135,
                        45.0187566
                    ]
                ]
            }
        },
        {
            "id": "224",
            "type": "Feature",
            "properties":
            {
                "admin_level": "6",
                "index_right": 91.0,
                "lanes": 1,
                "lanes_length": 153.45160749860767,
                "length": 153.45160749860767,
                "name": "городской округ Краснодар",
                "place": null,
                "population": 948827.0,
                "short_name": "Краснодар",
                "type": null
            },
            "geometry":
            {
                "type": "LineString",
                "coordinates":
                [
                    [
                        38.9313519,
                        45.0470377
                    ],
                    [
                        38.9332348,
                        45.0467686
                    ]
                ]
            }
        },
        {
            "id": "225",
            "type": "Feature",
            "properties":
            {
                "admin_level": "6",
                "index_right": 91.0,
                "lanes": 1,
                "lanes_length": 2501.08142513852,
                "length": 2501.08142513852,
                "name": "городской округ Краснодар",
                "place": null,
                "population": 948827.0,
                "short_name": "Краснодар",
                "type": null
            },
            "geometry":
            {
                "type": "LineString",
                "coordinates":
                [
                    [
                        39.0924025,
                        45.0161059
                    ],
                    [
                        39.0756011,
                        45.012708
                    ],
                    [
                        39.0658916,
                        45.0126475
                    ],
                    [
                        39.064293,
                        45.0132693
                    ],
                    [
                        39.0626836,
                        45.0144677
                    ]
                ]
            }
        },
        {
            "id": "226",
            "type": "Feature",
            "properties":
            {
                "admin_level": "6",
                "index_right": 91.0,
                "lanes": 1,
                "lanes_length": 470.37467725302696,
                "length": 470.37467725302696,
                "name": "городской округ Краснодар",
                "place": null,
                "population": 948827.0,
                "short_name": "Краснодар",
                "type": null
            },
            "geometry":
            {
                "type": "LineString",
                "coordinates":
                [
                    [
                        39.0621472,
                        45.0148697
                    ],
                    [
                        39.0565574,
                        45.0135424
                    ]
                ]
            }
        },
        {
            "id": "227",
            "type": "Feature",
            "properties":
            {
                "admin_level": "6",
                "index_right": 91.0,
                "lanes": 1,
                "lanes_length": 672.1075774895222,
                "length": 672.1075774895222,
                "name": "городской округ Краснодар",
                "place": null,
                "population": 948827.0,
                "short_name": "Краснодар",
                "type": null
            },
            "geometry":
            {
                "type": "LineString",
                "coordinates":
                [
                    [
                        39.1343201,
                        45.0325387
                    ],
                    [
                        39.1359294,
                        45.0328648
                    ],
                    [
                        39.1385472,
                        45.033096
                    ],
                    [
                        39.1387296,
                        45.0334259
                    ],
                    [
                        39.1386116,
                        45.0344039
                    ],
                    [
                        39.1384077,
                        45.034548
                    ],
                    [
                        39.1378284,
                        45.0344873
                    ],
                    [
                        39.1376674,
                        45.0343357
                    ],
                    [
                        39.1377318,
                        45.0335093
                    ]
                ]
            }
        },
        {
            "id": "228",
            "type": "Feature",
            "properties":
            {
                "admin_level": "6",
                "index_right": 91.0,
                "lanes": 1,
                "lanes_length": 154.51936455727832,
                "length": 154.51936455727832,
                "name": "городской округ Краснодар",
                "place": null,
                "population": 948827.0,
                "short_name": "Краснодар",
                "type": null
            },
            "geometry":
            {
                "type": "LineString",
                "coordinates":
                [
                    [
                        38.9996034,
                        45.0198145
                    ],
                    [
                        38.9976776,
                        45.0197122
                    ]
                ]
            }
        },
        {
            "id": "229",
            "type": "Feature",
            "properties":
            {
                "admin_level": "6",
                "index_right": 91.0,
                "lanes": 1,
                "lanes_length": 329.82685404296814,
                "length": 329.82685404296814,
                "name": "городской округ Краснодар",
                "place": null,
                "population": 948827.0,
                "short_name": "Краснодар",
                "type": null
            },
            "geometry":
            {
                "type": "LineString",
                "coordinates":
                [
                    [
                        38.9746642,
                        45.0167316
                    ],
                    [
                        38.9756191,
                        45.0196629
                    ]
                ]
            }
        },
        {
            "id": "300",
            "type": "Feature",
            "properties":
            {
                "admin_level": "6",
                "index_right": 91.0,
                "lanes": 1,
                "lanes_length": 169.66071466144464,
                "length": 169.66071466144464,
                "name": "городской округ Краснодар",
                "place": null,
                "population": 948827.0,
                "short_name": "Краснодар",
                "type": null
            },
            "geometry":
            {
                "type": "LineString",
                "coordinates":
                [
                    [
                        38.9811873,
                        45.1004948
                    ],
                    [
                        38.9819491,
                        45.1019413
                    ]
                ]
            }
        },
        {
            "id": "313",
            "type": "Feature",
            "properties":
            {
                "admin_level": "6",
                "index_right": 91.0,
                "lanes": 1,
                "lanes_length": 211.73633223848256,
                "length": 211.73633223848256,
                "name": "городской округ Краснодар",
                "place": null,
                "population": 948827.0,
                "short_name": "Краснодар",
                "type": null
            },
            "geometry":
            {
                "type": "LineString",
                "coordinates":
                [
                    [
                        39.0275359,
                        45.0393888
                    ],
                    [
                        39.0272355,
                        45.0413106
                    ]
                ]
            }
        },
        {
            "id": "376",
            "type": "Feature",
            "properties":
            {
                "admin_level": "6",
                "index_right": 91.0,
                "lanes": 1,
                "lanes_length": 1517.3845613080425,
                "length": 1517.3845613080425,
                "name": "городской округ Краснодар",
                "place": null,
                "population": 948827.0,
                "short_name": "Краснодар",
                "type": null
            },
            "geometry":
            {
                "type": "LineString",
                "coordinates":
                [
                    [
                        38.9615964,
                        45.0606938
                    ],
                    [
                        38.9617249,
                        45.0636568
                    ],
                    [
                        38.9686448,
                        45.0697
                    ],
                    [
                        38.9727759,
                        45.0698023
                    ]
                ]
            }
        },
        {
            "id": "377",
            "type": "Feature",
            "properties":
            {
                "admin_level": "6",
                "index_right": 91.0,
                "lanes": 1,
                "lanes_length": 1066.3471747364147,
                "length": 1066.3471747364147,
                "name": "городской округ Краснодар",
                "place": null,
                "population": 948827.0,
                "short_name": "Краснодар",
                "type": null
            },
            "geometry":
            {
                "type": "LineString",
                "coordinates":
                [
                    [
                        39.0218496,
                        45.0654584
                    ],
                    [
                        39.0227401,
                        45.0557392
                    ]
                ]
            }
        },
        {
            "id": "47",
            "type": "Feature",
            "properties":
            {
                "admin_level": "6",
                "index_right": 112.0,
                "lanes": 2,
                "lanes_length": 7244.525540468568,
                "length": 3622.262770234284,
                "name": "городской округ Волгоград",
                "place": null,
                "population": 1004763.0,
                "short_name": "Волгоград",
                "type": null
            },
            "geometry":
            {
                "type": "LineString",
                "coordinates":
                [
                    [
                        44.5118594,
                        48.7041318
                    ],
                    [
                        44.5250866,
                        48.7125989
                    ],
                    [
                        44.5371311,
                        48.725619
                    ],
                    [
                        44.5382342,
                        48.7279088
                    ],
                    [
                        44.5400548,
                        48.7304219
                    ]
                ]
            }
        },
        {
            "id": "159",
            "type": "Feature",
            "properties":
            {
                "admin_level": "6",
                "index_right": 112.0,
                "lanes": 2,
                "lanes_length": 9655.03413888337,
                "length": 4827.517069441685,
                "name": "городской округ Волгоград",
                "place": null,
                "population": 1004763.0,
                "short_name": "Волгоград",
                "type": null
            },
            "geometry":
            {
                "type": "LineString",
                "coordinates":
                [
                    [
                        44.5121123,
                        48.714914
                    ],
                    [
                        44.5035293,
                        48.7214828
                    ],
                    [
                        44.4825273,
                        48.753476
                    ]
                ]
            }
        },
        {
            "id": "48",
            "type": "Feature",
            "properties":
            {
                "admin_level": "6",
                "index_right": 241.0,
                "lanes": 2,
                "lanes_length": 756.1962450557984,
                "length": 378.0981225278992,
                "name": "городской округ Череповец",
                "place": null,
                "population": 312091.0,
                "short_name": "Череповец",
                "type": null
            },
            "geometry":
            {
                "type": "LineString",
                "coordinates":
                [
                    [
                        37.9320789,
                        59.129564
                    ],
                    [
                        37.9256201,
                        59.1303457
                    ]
                ]
            }
        },
        {
            "id": "49",
            "type": "Feature",
            "properties":
            {
                "admin_level": "6",
                "index_right": 241.0,
                "lanes": 2,
                "lanes_length": 907.5924841718165,
                "length": 453.79624208590826,
                "name": "городской округ Череповец",
                "place": null,
                "population": 312091.0,
                "short_name": "Череповец",
                "type": null
            },
            "geometry":
            {
                "type": "LineString",
                "coordinates":
                [
                    [
                        37.942121,
                        59.1284299
                    ],
                    [
                        37.9498887,
                        59.1275271
                    ]
                ]
            }
        },
        {
            "id": "50",
            "type": "Feature",
            "properties":
            {
                "admin_level": "6",
                "index_right": 241.0,
                "lanes": 2,
                "lanes_length": 1718.073773820697,
                "length": 859.0368869103485,
                "name": "городской округ Череповец",
                "place": null,
                "population": 312091.0,
                "short_name": "Череповец",
                "type": null
            },
            "geometry":
            {
                "type": "LineString",
                "coordinates":
                [
                    [
                        37.9639864,
                        59.1257763
                    ],
                    [
                        37.9785562,
                        59.1237943
                    ]
                ]
            }
        },
        {
            "id": "51",
            "type": "Feature",
            "properties":
            {
                "admin_level": "6",
                "index_right": 241.0,
                "lanes": 2,
                "lanes_length": 1266.8170388524795,
                "length": 633.4085194262398,
                "name": "городской округ Череповец",
                "place": null,
                "population": 312091.0,
                "short_name": "Череповец",
                "type": null
            },
            "geometry":
            {
                "type": "LineString",
                "coordinates":
                [
                    [
                        37.9817533,
                        59.1233318
                    ],
                    [
                        37.9924822,
                        59.1218451
                    ]
                ]
            }
        },
        {
            "id": "52",
            "type": "Feature",
            "properties":
            {
                "admin_level": "6",
                "index_right": 241.0,
                "lanes": 2,
                "lanes_length": 1285.990290672477,
                "length": 642.9951453362385,
                "name": "городской округ Череповец",
                "place": null,
                "population": 312091.0,
                "short_name": "Череповец",
                "type": null
            },
            "geometry":
            {
                "type": "LineString",
                "coordinates":
                [
                    [
                        37.9957867,
                        59.1213826
                    ],
                    [
                        38.0066657,
                        59.1198518
                    ]
                ]
            }
        },
        {
            "id": "236",
            "type": "Feature",
            "properties":
            {
                "admin_level": "6",
                "index_right": 241.0,
                "lanes": 1,
                "lanes_length": 104.1611063102164,
                "length": 104.1611063102164,
                "name": "городской округ Череповец",
                "place": null,
                "population": 312091.0,
                "short_name": "Череповец",
                "type": null
            },
            "geometry":
            {
                "type": "LineString",
                "coordinates":
                [
                    [
                        37.9251212,
                        59.1401318
                    ],
                    [
                        37.9266232,
                        59.1396008
                    ]
                ]
            }
        },
        {
            "id": "53",
            "type": "Feature",
            "properties":
            {
                "admin_level": "6",
                "index_right": 385.0,
                "lanes": 2,
                "lanes_length": 1196.421776793539,
                "length": 598.2108883967695,
                "name": "городской округ Ижевск",
                "place": null,
                "population": 646468.0,
                "short_name": "Ижевск",
                "type": null
            },
            "geometry":
            {
                "type": "LineString",
                "coordinates":
                [
                    [
                        53.1850505,
                        56.861279
                    ],
                    [
                        53.187604,
                        56.861279
                    ],
                    [
                        53.1902003,
                        56.8606456
                    ],
                    [
                        53.1945992,
                        56.8602585
                    ]
                ]
            }
        },
        {
            "id": "54",
            "type": "Feature",
            "properties":
            {
                "admin_level": "6",
                "index_right": 385.0,
                "lanes": 2,
                "lanes_length": 1589.934223850661,
                "length": 794.9671119253305,
                "name": "городской округ Ижевск",
                "place": null,
                "population": 646468.0,
                "short_name": "Ижевск",
                "type": null
            },
            "geometry":
            {
                "type": "LineString",
                "coordinates":
                [
                    [
                        53.2223225,
                        56.8740745
                    ],
                    [
                        53.2221937,
                        56.8765369
                    ],
                    [
                        53.2226657,
                        56.8779556
                    ],
                    [
                        53.2246399,
                        56.8809689
                    ]
                ]
            }
        },
        {
            "id": "55",
            "type": "Feature",
            "properties":
            {
                "admin_level": "6",
                "index_right": 385.0,
                "lanes": 2,
                "lanes_length": 2081.959187150435,
                "length": 1040.9795935752175,
                "name": "городской округ Ижевск",
                "place": null,
                "population": 646468.0,
                "short_name": "Ижевск",
                "type": null
            },
            "geometry":
            {
                "type": "LineString",
                "coordinates":
                [
                    [
                        53.2216358,
                        56.8621118
                    ],
                    [
                        53.2230949,
                        56.8639417
                    ],
                    [
                        53.2232666,
                        56.865443
                    ],
                    [
                        53.2226658,
                        56.8712367
                    ]
                ]
            }
        },
        {
            "id": "56",
            "type": "Feature",
            "properties":
            {
                "admin_level": "6",
                "index_right": 385.0,
                "lanes": 2,
                "lanes_length": 1705.8131057284188,
                "length": 852.9065528642094,
                "name": "городской округ Ижевск",
                "place": null,
                "population": 646468.0,
                "short_name": "Ижевск",
                "type": null
            },
            "geometry":
            {
                "type": "LineString",
                "coordinates":
                [
                    [
                        53.2229662,
                        56.8547682
                    ],
                    [
                        53.2260132,
                        56.8473292
                    ]
                ]
            }
        },
        {
            "id": "237",
            "type": "Feature",
            "properties":
            {
                "admin_level": "6",
                "index_right": 385.0,
                "lanes": 1,
                "lanes_length": 740.720392088583,
                "length": 740.720392088583,
                "name": "городской округ Ижевск",
                "place": null,
                "population": 646468.0,
                "short_name": "Ижевск",
                "type": null
            },
            "geometry":
            {
                "type": "LineString",
                "coordinates":
                [
                    [
                        53.1856298,
                        56.8319067
                    ],
                    [
                        53.1938696,
                        56.8322824
                    ],
                    [
                        53.1975603,
                        56.8330102
                    ]
                ]
            }
        },
        {
            "id": "238",
            "type": "Feature",
            "properties":
            {
                "admin_level": "6",
                "index_right": 385.0,
                "lanes": 1,
                "lanes_length": 201.2285306675015,
                "length": 201.2285306675015,
                "name": "городской округ Ижевск",
                "place": null,
                "population": 646468.0,
                "short_name": "Ижевск",
                "type": null
            },
            "geometry":
            {
                "type": "LineString",
                "coordinates":
                [
                    [
                        53.2226014,
                        56.8721631
                    ],
                    [
                        53.2223868,
                        56.8739572
                    ]
                ]
            }
        },
        {
            "id": "239",
            "type": "Feature",
            "properties":
            {
                "admin_level": "6",
                "index_right": 385.0,
                "lanes": 1,
                "lanes_length": 682.5952228063932,
                "length": 682.5952228063932,
                "name": "городской округ Ижевск",
                "place": null,
                "population": 646468.0,
                "short_name": "Ижевск",
                "type": null
            },
            "geometry":
            {
                "type": "LineString",
                "coordinates":
                [
                    [
                        53.2209063,
                        56.8611734
                    ],
                    [
                        53.2206917,
                        56.8597892
                    ],
                    [
                        53.2227516,
                        56.855214
                    ]
                ]
            }
        },
        {
            "id": "57",
            "type": "Feature",
            "properties":
            {
                "admin_level": "6",
                "index_right": 300.0,
                "lanes": 2,
                "lanes_length": 8242.594079004164,
                "length": 4121.297039502082,
                "name": "городской округ Чебоксары",
                "place": null,
                "population": 495810.0,
                "short_name": "Чебоксары",
                "type": null
            },
            "geometry":
            {
                "type": "LineString",
                "coordinates":
                [
                    [
                        47.2666167,
                        56.0952388
                    ],
                    [
                        47.284126,
                        56.097657
                    ],
                    [
                        47.295284,
                        56.099476
                    ],
                    [
                        47.324982,
                        56.1068
                    ],
                    [
                        47.3274707,
                        56.1087738
                    ]
                ]
            }
        },
        {
            "id": "136",
            "type": "Feature",
            "properties":
            {
                "admin_level": "6",
                "index_right": 300.0,
                "lanes": 2,
                "lanes_length": 3581.49834496786,
                "length": 1790.74917248393,
                "name": "городской округ Чебоксары",
                "place": null,
                "population": 495810.0,
                "short_name": "Чебоксары",
                "type": null
            },
            "geometry":
            {
                "type": "LineString",
                "coordinates":
                [
                    [
                        47.2706959,
                        56.0790964
                    ],
                    [
                        47.2675202,
                        56.0814194
                    ],
                    [
                        47.2670911,
                        56.0831196
                    ],
                    [
                        47.2678206,
                        56.0865677
                    ],
                    [
                        47.2655461,
                        56.0943727
                    ]
                ]
            }
        },
        {
            "id": "160",
            "type": "Feature",
            "properties":
            {
                "admin_level": "6",
                "index_right": 300.0,
                "lanes": 2,
                "lanes_length": 6273.227217195512,
                "length": 3136.613608597756,
                "name": "городской округ Чебоксары",
                "place": null,
                "population": 495810.0,
                "short_name": "Чебоксары",
                "type": null
            },
            "geometry":
            {
                "type": "LineString",
                "coordinates":
                [
                    [
                        47.2631514,
                        56.1057169
                    ],
                    [
                        47.2883857,
                        56.1300304
                    ]
                ]
            }
        },
        {
            "id": "162",
            "type": "Feature",
            "properties":
            {
                "admin_level": "6",
                "index_right": 300.0,
                "lanes": 2,
                "lanes_length": 1955.2032416639022,
                "length": 977.6016208319511,
                "name": "городской округ Чебоксары",
                "place": null,
                "population": 495810.0,
                "short_name": "Чебоксары",
                "type": null
            },
            "geometry":
            {
                "type": "LineString",
                "coordinates":
                [
                    [
                        47.2622127,
                        56.1042884
                    ],
                    [
                        47.265088,
                        56.0956954
                    ]
                ]
            }
        },
        {
            "id": "337",
            "type": "Feature",
            "properties":
            {
                "admin_level": "6",
                "index_right": 300.0,
                "lanes": 1,
                "lanes_length": 87.32633951957558,
                "length": 87.32633951957558,
                "name": "городской округ Чебоксары",
                "place": null,
                "population": 495810.0,
                "short_name": "Чебоксары",
                "type": null
            },
            "geometry":
            {
                "type": "LineString",
                "coordinates":
                [
                    [
                        47.2501802,
                        56.1225376
                    ],
                    [
                        47.251457,
                        56.1228695
                    ]
                ]
            }
        },
        {
            "id": "58",
            "type": "Feature",
            "properties":
            {
                "admin_level": "6",
                "index_right": 496.0,
                "lanes": 2,
                "lanes_length": 368.3485987351695,
                "length": 184.17429936758475,
                "name": "городской округ Новосибирск",
                "place": null,
                "population": 1620162.0,
                "short_name": "Новосибирск",
                "type": null
            },
            "geometry":
            {
                "type": "LineString",
                "coordinates":
                [
                    [
                        82.897532,
                        55.0366059
                    ],
                    [
                        82.8988624,
                        55.0351426
                    ]
                ]
            }
        },
        {
            "id": "59",
            "type": "Feature",
            "properties":
            {
                "admin_level": "6",
                "index_right": 496.0,
                "lanes": 2,
                "lanes_length": 1213.568810698419,
                "length": 606.7844053492095,
                "name": "городской округ Новосибирск",
                "place": null,
                "population": 1620162.0,
                "short_name": "Новосибирск",
                "type": null
            },
            "geometry":
            {
                "type": "LineString",
                "coordinates":
                [
                    [
                        82.8965878,
                        54.9789067
                    ],
                    [
                        82.889421,
                        54.9824776
                    ]
                ]
            }
        },
        {
            "id": "60",
            "type": "Feature",
            "properties":
            {
                "admin_level": "6",
                "index_right": 496.0,
                "lanes": 2,
                "lanes_length": 6473.06862913388,
                "length": 3236.53431456694,
                "name": "городской округ Новосибирск",
                "place": null,
                "population": 1620162.0,
                "short_name": "Новосибирск",
                "type": null
            },
            "geometry":
            {
                "type": "LineString",
                "coordinates":
                [
                    [
                        82.9231524,
                        55.0198055
                    ],
                    [
                        82.9154491,
                        55.0484333
                    ]
                ]
            }
        },
        {
            "id": "151",
            "type": "Feature",
            "properties":
            {
                "admin_level": "6",
                "index_right": 496.0,
                "lanes": 2,
                "lanes_length": 554.4421412907951,
                "length": 277.22107064539756,
                "name": "городской округ Новосибирск",
                "place": null,
                "population": 1620162.0,
                "short_name": "Новосибирск",
                "type": null
            },
            "geometry":
            {
                "type": "LineString",
                "coordinates":
                [
                    [
                        82.890215,
                        54.9829408
                    ],
                    [
                        82.8945494,
                        54.9831255
                    ]
                ]
            }
        },
        {
            "id": "152",
            "type": "Feature",
            "properties":
            {
                "admin_level": "6",
                "index_right": 496.0,
                "lanes": 2,
                "lanes_length": 2531.928301581697,
                "length": 1265.9641507908484,
                "name": "городской округ Новосибирск",
                "place": null,
                "population": 1620162.0,
                "short_name": "Новосибирск",
                "type": null
            },
            "geometry":
            {
                "type": "LineString",
                "coordinates":
                [
                    [
                        82.8700493,
                        54.9939126
                    ],
                    [
                        82.8717123,
                        54.9826232
                    ]
                ]
            }
        },
        {
            "id": "168",
            "type": "Feature",
            "properties":
            {
                "admin_level": "6",
                "index_right": 496.0,
                "lanes": 2,
                "lanes_length": 1310.0968332550501,
                "length": 655.0484166275251,
                "name": "городской округ Новосибирск",
                "place": null,
                "population": 1620162.0,
                "short_name": "Новосибирск",
                "type": null
            },
            "geometry":
            {
                "type": "LineString",
                "coordinates":
                [
                    [
                        82.900871,
                        55.0347229
                    ],
                    [
                        82.9105269,
                        55.0327061
                    ]
                ]
            }
        },
        {
            "id": "184",
            "type": "Feature",
            "properties":
            {
                "admin_level": "6",
                "index_right": 496.0,
                "lanes": 2,
                "lanes_length": 2676.5616529199756,
                "length": 1338.2808264599878,
                "name": "городской округ Новосибирск",
                "place": null,
                "population": 1620162.0,
                "short_name": "Новосибирск",
                "type": null
            },
            "geometry":
            {
                "type": "LineString",
                "coordinates":
                [
                    [
                        82.9008043,
                        54.9807922
                    ],
                    [
                        82.9157603,
                        54.9723935
                    ]
                ]
            }
        },
        {
            "id": "195",
            "type": "Feature",
            "properties":
            {
                "admin_level": "6",
                "index_right": 496.0,
                "lanes": 2,
                "lanes_length": 2491.9392543692097,
                "length": 1245.9696271846049,
                "name": "городской округ Новосибирск",
                "place": null,
                "population": 1620162.0,
                "short_name": "Новосибирск",
                "type": null
            },
            "geometry":
            {
                "type": "LineString",
                "coordinates":
                [
                    [
                        82.9091907,
                        55.0711857
                    ],
                    [
                        82.9122806,
                        55.0601761
                    ]
                ]
            }
        },
        {
            "id": "196",
            "type": "Feature",
            "properties":
            {
                "admin_level": "6",
                "index_right": 496.0,
                "lanes": 2,
                "lanes_length": 2045.0664275869094,
                "length": 1022.5332137934547,
                "name": "городской округ Новосибирск",
                "place": null,
                "population": 1620162.0,
                "short_name": "Новосибирск",
                "type": null
            },
            "geometry":
            {
                "type": "LineString",
                "coordinates":
                [
                    [
                        82.8884365,
                        54.9829068
                    ],
                    [
                        82.872472,
                        54.9820695
                    ]
                ]
            }
        },
        {
            "id": "197",
            "type": "Feature",
            "properties":
            {
                "admin_level": "6",
                "index_right": 496.0,
                "lanes": 2,
                "lanes_length": 1161.389756806962,
                "length": 580.694878403481,
                "name": "городской округ Новосибирск",
                "place": null,
                "population": 1620162.0,
                "short_name": "Новосибирск",
                "type": null
            },
            "geometry":
            {
                "type": "LineString",
                "coordinates":
                [
                    [
                        82.903978,
                        55.0456474
                    ],
                    [
                        82.9086128,
                        55.0411723
                    ]
                ]
            }
        },
        {
            "id": "198",
            "type": "Feature",
            "properties":
            {
                "admin_level": "6",
                "index_right": 496.0,
                "lanes": 2,
                "lanes_length": 731.5365008038137,
                "length": 365.76825040190687,
                "name": "городской округ Новосибирск",
                "place": null,
                "population": 1620162.0,
                "short_name": "Новосибирск",
                "type": null
            },
            "geometry":
            {
                "type": "LineString",
                "coordinates":
                [
                    [
                        82.8718037,
                        54.9816645
                    ],
                    [
                        82.8722543,
                        54.9784013
                    ]
                ]
            }
        },
        {
            "id": "199",
            "type": "Feature",
            "properties":
            {
                "admin_level": "6",
                "index_right": 496.0,
                "lanes": 2,
                "lanes_length": 2599.458498359115,
                "length": 1299.7292491795574,
                "name": "городской округ Новосибирск",
                "place": null,
                "population": 1620162.0,
                "short_name": "Новосибирск",
                "type": null
            },
            "geometry":
            {
                "type": "LineString",
                "coordinates":
                [
                    [
                        83.0020163,
                        55.0360029
                    ],
                    [
                        83.0215964,
                        55.0392798
                    ]
                ]
            }
        },
        {
            "id": "243",
            "type": "Feature",
            "properties":
            {
                "admin_level": "6",
                "index_right": 496.0,
                "lanes": 1,
                "lanes_length": 739.2842077772182,
                "length": 739.2842077772182,
                "name": "городской округ Новосибирск",
                "place": null,
                "population": 1620162.0,
                "short_name": "Новосибирск",
                "type": null
            },
            "geometry":
            {
                "type": "LineString",
                "coordinates":
                [
                    [
                        82.9454255,
                        55.0161518
                    ],
                    [
                        82.9386663,
                        55.0107752
                    ]
                ]
            }
        },
        {
            "id": "412",
            "type": "Feature",
            "properties":
            {
                "admin_level": "6",
                "index_right": 496.0,
                "lanes": 1,
                "lanes_length": 405.19996017429736,
                "length": 405.19996017429736,
                "name": "городской округ Новосибирск",
                "place": null,
                "population": 1620162.0,
                "short_name": "Новосибирск",
                "type": null
            },
            "geometry":
            {
                "type": "LineString",
                "coordinates":
                [
                    [
                        82.8580201,
                        54.9938892
                    ],
                    [
                        82.8643501,
                        54.9942093
                    ]
                ]
            }
        },
        {
            "id": "413",
            "type": "Feature",
            "properties":
            {
                "admin_level": "6",
                "index_right": 496.0,
                "lanes": 1,
                "lanes_length": 1215.5111273504322,
                "length": 1215.5111273504322,
                "name": "городской округ Новосибирск",
                "place": null,
                "population": 1620162.0,
                "short_name": "Новосибирск",
                "type": null
            },
            "geometry":
            {
                "type": "LineString",
                "coordinates":
                [
                    [
                        82.940467,
                        55.0184951
                    ],
                    [
                        82.9345775,
                        55.0210539
                    ],
                    [
                        82.9303663,
                        55.0235386
                    ],
                    [
                        82.9258114,
                        55.0254082
                    ]
                ]
            }
        },
        {
            "id": "414",
            "type": "Feature",
            "properties":
            {
                "admin_level": "6",
                "index_right": 496.0,
                "lanes": 1,
                "lanes_length": 250.47727343843368,
                "length": 250.47727343843368,
                "name": "городской округ Новосибирск",
                "place": null,
                "population": 1620162.0,
                "short_name": "Новосибирск",
                "type": null
            },
            "geometry":
            {
                "type": "LineString",
                "coordinates":
                [
                    [
                        82.9240551,
                        55.0175968
                    ],
                    [
                        82.9235187,
                        55.0198173
                    ]
                ]
            }
        },
        {
            "id": "415",
            "type": "Feature",
            "properties":
            {
                "admin_level": "6",
                "index_right": 496.0,
                "lanes": 1,
                "lanes_length": 800.1680331146882,
                "length": 800.1680331146882,
                "name": "городской округ Новосибирск",
                "place": null,
                "population": 1620162.0,
                "short_name": "Новосибирск",
                "type": null
            },
            "geometry":
            {
                "type": "LineString",
                "coordinates":
                [
                    [
                        82.895525,
                        55.0523876
                    ],
                    [
                        82.9027991,
                        55.0465487
                    ]
                ]
            }
        },
        {
            "id": "449",
            "type": "Feature",
            "properties":
            {
                "admin_level": "6",
                "index_right": 496.0,
                "lanes": 1,
                "lanes_length": 299.6704979325383,
                "length": 299.6704979325383,
                "name": "городской округ Новосибирск",
                "place": null,
                "population": 1620162.0,
                "short_name": "Новосибирск",
                "type": null
            },
            "geometry":
            {
                "type": "LineString",
                "coordinates":
                [
                    [
                        82.9113369,
                        55.0324694
                    ],
                    [
                        82.9156982,
                        55.0314641
                    ]
                ]
            }
        },
        {
            "id": "511",
            "type": "Feature",
            "properties":
            {
                "admin_level": "6",
                "index_right": 496.0,
                "lanes": 1,
                "lanes_length": 303.8849568991461,
                "length": 303.8849568991461,
                "name": "городской округ Новосибирск",
                "place": null,
                "population": 1620162.0,
                "short_name": "Новосибирск",
                "type": null
            },
            "geometry":
            {
                "type": "LineString",
                "coordinates":
                [
                    [
                        82.9139218,
                        55.0536552
                    ],
                    [
                        82.9145977,
                        55.0509633
                    ]
                ]
            }
        },
        {
            "id": "512",
            "type": "Feature",
            "properties":
            {
                "admin_level": "6",
                "index_right": 496.0,
                "lanes": 1,
                "lanes_length": 87.7207008744675,
                "length": 87.7207008744675,
                "name": "городской округ Новосибирск",
                "place": null,
                "population": 1620162.0,
                "short_name": "Новосибирск",
                "type": null
            },
            "geometry":
            {
                "type": "LineString",
                "coordinates":
                [
                    [
                        82.9151663,
                        55.0505331
                    ],
                    [
                        82.914941,
                        55.0513075
                    ]
                ]
            }
        },
        {
            "id": "513",
            "type": "Feature",
            "properties":
            {
                "admin_level": "6",
                "index_right": 496.0,
                "lanes": 1,
                "lanes_length": 539.1266405672802,
                "length": 539.1266405672802,
                "name": "городской округ Новосибирск",
                "place": null,
                "population": 1620162.0,
                "short_name": "Новосибирск",
                "type": null
            },
            "geometry":
            {
                "type": "LineString",
                "coordinates":
                [
                    [
                        82.9123879,
                        55.0586891
                    ],
                    [
                        82.9138041,
                        55.0539327
                    ]
                ]
            }
        },
        {
            "id": "514",
            "type": "Feature",
            "properties":
            {
                "admin_level": "6",
                "index_right": 496.0,
                "lanes": 1,
                "lanes_length": 60.86983986268844,
                "length": 60.86983986268844,
                "name": "городской округ Новосибирск",
                "place": null,
                "population": 1620162.0,
                "short_name": "Новосибирск",
                "type": null
            },
            "geometry":
            {
                "type": "LineString",
                "coordinates":
                [
                    [
                        82.9154908,
                        55.0316357
                    ],
                    [
                        82.9145977,
                        55.0318294
                    ]
                ]
            }
        },
        {
            "id": "515",
            "type": "Feature",
            "properties":
            {
                "admin_level": "6",
                "index_right": 496.0,
                "lanes": 1,
                "lanes_length": 362.88072909962193,
                "length": 362.88072909962193,
                "name": "городской округ Новосибирск",
                "place": null,
                "population": 1620162.0,
                "short_name": "Новосибирск",
                "type": null
            },
            "geometry":
            {
                "type": "LineString",
                "coordinates":
                [
                    [
                        82.8999753,
                        55.0494174
                    ],
                    [
                        82.9031939,
                        55.0467376
                    ]
                ]
            }
        },
        {
            "id": "516",
            "type": "Feature",
            "properties":
            {
                "admin_level": "6",
                "index_right": 496.0,
                "lanes": 1,
                "lanes_length": 313.6917589503117,
                "length": 313.6917589503117,
                "name": "городской округ Новосибирск",
                "place": null,
                "population": 1620162.0,
                "short_name": "Новосибирск",
                "type": null
            },
            "geometry":
            {
                "type": "LineString",
                "coordinates":
                [
                    [
                        82.9093424,
                        55.040158
                    ],
                    [
                        82.9119388,
                        55.0377726
                    ]
                ]
            }
        },
        {
            "id": "517",
            "type": "Feature",
            "properties":
            {
                "admin_level": "6",
                "index_right": 496.0,
                "lanes": 1,
                "lanes_length": 976.155471825408,
                "length": 976.155471825408,
                "name": "городской округ Новосибирск",
                "place": null,
                "population": 1620162.0,
                "short_name": "Новосибирск",
                "type": null
            },
            "geometry":
            {
                "type": "LineString",
                "coordinates":
                [
                    [
                        82.892701,
                        55.0656464
                    ],
                    [
                        82.89092,
                        55.0569705
                    ]
                ]
            }
        },
        {
            "id": "518",
            "type": "Feature",
            "properties":
            {
                "admin_level": "6",
                "index_right": 496.0,
                "lanes": 1,
                "lanes_length": 156.28166354505078,
                "length": 156.28166354505078,
                "name": "городской округ Новосибирск",
                "place": null,
                "population": 1620162.0,
                "short_name": "Новосибирск",
                "type": null
            },
            "geometry":
            {
                "type": "LineString",
                "coordinates":
                [
                    [
                        82.903483,
                        55.0318266
                    ],
                    [
                        82.9022384,
                        55.0330318
                    ]
                ]
            }
        },
        {
            "id": "519",
            "type": "Feature",
            "properties":
            {
                "admin_level": "6",
                "index_right": 496.0,
                "lanes": 1,
                "lanes_length": 425.9665644440481,
                "length": 425.9665644440481,
                "name": "городской округ Новосибирск",
                "place": null,
                "population": 1620162.0,
                "short_name": "Новосибирск",
                "type": null
            },
            "geometry":
            {
                "type": "LineString",
                "coordinates":
                [
                    [
                        82.9628884,
                        55.0412155
                    ],
                    [
                        82.969197,
                        55.0399491
                    ]
                ]
            }
        },
        {
            "id": "520",
            "type": "Feature",
            "properties":
            {
                "admin_level": "6",
                "index_right": 496.0,
                "lanes": 1,
                "lanes_length": 175.81432659068855,
                "length": 175.81432659068855,
                "name": "городской округ Новосибирск",
                "place": null,
                "population": 1620162.0,
                "short_name": "Новосибирск",
                "type": null
            },
            "geometry":
            {
                "type": "LineString",
                "coordinates":
                [
                    [
                        83.0223157,
                        55.0393441
                    ],
                    [
                        83.0249691,
                        55.0397782
                    ]
                ]
            }
        },
        {
            "id": "535",
            "type": "Feature",
            "properties":
            {
                "admin_level": "6",
                "index_right": 496.0,
                "lanes": 1,
                "lanes_length": 482.12513954459064,
                "length": 482.12513954459064,
                "name": "городской округ Новосибирск",
                "place": null,
                "population": 1620162.0,
                "short_name": "Новосибирск",
                "type": null
            },
            "geometry":
            {
                "type": "LineString",
                "coordinates":
                [
                    [
                        82.9608417,
                        55.0493346
                    ],
                    [
                        82.9666353,
                        55.0521126
                    ]
                ]
            }
        },
        {
            "id": "61",
            "type": "Feature",
            "properties":
            {
                "admin_level": "6",
                "index_right": 328.0,
                "lanes": 2,
                "lanes_length": 16509.228862834145,
                "length": 8254.614431417072,
                "name": "городской округ Уфа",
                "place": null,
                "population": 1125933.0,
                "short_name": "Уфа",
                "type": null
            },
            "geometry":
            {
                "type": "LineString",
                "coordinates":
                [
                    [
                        55.9849548,
                        54.7401319
                    ],
                    [
                        56.0299301,
                        54.7758409
                    ],
                    [
                        56.0394996,
                        54.7975739
                    ],
                    [
                        56.046989,
                        54.8036037
                    ]
                ]
            }
        },
        {
            "id": "244",
            "type": "Feature",
            "properties":
            {
                "admin_level": "6",
                "index_right": 328.0,
                "lanes": 1,
                "lanes_length": 1395.8512581122225,
                "length": 1395.8512581122225,
                "name": "городской округ Уфа",
                "place": null,
                "population": 1125933.0,
                "short_name": "Уфа",
                "type": null
            },
            "geometry":
            {
                "type": "LineString",
                "coordinates":
                [
                    [
                        55.9456873,
                        54.7237527
                    ],
                    [
                        55.9514809,
                        54.7357962
                    ]
                ]
            }
        },
        {
            "id": "62",
            "type": "Feature",
            "properties":
            {
                "admin_level": "6",
                "index_right": 511.0,
                "lanes": 2,
                "lanes_length": 8217.185489478634,
                "length": 4108.592744739317,
                "name": "Кемеровский городской округ",
                "place": null,
                "population": null,
                "short_name": null,
                "type": null
            },
            "geometry":
            {
                "type": "LineString",
                "coordinates":
                [
                    [
                        86.0974932,
                        55.3446436
                    ],
                    [
                        86.1478329,
                        55.3449608
                    ],
                    [
                        86.1608791,
                        55.3487675
                    ]
                ]
            }
        },
        {
            "id": "245",
            "type": "Feature",
            "properties":
            {
                "admin_level": "6",
                "index_right": 511.0,
                "lanes": 1,
                "lanes_length": 662.7224655149972,
                "length": 662.7224655149972,
                "name": "Кемеровский городской округ",
                "place": null,
                "population": null,
                "short_name": null,
                "type": null
            },
            "geometry":
            {
                "type": "LineString",
                "coordinates":
                [
                    [
                        86.0830736,
                        55.3490847
                    ],
                    [
                        86.0868716,
                        55.354611
                    ]
                ]
            }
        },
        {
            "id": "298",
            "type": "Feature",
            "properties":
            {
                "admin_level": "6",
                "index_right": 511.0,
                "lanes": 1,
                "lanes_length": 416.6694273310914,
                "length": 416.6694273310914,
                "name": "Кемеровский городской округ",
                "place": null,
                "population": null,
                "short_name": null,
                "type": null
            },
            "geometry":
            {
                "type": "LineString",
                "coordinates":
                [
                    [
                        86.1392069,
                        55.437852
                    ],
                    [
                        86.1394215,
                        55.4341269
                    ]
                ]
            }
        },
        {
            "id": "62",
            "type": "Feature",
            "properties":
            {
                "admin_level": "6",
                "index_right": 697.0,
                "lanes": 2,
                "lanes_length": 8217.185489478634,
                "length": 4108.592744739317,
                "name": "Кемерово",
                "place": null,
                "population": 552546.0,
                "short_name": "Кемерово",
                "type": "boundary"
            },
            "geometry":
            {
                "type": "LineString",
                "coordinates":
                [
                    [
                        86.0974932,
                        55.3446436
                    ],
                    [
                        86.1478329,
                        55.3449608
                    ],
                    [
                        86.1608791,
                        55.3487675
                    ]
                ]
            }
        },
        {
            "id": "245",
            "type": "Feature",
            "properties":
            {
                "admin_level": "6",
                "index_right": 697.0,
                "lanes": 1,
                "lanes_length": 662.7224655149972,
                "length": 662.7224655149972,
                "name": "Кемерово",
                "place": null,
                "population": 552546.0,
                "short_name": "Кемерово",
                "type": "boundary"
            },
            "geometry":
            {
                "type": "LineString",
                "coordinates":
                [
                    [
                        86.0830736,
                        55.3490847
                    ],
                    [
                        86.0868716,
                        55.354611
                    ]
                ]
            }
        },
        {
            "id": "298",
            "type": "Feature",
            "properties":
            {
                "admin_level": "6",
                "index_right": 697.0,
                "lanes": 1,
                "lanes_length": 416.6694273310914,
                "length": 416.6694273310914,
                "name": "Кемерово",
                "place": null,
                "population": 552546.0,
                "short_name": "Кемерово",
                "type": "boundary"
            },
            "geometry":
            {
                "type": "LineString",
                "coordinates":
                [
                    [
                        86.1392069,
                        55.437852
                    ],
                    [
                        86.1394215,
                        55.4341269
                    ]
                ]
            }
        },
        {
            "id": "63",
            "type": "Feature",
            "properties":
            {
                "admin_level": "6",
                "index_right": 469.0,
                "lanes": 2,
                "lanes_length": 6446.466807640934,
                "length": 3223.233403820467,
                "name": "городской округ Тюмень",
                "place": null,
                "population": 816700.0,
                "short_name": "Тюмень",
                "type": null
            },
            "geometry":
            {
                "type": "LineString",
                "coordinates":
                [
                    [
                        65.5890656,
                        57.1276452
                    ],
                    [
                        65.5507851,
                        57.1477649
                    ]
                ]
            }
        },
        {
            "id": "64",
            "type": "Feature",
            "properties":
            {
                "admin_level": "6",
                "index_right": 469.0,
                "lanes": 2,
                "lanes_length": 1519.7030459620864,
                "length": 759.8515229810432,
                "name": "городской округ Тюмень",
                "place": null,
                "population": 816700.0,
                "short_name": "Тюмень",
                "type": null
            },
            "geometry":
            {
                "type": "LineString",
                "coordinates":
                [
                    [
                        65.5811047,
                        57.1202255
                    ],
                    [
                        65.573895,
                        57.1146569
                    ]
                ]
            }
        },
        {
            "id": "137",
            "type": "Feature",
            "properties":
            {
                "admin_level": "6",
                "index_right": 469.0,
                "lanes": 2,
                "lanes_length": 5360.242612045323,
                "length": 2680.1213060226614,
                "name": "городской округ Тюмень",
                "place": null,
                "population": 816700.0,
                "short_name": "Тюмень",
                "type": null
            },
            "geometry":
            {
                "type": "LineString",
                "coordinates":
                [
                    [
                        65.5646038,
                        57.1566803
                    ],
                    [
                        65.5673504,
                        57.1600783
                    ],
                    [
                        65.5729723,
                        57.1800875
                    ]
                ]
            }
        },
        {
            "id": "246",
            "type": "Feature",
            "properties":
            {
                "admin_level": "6",
                "index_right": 469.0,
                "lanes": 1,
                "lanes_length": 2485.5521511030797,
                "length": 2485.5521511030797,
                "name": "городской округ Тюмень",
                "place": null,
                "population": 816700.0,
                "short_name": "Тюмень",
                "type": null
            },
            "geometry":
            {
                "type": "LineString",
                "coordinates":
                [
                    [
                        65.5505383,
                        57.1479221
                    ],
                    [
                        65.5206156,
                        57.16322
                    ]
                ]
            }
        },
        {
            "id": "247",
            "type": "Feature",
            "properties":
            {
                "admin_level": "6",
                "index_right": 469.0,
                "lanes": 1,
                "lanes_length": 3950.953702302715,
                "length": 3950.953702302715,
                "name": "городской округ Тюмень",
                "place": null,
                "population": 816700.0,
                "short_name": "Тюмень",
                "type": null
            },
            "geometry":
            {
                "type": "LineString",
                "coordinates":
                [
                    [
                        65.5749035,
                        57.1137365
                    ],
                    [
                        65.6283116,
                        57.0932835
                    ]
                ]
            }
        },
        {
            "id": "301",
            "type": "Feature",
            "properties":
            {
                "admin_level": "6",
                "index_right": 469.0,
                "lanes": 1,
                "lanes_length": 391.85807699994893,
                "length": 391.85807699994893,
                "name": "городской округ Тюмень",
                "place": null,
                "population": 816700.0,
                "short_name": "Тюмень",
                "type": null
            },
            "geometry":
            {
                "type": "LineString",
                "coordinates":
                [
                    [
                        65.5484246,
                        57.1216816
                    ],
                    [
                        65.5521906,
                        57.1245354
                    ]
                ]
            }
        },
        {
            "id": "339",
            "type": "Feature",
            "properties":
            {
                "admin_level": "6",
                "index_right": 469.0,
                "lanes": 1,
                "lanes_length": 475.40411785853763,
                "length": 475.40411785853763,
                "name": "городской округ Тюмень",
                "place": null,
                "population": 816700.0,
                "short_name": "Тюмень",
                "type": null
            },
            "geometry":
            {
                "type": "LineString",
                "coordinates":
                [
                    [
                        65.5423844,
                        57.1499591
                    ],
                    [
                        65.5481243,
                        57.1470432
                    ]
                ]
            }
        },
        {
            "id": "340",
            "type": "Feature",
            "properties":
            {
                "admin_level": "6",
                "index_right": 469.0,
                "lanes": 1,
                "lanes_length": 426.4604104747078,
                "length": 426.4604104747078,
                "name": "городской округ Тюмень",
                "place": null,
                "population": 816700.0,
                "short_name": "Тюмень",
                "type": null
            },
            "geometry":
            {
                "type": "LineString",
                "coordinates":
                [
                    [
                        65.5465579,
                        57.119713
                    ],
                    [
                        65.5476737,
                        57.1201207
                    ],
                    [
                        65.5493903,
                        57.1201557
                    ],
                    [
                        65.5530381,
                        57.1192587
                    ]
                ]
            }
        },
        {
            "id": "341",
            "type": "Feature",
            "properties":
            {
                "admin_level": "6",
                "index_right": 469.0,
                "lanes": 1,
                "lanes_length": 619.3218833124753,
                "length": 619.3218833124753,
                "name": "городской округ Тюмень",
                "place": null,
                "population": 816700.0,
                "short_name": "Тюмень",
                "type": null
            },
            "geometry":
            {
                "type": "LineString",
                "coordinates":
                [
                    [
                        65.542953,
                        57.121472
                    ],
                    [
                        65.5463004,
                        57.1209769
                    ],
                    [
                        65.5467188,
                        57.1207963
                    ],
                    [
                        65.5468047,
                        57.1206274
                    ],
                    [
                        65.5434573,
                        57.1179831
                    ]
                ]
            }
        },
        {
            "id": "65",
            "type": "Feature",
            "properties":
            {
                "admin_level": "6",
                "index_right": 418.0,
                "lanes": 2,
                "lanes_length": 1658.8187027704087,
                "length": 829.4093513852043,
                "name": "городской округ Екатеринбург",
                "place": null,
                "population": 1495066.0,
                "short_name": "Екатеринбург",
                "type": null
            },
            "geometry":
            {
                "type": "LineString",
                "coordinates":
                [
                    [
                        60.633631,
                        56.837717
                    ],
                    [
                        60.635068,
                        56.837917
                    ],
                    [
                        60.636377,
                        56.838586
                    ],
                    [
                        60.646548,
                        56.839701
                    ]
                ]
            }
        },
        {
            "id": "95",
            "type": "Feature",
            "properties":
            {
                "admin_level": "6",
                "index_right": 418.0,
                "lanes": 2,
                "lanes_length": 1413.162254925163,
                "length": 706.5811274625815,
                "name": "городской округ Екатеринбург",
                "place": null,
                "population": 1495066.0,
                "short_name": "Екатеринбург",
                "type": null
            },
            "geometry":
            {
                "type": "LineString",
                "coordinates":
                [
                    [
                        60.6217861,
                        56.8364144
                    ],
                    [
                        60.6332016,
                        56.8376351
                    ]
                ]
            }
        },
        {
            "id": "116",
            "type": "Feature",
            "properties":
            {
                "admin_level": "6",
                "index_right": 418.0,
                "lanes": 2,
                "lanes_length": 1316.804311009875,
                "length": 658.4021555049375,
                "name": "городской округ Екатеринбург",
                "place": null,
                "population": 1495066.0,
                "short_name": "Екатеринбург",
                "type": null
            },
            "geometry":
            {
                "type": "LineString",
                "coordinates":
                [
                    [
                        60.6104779,
                        56.8419778
                    ],
                    [
                        60.6124306,
                        56.8361914
                    ]
                ]
            }
        },
        {
            "id": "134",
            "type": "Feature",
            "properties":
            {
                "admin_level": "6",
                "index_right": 418.0,
                "lanes": 2,
                "lanes_length": 712.2078174190976,
                "length": 356.1039087095488,
                "name": "городской округ Екатеринбург",
                "place": null,
                "population": 1495066.0,
                "short_name": "Екатеринбург",
                "type": null
            },
            "geometry":
            {
                "type": "LineString",
                "coordinates":
                [
                    [
                        60.6486128,
                        56.786655
                    ],
                    [
                        60.6520246,
                        56.7840691
                    ]
                ]
            }
        },
        {
            "id": "164",
            "type": "Feature",
            "properties":
            {
                "admin_level": "6",
                "index_right": 418.0,
                "lanes": 2,
                "lanes_length": 1137.054908048343,
                "length": 568.5274540241714,
                "name": "городской округ Екатеринбург",
                "place": null,
                "population": 1495066.0,
                "short_name": "Екатеринбург",
                "type": null
            },
            "geometry":
            {
                "type": "LineString",
                "coordinates":
                [
                    [
                        60.5681471,
                        56.8352082
                    ],
                    [
                        60.5719236,
                        56.8351377
                    ],
                    [
                        60.5774168,
                        56.8356777
                    ]
                ]
            }
        },
        {
            "id": "170",
            "type": "Feature",
            "properties":
            {
                "admin_level": "6",
                "index_right": 418.0,
                "lanes": 2,
                "lanes_length": 991.3955030189645,
                "length": 495.69775150948226,
                "name": "городской округ Екатеринбург",
                "place": null,
                "population": 1495066.0,
                "short_name": "Екатеринбург",
                "type": null
            },
            "geometry":
            {
                "type": "LineString",
                "coordinates":
                [
                    [
                        60.643879,
                        56.7915824
                    ],
                    [
                        60.6476126,
                        56.7876452
                    ]
                ]
            }
        },
        {
            "id": "186",
            "type": "Feature",
            "properties":
            {
                "admin_level": "6",
                "index_right": 418.0,
                "lanes": 2,
                "lanes_length": 4845.1366131407985,
                "length": 2422.5683065703993,
                "name": "городской округ Екатеринбург",
                "place": null,
                "population": 1495066.0,
                "short_name": "Екатеринбург",
                "type": null
            },
            "geometry":
            {
                "type": "LineString",
                "coordinates":
                [
                    [
                        60.5128655,
                        56.7869425
                    ],
                    [
                        60.5411575,
                        56.7717068
                    ]
                ]
            }
        },
        {
            "id": "192",
            "type": "Feature",
            "properties":
            {
                "admin_level": "6",
                "index_right": 418.0,
                "lanes": 2,
                "lanes_length": 1203.571376081422,
                "length": 601.785688040711,
                "name": "городской округ Екатеринбург",
                "place": null,
                "population": 1495066.0,
                "short_name": "Екатеринбург",
                "type": null
            },
            "geometry":
            {
                "type": "LineString",
                "coordinates":
                [
                    [
                        60.589707,
                        56.8328695
                    ],
                    [
                        60.599375,
                        56.8340469
                    ]
                ]
            }
        },
        {
            "id": "194",
            "type": "Feature",
            "properties":
            {
                "admin_level": "6",
                "index_right": 418.0,
                "lanes": 2,
                "lanes_length": 627.4580524332548,
                "length": 313.7290262166274,
                "name": "городской округ Екатеринбург",
                "place": null,
                "population": 1495066.0,
                "short_name": "Екатеринбург",
                "type": null
            },
            "geometry":
            {
                "type": "LineString",
                "coordinates":
                [
                    [
                        60.7629675,
                        56.7759648
                    ],
                    [
                        60.7671732,
                        56.7743423
                    ]
                ]
            }
        },
        {
            "id": "200",
            "type": "Feature",
            "properties":
            {
                "admin_level": "6",
                "index_right": 418.0,
                "lanes": 2,
                "lanes_length": 2842.0072275612383,
                "length": 1421.0036137806192,
                "name": "городской округ Екатеринбург",
                "place": null,
                "population": 1495066.0,
                "short_name": "Екатеринбург",
                "type": null
            },
            "geometry":
            {
                "type": "LineString",
                "coordinates":
                [
                    [
                        60.6142289,
                        56.9006164
                    ],
                    [
                        60.6144863,
                        56.896679
                    ],
                    [
                        60.613628,
                        56.8879355
                    ]
                ]
            }
        },
        {
            "id": "248",
            "type": "Feature",
            "properties":
            {
                "admin_level": "6",
                "index_right": 418.0,
                "lanes": 1,
                "lanes_length": 1077.3892592519448,
                "length": 1077.3892592519448,
                "name": "городской округ Екатеринбург",
                "place": null,
                "population": 1495066.0,
                "short_name": "Екатеринбург",
                "type": null
            },
            "geometry":
            {
                "type": "LineString",
                "coordinates":
                [
                    [
                        60.611229,
                        56.823312
                    ],
                    [
                        60.614791,
                        56.813882
                    ]
                ]
            }
        },
        {
            "id": "249",
            "type": "Feature",
            "properties":
            {
                "admin_level": "6",
                "index_right": 418.0,
                "lanes": 1,
                "lanes_length": 2111.867385226193,
                "length": 2111.867385226193,
                "name": "городской округ Екатеринбург",
                "place": null,
                "population": 1495066.0,
                "short_name": "Екатеринбург",
                "type": null
            },
            "geometry":
            {
                "type": "LineString",
                "coordinates":
                [
                    [
                        60.621271,
                        56.814634
                    ],
                    [
                        60.6166223,
                        56.8281098
                    ],
                    [
                        60.6168652,
                        56.8287638
                    ],
                    [
                        60.6148824,
                        56.8331248
                    ]
                ]
            }
        },
        {
            "id": "250",
            "type": "Feature",
            "properties":
            {
                "admin_level": "6",
                "index_right": 418.0,
                "lanes": 1,
                "lanes_length": 554.9957139518051,
                "length": 554.9957139518051,
                "name": "городской округ Екатеринбург",
                "place": null,
                "population": 1495066.0,
                "short_name": "Екатеринбург",
                "type": null
            },
            "geometry":
            {
                "type": "LineString",
                "coordinates":
                [
                    [
                        60.514991,
                        56.789456
                    ],
                    [
                        60.521364,
                        56.793006
                    ]
                ]
            }
        },
        {
            "id": "251",
            "type": "Feature",
            "properties":
            {
                "admin_level": "6",
                "index_right": 418.0,
                "lanes": 1,
                "lanes_length": 1129.122827267688,
                "length": 1129.122827267688,
                "name": "городской округ Екатеринбург",
                "place": null,
                "population": 1495066.0,
                "short_name": "Екатеринбург",
                "type": null
            },
            "geometry":
            {
                "type": "LineString",
                "coordinates":
                [
                    [
                        60.521579,
                        56.793123
                    ],
                    [
                        60.532737,
                        56.799092
                    ],
                    [
                        60.5344748,
                        56.8003613
                    ]
                ]
            }
        },
        {
            "id": "320",
            "type": "Feature",
            "properties":
            {
                "admin_level": "6",
                "index_right": 418.0,
                "lanes": 1,
                "lanes_length": 129.7585793742681,
                "length": 129.7585793742681,
                "name": "городской округ Екатеринбург",
                "place": null,
                "population": 1495066.0,
                "short_name": "Екатеринбург",
                "type": null
            },
            "geometry":
            {
                "type": "LineString",
                "coordinates":
                [
                    [
                        60.6126934,
                        56.8330308
                    ],
                    [
                        60.6147856,
                        56.8332656
                    ]
                ]
            }
        },
        {
            "id": "321",
            "type": "Feature",
            "properties":
            {
                "admin_level": "6",
                "index_right": 418.0,
                "lanes": 1,
                "lanes_length": 91.7180453679572,
                "length": 91.7180453679572,
                "name": "городской округ Екатеринбург",
                "place": null,
                "population": 1495066.0,
                "short_name": "Екатеринбург",
                "type": null
            },
            "geometry":
            {
                "type": "LineString",
                "coordinates":
                [
                    [
                        60.6101239,
                        56.8085321
                    ],
                    [
                        60.6116045,
                        56.8086907
                    ]
                ]
            }
        },
        {
            "id": "427",
            "type": "Feature",
            "properties":
            {
                "admin_level": "6",
                "index_right": 418.0,
                "lanes": 1,
                "lanes_length": 193.7023078733765,
                "length": 193.7023078733765,
                "name": "городской округ Екатеринбург",
                "place": null,
                "population": 1495066.0,
                "short_name": "Екатеринбург",
                "type": null
            },
            "geometry":
            {
                "type": "LineString",
                "coordinates":
                [
                    [
                        60.6041313,
                        56.8562723
                    ],
                    [
                        60.604657,
                        56.8545653
                    ]
                ]
            }
        },
        {
            "id": "436",
            "type": "Feature",
            "properties":
            {
                "admin_level": "6",
                "index_right": 418.0,
                "lanes": 1,
                "lanes_length": 1154.7170694021452,
                "length": 1154.7170694021452,
                "name": "городской округ Екатеринбург",
                "place": null,
                "population": 1495066.0,
                "short_name": "Екатеринбург",
                "type": null
            },
            "geometry":
            {
                "type": "LineString",
                "coordinates":
                [
                    [
                        60.6077833,
                        56.8387914
                    ],
                    [
                        60.5890973,
                        56.836881
                    ]
                ]
            }
        },
        {
            "id": "437",
            "type": "Feature",
            "properties":
            {
                "admin_level": "6",
                "index_right": 418.0,
                "lanes": 1,
                "lanes_length": 347.4496133871056,
                "length": 347.4496133871056,
                "name": "городской округ Екатеринбург",
                "place": null,
                "population": 1495066.0,
                "short_name": "Екатеринбург",
                "type": null
            },
            "geometry":
            {
                "type": "LineString",
                "coordinates":
                [
                    [
                        60.5620531,
                        56.8352551
                    ],
                    [
                        60.5677609,
                        56.8350438
                    ]
                ]
            }
        },
        {
            "id": "438",
            "type": "Feature",
            "properties":
            {
                "admin_level": "6",
                "index_right": 418.0,
                "lanes": 1,
                "lanes_length": 251.86481452067818,
                "length": 251.86481452067818,
                "name": "городской округ Екатеринбург",
                "place": null,
                "population": 1495066.0,
                "short_name": "Екатеринбург",
                "type": null
            },
            "geometry":
            {
                "type": "LineString",
                "coordinates":
                [
                    [
                        60.5816225,
                        56.8362646
                    ],
                    [
                        60.5775026,
                        56.8360064
                    ]
                ]
            }
        },
        {
            "id": "464",
            "type": "Feature",
            "properties":
            {
                "admin_level": "6",
                "index_right": 418.0,
                "lanes": 1,
                "lanes_length": 510.33141740346025,
                "length": 510.33141740346025,
                "name": "городской округ Екатеринбург",
                "place": null,
                "population": 1495066.0,
                "short_name": "Екатеринбург",
                "type": null
            },
            "geometry":
            {
                "type": "LineString",
                "coordinates":
                [
                    [
                        60.6081581,
                        56.8131752
                    ],
                    [
                        60.6097674,
                        56.8087
                    ]
                ]
            }
        },
        {
            "id": "502",
            "type": "Feature",
            "properties":
            {
                "admin_level": "6",
                "index_right": 418.0,
                "lanes": 1,
                "lanes_length": 385.30230761527474,
                "length": 385.30230761527474,
                "name": "городской округ Екатеринбург",
                "place": null,
                "population": 1495066.0,
                "short_name": "Екатеринбург",
                "type": null
            },
            "geometry":
            {
                "type": "LineString",
                "coordinates":
                [
                    [
                        60.5274884,
                        56.796577
                    ],
                    [
                        60.5230252,
                        56.7941329
                    ]
                ]
            }
        },
        {
            "id": "503",
            "type": "Feature",
            "properties":
            {
                "admin_level": "6",
                "index_right": 418.0,
                "lanes": 1,
                "lanes_length": 180.62362945878417,
                "length": 180.62362945878417,
                "name": "городской округ Екатеринбург",
                "place": null,
                "population": 1495066.0,
                "short_name": "Екатеринбург",
                "type": null
            },
            "geometry":
            {
                "type": "LineString",
                "coordinates":
                [
                    [
                        60.5201448,
                        56.79254
                    ],
                    [
                        60.5180419,
                        56.7914001
                    ]
                ]
            }
        },
        {
            "id": "504",
            "type": "Feature",
            "properties":
            {
                "admin_level": "6",
                "index_right": 418.0,
                "lanes": 1,
                "lanes_length": 101.92119550227235,
                "length": 101.92119550227235,
                "name": "городской округ Екатеринбург",
                "place": null,
                "population": 1495066.0,
                "short_name": "Екатеринбург",
                "type": null
            },
            "geometry":
            {
                "type": "LineString",
                "coordinates":
                [
                    [
                        60.5127633,
                        56.7882739
                    ],
                    [
                        60.5139757,
                        56.7889027
                    ]
                ]
            }
        },
        {
            "id": "509",
            "type": "Feature",
            "properties":
            {
                "admin_level": "6",
                "index_right": 418.0,
                "lanes": 1,
                "lanes_length": 1533.7061810907014,
                "length": 1533.7061810907014,
                "name": "городской округ Екатеринбург",
                "place": null,
                "population": 1495066.0,
                "short_name": "Екатеринбург",
                "type": null
            },
            "geometry":
            {
                "type": "LineString",
                "coordinates":
                [
                    [
                        60.7559369,
                        56.7694839
                    ],
                    [
                        60.7599709,
                        56.7684609
                    ],
                    [
                        60.7616232,
                        56.7683668
                    ],
                    [
                        60.7676742,
                        56.7692723
                    ],
                    [
                        60.7693694,
                        56.769919
                    ],
                    [
                        60.7725237,
                        56.7723413
                    ],
                    [
                        60.7682321,
                        56.7740226
                    ]
                ]
            }
        },
        {
            "id": "510",
            "type": "Feature",
            "properties":
            {
                "admin_level": "6",
                "index_right": 418.0,
                "lanes": 1,
                "lanes_length": 523.0977155088324,
                "length": 523.0977155088324,
                "name": "городской округ Екатеринбург",
                "place": null,
                "population": 1495066.0,
                "short_name": "Екатеринбург",
                "type": null
            },
            "geometry":
            {
                "type": "LineString",
                "coordinates":
                [
                    [
                        60.7673953,
                        56.7739639
                    ],
                    [
                        60.7651422,
                        56.7729409
                    ],
                    [
                        60.7628463,
                        56.7724236
                    ],
                    [
                        60.7596705,
                        56.7723648
                    ]
                ]
            }
        },
        {
            "id": "554",
            "type": "Feature",
            "properties":
            {
                "admin_level": "6",
                "index_right": 418.0,
                "lanes": 1,
                "lanes_length": 213.47377212069844,
                "length": 213.47377212069844,
                "name": "городской округ Екатеринбург",
                "place": null,
                "population": 1495066.0,
                "short_name": "Екатеринбург",
                "type": null
            },
            "geometry":
            {
                "type": "LineString",
                "coordinates":
                [
                    [
                        60.5772492,
                        56.832562
                    ],
                    [
                        60.5764553,
                        56.8318401
                    ],
                    [
                        60.575082,
                        56.831077
                    ]
                ]
            }
        },
        {
            "id": "66",
            "type": "Feature",
            "properties":
            {
                "admin_level": "4",
                "index_right": 696.0,
                "lanes": 2,
                "lanes_length": 4589.497915986298,
                "length": 2294.748957993149,
                "name": "Санкт-Петербург",
                "place": "state",
                "population": 5384342.0,
                "short_name": "Санкт-Петербург",
                "type": null
            },
            "geometry":
            {
                "type": "LineString",
                "coordinates":
                [
                    [
                        30.359988,
                        59.931143
                    ],
                    [
                        30.319996,
                        59.936174
                    ]
                ]
            }
        },
        {
            "id": "67",
            "type": "Feature",
            "properties":
            {
                "admin_level": "4",
                "index_right": 696.0,
                "lanes": 2,
                "lanes_length": 4428.49467463872,
                "length": 2214.24733731936,
                "name": "Санкт-Петербург",
                "place": "state",
                "population": 5384342.0,
                "short_name": "Санкт-Петербург",
                "type": null
            },
            "geometry":
            {
                "type": "LineString",
                "coordinates":
                [
                    [
                        30.3581855,
                        59.9265334
                    ],
                    [
                        30.354238,
                        59.921065
                    ],
                    [
                        30.345654,
                        59.90777
                    ]
                ]
            }
        },
        {
            "id": "68",
            "type": "Feature",
            "properties":
            {
                "admin_level": "4",
                "index_right": 696.0,
                "lanes": 2,
                "lanes_length": 8115.966665646184,
                "length": 4057.983332823092,
                "name": "Санкт-Петербург",
                "place": "state",
                "population": 5384342.0,
                "short_name": "Санкт-Петербург",
                "type": null
            },
            "geometry":
            {
                "type": "LineString",
                "coordinates":
                [
                    [
                        30.165024,
                        59.8646
                    ],
                    [
                        30.221372,
                        59.852014
                    ],
                    [
                        30.2324006,
                        59.8519713
                    ]
                ]
            }
        },
        {
            "id": "69",
            "type": "Feature",
            "properties":
            {
                "admin_level": "4",
                "index_right": 696.0,
                "lanes": 2,
                "lanes_length": 1437.6299285265668,
                "length": 718.8149642632834,
                "name": "Санкт-Петербург",
                "place": "state",
                "population": 5384342.0,
                "short_name": "Санкт-Петербург",
                "type": null
            },
            "geometry":
            {
                "type": "LineString",
                "coordinates":
                [
                    [
                        30.3140793,
                        59.9699399
                    ],
                    [
                        30.314348,
                        59.970928
                    ],
                    [
                        30.3178667,
                        59.976061
                    ]
                ]
            }
        },
        {
            "id": "70",
            "type": "Feature",
            "properties":
            {
                "admin_level": "4",
                "index_right": 696.0,
                "lanes": 2,
                "lanes_length": 8364.668218514911,
                "length": 4182.334109257456,
                "name": "Санкт-Петербург",
                "place": "state",
                "population": 5384342.0,
                "short_name": "Санкт-Петербург",
                "type": null
            },
            "geometry":
            {
                "type": "LineString",
                "coordinates":
                [
                    [
                        30.318189,
                        59.976512
                    ],
                    [
                        30.323124,
                        59.979303
                    ],
                    [
                        30.330462,
                        59.982545
                    ],
                    [
                        30.333424,
                        59.983812
                    ],
                    [
                        30.335226,
                        59.98437
                    ],
                    [
                        30.342017,
                        59.9851
                    ],
                    [
                        30.357328,
                        59.986516
                    ],
                    [
                        30.358958,
                        59.986538
                    ],
                    [
                        30.362949,
                        59.985915
                    ],
                    [
                        30.364752,
                        59.9854
                    ],
                    [
                        30.382433,
                        59.979303
                    ]
                ]
            }
        },
        {
            "id": "72",
            "type": "Feature",
            "properties":
            {
                "admin_level": "4",
                "index_right": 696.0,
                "lanes": 2,
                "lanes_length": 5238.3267565012875,
                "length": 2619.1633782506437,
                "name": "Санкт-Петербург",
                "place": "state",
                "population": 5384342.0,
                "short_name": "Санкт-Петербург",
                "type": null
            },
            "geometry":
            {
                "type": "LineString",
                "coordinates":
                [
                    [
                        30.3219116,
                        59.8410635
                    ],
                    [
                        30.323081,
                        59.8176835
                    ]
                ]
            }
        },
        {
            "id": "135",
            "type": "Feature",
            "properties":
            {
                "admin_level": "4",
                "index_right": 696.0,
                "lanes": 2,
                "lanes_length": 4297.672357173924,
                "length": 2148.836178586962,
                "name": "Санкт-Петербург",
                "place": "state",
                "population": 5384342.0,
                "short_name": "Санкт-Петербург",
                "type": null
            },
            "geometry":
            {
                "type": "LineString",
                "coordinates":
                [
                    [
                        30.2404715,
                        59.8518555
                    ],
                    [
                        30.2790095,
                        59.8518124
                    ]
                ]
            }
        },
        {
            "id": "138",
            "type": "Feature",
            "properties":
            {
                "admin_level": "4",
                "index_right": 696.0,
                "lanes": 2,
                "lanes_length": 4403.603465824282,
                "length": 2201.801732912141,
                "name": "Санкт-Петербург",
                "place": "state",
                "population": 5384342.0,
                "short_name": "Санкт-Петербург",
                "type": null
            },
            "geometry":
            {
                "type": "LineString",
                "coordinates":
                [
                    [
                        30.2806651,
                        59.8518073
                    ],
                    [
                        30.3201472,
                        59.8521521
                    ]
                ]
            }
        },
        {
            "id": "139",
            "type": "Feature",
            "properties":
            {
                "admin_level": "4",
                "index_right": 696.0,
                "lanes": 2,
                "lanes_length": 2452.192105944134,
                "length": 1226.096052972067,
                "name": "Санкт-Петербург",
                "place": "state",
                "population": 5384342.0,
                "short_name": "Санкт-Петербург",
                "type": null
            },
            "geometry":
            {
                "type": "LineString",
                "coordinates":
                [
                    [
                        30.330072,
                        59.8523131
                    ],
                    [
                        30.3520447,
                        59.8527442
                    ]
                ]
            }
        },
        {
            "id": "140",
            "type": "Feature",
            "properties":
            {
                "admin_level": "4",
                "index_right": 696.0,
                "lanes": 2,
                "lanes_length": 5608.9307066313495,
                "length": 2804.4653533156747,
                "name": "Санкт-Петербург",
                "place": "state",
                "population": 5384342.0,
                "short_name": "Санкт-Петербург",
                "type": null
            },
            "geometry":
            {
                "type": "LineString",
                "coordinates":
                [
                    [
                        30.3703308,
                        59.854644
                    ],
                    [
                        30.3924725,
                        59.8590411
                    ],
                    [
                        30.4151344,
                        59.8658491
                    ]
                ]
            }
        },
        {
            "id": "141",
            "type": "Feature",
            "properties":
            {
                "admin_level": "4",
                "index_right": 696.0,
                "lanes": 2,
                "lanes_length": 1871.734603947904,
                "length": 935.867301973952,
                "name": "Санкт-Петербург",
                "place": "state",
                "population": 5384342.0,
                "short_name": "Санкт-Петербург",
                "type": null
            },
            "geometry":
            {
                "type": "LineString",
                "coordinates":
                [
                    [
                        30.4713183,
                        59.8821666
                    ],
                    [
                        30.4787907,
                        59.8837398
                    ],
                    [
                        30.4872186,
                        59.884785
                    ]
                ]
            }
        },
        {
            "id": "142",
            "type": "Feature",
            "properties":
            {
                "admin_level": "4",
                "index_right": 696.0,
                "lanes": 2,
                "lanes_length": 8120.317571462518,
                "length": 4060.158785731259,
                "name": "Санкт-Петербург",
                "place": "state",
                "population": 5384342.0,
                "short_name": "Санкт-Петербург",
                "type": null
            },
            "geometry":
            {
                "type": "LineString",
                "coordinates":
                [
                    [
                        30.4364642,
                        59.9481676
                    ],
                    [
                        30.438095,
                        59.9602005
                    ],
                    [
                        30.4368504,
                        59.9736035
                    ],
                    [
                        30.4356488,
                        59.9745484
                    ],
                    [
                        30.419341,
                        59.9745484
                    ],
                    [
                        30.4162511,
                        59.9748919
                    ]
                ]
            }
        },
        {
            "id": "143",
            "type": "Feature",
            "properties":
            {
                "admin_level": "4",
                "index_right": 696.0,
                "lanes": 2,
                "lanes_length": 3695.619821931909,
                "length": 1847.8099109659545,
                "name": "Санкт-Петербург",
                "place": "state",
                "population": 5384342.0,
                "short_name": "Санкт-Петербург",
                "type": null
            },
            "geometry":
            {
                "type": "LineString",
                "coordinates":
                [
                    [
                        30.3829058,
                        59.9790147
                    ],
                    [
                        30.3855666,
                        59.978392
                    ],
                    [
                        30.4151353,
                        59.9750638
                    ]
                ]
            }
        },
        {
            "id": "172",
            "type": "Feature",
            "properties":
            {
                "admin_level": "4",
                "index_right": 696.0,
                "lanes": 2,
                "lanes_length": 3314.0854011527354,
                "length": 1657.0427005763677,
                "name": "Санкт-Петербург",
                "place": "state",
                "population": 5384342.0,
                "short_name": "Санкт-Петербург",
                "type": null
            },
            "geometry":
            {
                "type": "LineString",
                "coordinates":
                [
                    [
                        30.4070335,
                        59.9280758
                    ],
                    [
                        30.4348856,
                        59.9333224
                    ]
                ]
            }
        },
        {
            "id": "252",
            "type": "Feature",
            "properties":
            {
                "admin_level": "4",
                "index_right": 696.0,
                "lanes": 1,
                "lanes_length": 1456.7006573774484,
                "length": 1456.7006573774484,
                "name": "Санкт-Петербург",
                "place": "state",
                "population": 5384342.0,
                "short_name": "Санкт-Петербург",
                "type": null
            },
            "geometry":
            {
                "type": "LineString",
                "coordinates":
                [
                    [
                        30.296592,
                        59.95421
                    ],
                    [
                        30.29657,
                        59.9545
                    ],
                    [
                        30.299456,
                        59.956214
                    ],
                    [
                        30.312738,
                        59.964366
                    ]
                ]
            }
        },
        {
            "id": "253",
            "type": "Feature",
            "properties":
            {
                "admin_level": "4",
                "index_right": 696.0,
                "lanes": 1,
                "lanes_length": 1837.0695216330275,
                "length": 1837.0695216330275,
                "name": "Санкт-Петербург",
                "place": "state",
                "population": 5384342.0,
                "short_name": "Санкт-Петербург",
                "type": null
            },
            "geometry":
            {
                "type": "LineString",
                "coordinates":
                [
                    [
                        30.3116333,
                        59.9655106
                    ],
                    [
                        30.290852,
                        59.9527545
                    ]
                ]
            }
        },
        {
            "id": "254",
            "type": "Feature",
            "properties":
            {
                "admin_level": "4",
                "index_right": 696.0,
                "lanes": 1,
                "lanes_length": 988.8895081160213,
                "length": 988.8895081160213,
                "name": "Санкт-Петербург",
                "place": "state",
                "population": 5384342.0,
                "short_name": "Санкт-Петербург",
                "type": null
            },
            "geometry":
            {
                "type": "LineString",
                "coordinates":
                [
                    [
                        30.307996,
                        59.922657
                    ],
                    [
                        30.308404,
                        59.931485
                    ]
                ]
            }
        },
        {
            "id": "255",
            "type": "Feature",
            "properties":
            {
                "admin_level": "4",
                "index_right": 696.0,
                "lanes": 1,
                "lanes_length": 570.5741958000799,
                "length": 570.5741958000799,
                "name": "Санкт-Петербург",
                "place": "state",
                "population": 5384342.0,
                "short_name": "Санкт-Петербург",
                "type": null
            },
            "geometry":
            {
                "type": "LineString",
                "coordinates":
                [
                    [
                        30.362306,
                        59.9307804
                    ],
                    [
                        30.363593,
                        59.930668
                    ],
                    [
                        30.366747,
                        59.93027
                    ],
                    [
                        30.371318,
                        59.928582
                    ]
                ]
            }
        },
        {
            "id": "256",
            "type": "Feature",
            "properties":
            {
                "admin_level": "4",
                "index_right": 696.0,
                "lanes": 1,
                "lanes_length": 806.887749881593,
                "length": 806.887749881593,
                "name": "Санкт-Петербург",
                "place": "state",
                "population": 5384342.0,
                "short_name": "Санкт-Петербург",
                "type": null
            },
            "geometry":
            {
                "type": "LineString",
                "coordinates":
                [
                    [
                        30.3356226,
                        59.923367
                    ],
                    [
                        30.3469746,
                        59.927851
                    ]
                ]
            }
        },
        {
            "id": "257",
            "type": "Feature",
            "properties":
            {
                "admin_level": "4",
                "index_right": 696.0,
                "lanes": 1,
                "lanes_length": 1378.3614939389345,
                "length": 1378.3614939389345,
                "name": "Санкт-Петербург",
                "place": "state",
                "population": 5384342.0,
                "short_name": "Санкт-Петербург",
                "type": null
            },
            "geometry":
            {
                "type": "LineString",
                "coordinates":
                [
                    [
                        30.311923,
                        59.935236
                    ],
                    [
                        30.326729,
                        59.925367
                    ]
                ]
            }
        },
        {
            "id": "260",
            "type": "Feature",
            "properties":
            {
                "admin_level": "4",
                "index_right": 696.0,
                "lanes": 1,
                "lanes_length": 93.53034767489092,
                "length": 93.53034767489092,
                "name": "Санкт-Петербург",
                "place": "state",
                "population": 5384342.0,
                "short_name": "Санкт-Петербург",
                "type": null
            },
            "geometry":
            {
                "type": "LineString",
                "coordinates":
                [
                    [
                        30.2570343,
                        59.8729526
                    ],
                    [
                        30.2586973,
                        59.8730657
                    ]
                ]
            }
        },
        {
            "id": "261",
            "type": "Feature",
            "properties":
            {
                "admin_level": "4",
                "index_right": 696.0,
                "lanes": 1,
                "lanes_length": 457.1831806496215,
                "length": 457.1831806496215,
                "name": "Санкт-Петербург",
                "place": "state",
                "population": 5384342.0,
                "short_name": "Санкт-Петербург",
                "type": null
            },
            "geometry":
            {
                "type": "LineString",
                "coordinates":
                [
                    [
                        30.3085542,
                        59.9340862
                    ],
                    [
                        30.3147769,
                        59.9363114
                    ],
                    [
                        30.3150558,
                        59.9365479
                    ]
                ]
            }
        },
        {
            "id": "262",
            "type": "Feature",
            "properties":
            {
                "admin_level": "4",
                "index_right": 696.0,
                "lanes": 1,
                "lanes_length": 428.5764819821977,
                "length": 428.5764819821977,
                "name": "Санкт-Петербург",
                "place": "state",
                "population": 5384342.0,
                "short_name": "Санкт-Петербург",
                "type": null
            },
            "geometry":
            {
                "type": "LineString",
                "coordinates":
                [
                    [
                        30.2734923,
                        59.7982165
                    ],
                    [
                        30.2724624,
                        59.796295
                    ],
                    [
                        30.273149,
                        59.7957553
                    ],
                    [
                        30.2755523,
                        59.7957337
                    ]
                ]
            }
        },
        {
            "id": "263",
            "type": "Feature",
            "properties":
            {
                "admin_level": "4",
                "index_right": 696.0,
                "lanes": 1,
                "lanes_length": 623.840430609855,
                "length": 623.840430609855,
                "name": "Санкт-Петербург",
                "place": "state",
                "population": 5384342.0,
                "short_name": "Санкт-Петербург",
                "type": null
            },
            "geometry":
            {
                "type": "LineString",
                "coordinates":
                [
                    [
                        30.3307199,
                        59.9849816
                    ],
                    [
                        30.3200555,
                        59.9867311
                    ]
                ]
            }
        },
        {
            "id": "264",
            "type": "Feature",
            "properties":
            {
                "admin_level": "4",
                "index_right": 696.0,
                "lanes": 1,
                "lanes_length": 132.8937165051475,
                "length": 132.8937165051475,
                "name": "Санкт-Петербург",
                "place": "state",
                "population": 5384342.0,
                "short_name": "Санкт-Петербург",
                "type": null
            },
            "geometry":
            {
                "type": "LineString",
                "coordinates":
                [
                    [
                        30.372777,
                        59.9296246
                    ],
                    [
                        30.3714252,
                        59.9286462
                    ]
                ]
            }
        },
        {
            "id": "265",
            "type": "Feature",
            "properties":
            {
                "admin_level": "4",
                "index_right": 696.0,
                "lanes": 1,
                "lanes_length": 506.1337926584111,
                "length": 506.1337926584111,
                "name": "Санкт-Петербург",
                "place": "state",
                "population": 5384342.0,
                "short_name": "Санкт-Петербург",
                "type": null
            },
            "geometry":
            {
                "type": "LineString",
                "coordinates":
                [
                    [
                        30.4091263,
                        60.0211773
                    ],
                    [
                        30.4172587,
                        60.0191294
                    ]
                ]
            }
        },
        {
            "id": "266",
            "type": "Feature",
            "properties":
            {
                "admin_level": "4",
                "index_right": 696.0,
                "lanes": 1,
                "lanes_length": 280.2776763241711,
                "length": 280.2776763241711,
                "name": "Санкт-Петербург",
                "place": "state",
                "population": 5384342.0,
                "short_name": "Санкт-Петербург",
                "type": null
            },
            "geometry":
            {
                "type": "LineString",
                "coordinates":
                [
                    [
                        30.3123307,
                        59.9654888
                    ],
                    [
                        30.3123736,
                        59.9658056
                    ],
                    [
                        30.3132534,
                        59.9662997
                    ],
                    [
                        30.3138113,
                        59.966842
                    ],
                    [
                        30.3141975,
                        59.9677388
                    ]
                ]
            }
        },
        {
            "id": "267",
            "type": "Feature",
            "properties":
            {
                "admin_level": "4",
                "index_right": 696.0,
                "lanes": 1,
                "lanes_length": 164.93663532366392,
                "length": 164.93663532366392,
                "name": "Санкт-Петербург",
                "place": "state",
                "population": 5384342.0,
                "short_name": "Санкт-Петербург",
                "type": null
            },
            "geometry":
            {
                "type": "LineString",
                "coordinates":
                [
                    [
                        30.3142619,
                        59.968308
                    ],
                    [
                        30.3141224,
                        59.9697792
                    ]
                ]
            }
        },
        {
            "id": "304",
            "type": "Feature",
            "properties":
            {
                "admin_level": "4",
                "index_right": 696.0,
                "lanes": 1,
                "lanes_length": 511.33323125344197,
                "length": 511.33323125344197,
                "name": "Санкт-Петербург",
                "place": "state",
                "population": 5384342.0,
                "short_name": "Санкт-Петербург",
                "type": null
            },
            "geometry":
            {
                "type": "LineString",
                "coordinates":
                [
                    [
                        30.3541732,
                        59.9056021
                    ],
                    [
                        30.3459013,
                        59.9075871
                    ]
                ]
            }
        },
        {
            "id": "322",
            "type": "Feature",
            "properties":
            {
                "admin_level": "4",
                "index_right": 696.0,
                "lanes": 1,
                "lanes_length": 144.42591181027768,
                "length": 144.42591181027768,
                "name": "Санкт-Петербург",
                "place": "state",
                "population": 5384342.0,
                "short_name": "Санкт-Петербург",
                "type": null
            },
            "geometry":
            {
                "type": "LineString",
                "coordinates":
                [
                    [
                        30.3099811,
                        59.9397242
                    ],
                    [
                        30.3115744,
                        59.9387058
                    ]
                ]
            }
        },
        {
            "id": "323",
            "type": "Feature",
            "properties":
            {
                "admin_level": "4",
                "index_right": 696.0,
                "lanes": 1,
                "lanes_length": 36.759553606803735,
                "length": 36.759553606803735,
                "name": "Санкт-Петербург",
                "place": "state",
                "population": 5384342.0,
                "short_name": "Санкт-Петербург",
                "type": null
            },
            "geometry":
            {
                "type": "LineString",
                "coordinates":
                [
                    [
                        30.312481,
                        59.9376658
                    ],
                    [
                        30.3123897,
                        59.9373407
                    ]
                ]
            }
        },
        {
            "id": "324",
            "type": "Feature",
            "properties":
            {
                "admin_level": "4",
                "index_right": 696.0,
                "lanes": 1,
                "lanes_length": 699.003239628308,
                "length": 699.003239628308,
                "name": "Санкт-Петербург",
                "place": "state",
                "population": 5384342.0,
                "short_name": "Санкт-Петербург",
                "type": null
            },
            "geometry":
            {
                "type": "LineString",
                "coordinates":
                [
                    [
                        30.4282451,
                        59.7284129
                    ],
                    [
                        30.4314208,
                        59.7223766
                    ]
                ]
            }
        },
        {
            "id": "325",
            "type": "Feature",
            "properties":
            {
                "admin_level": "4",
                "index_right": 696.0,
                "lanes": 1,
                "lanes_length": 143.59634173159515,
                "length": 143.59634173159515,
                "name": "Санкт-Петербург",
                "place": "state",
                "population": 5384342.0,
                "short_name": "Санкт-Петербург",
                "type": null
            },
            "geometry":
            {
                "type": "LineString",
                "coordinates":
                [
                    [
                        30.4316461,
                        59.6859679
                    ],
                    [
                        30.4333091,
                        59.6859841
                    ],
                    [
                        30.4339314,
                        59.6856592
                    ]
                ]
            }
        },
        {
            "id": "326",
            "type": "Feature",
            "properties":
            {
                "admin_level": "4",
                "index_right": 696.0,
                "lanes": 1,
                "lanes_length": 488.2206744390901,
                "length": 488.2206744390901,
                "name": "Санкт-Петербург",
                "place": "state",
                "population": 5384342.0,
                "short_name": "Санкт-Петербург",
                "type": null
            },
            "geometry":
            {
                "type": "LineString",
                "coordinates":
                [
                    [
                        30.4577145,
                        59.9395885
                    ],
                    [
                        30.4654822,
                        59.9416199
                    ]
                ]
            }
        },
        {
            "id": "327",
            "type": "Feature",
            "properties":
            {
                "admin_level": "4",
                "index_right": 696.0,
                "lanes": 1,
                "lanes_length": 661.6500883014492,
                "length": 661.6500883014492,
                "name": "Санкт-Петербург",
                "place": "state",
                "population": 5384342.0,
                "short_name": "Санкт-Петербург",
                "type": null
            },
            "geometry":
            {
                "type": "LineString",
                "coordinates":
                [
                    [
                        30.4502392,
                        59.9377411
                    ],
                    [
                        30.4457331,
                        59.9365694
                    ],
                    [
                        30.4440165,
                        59.9358814
                    ],
                    [
                        30.442493,
                        59.9351075
                    ],
                    [
                        30.4403687,
                        59.934527
                    ]
                ]
            }
        },
        {
            "id": "491",
            "type": "Feature",
            "properties":
            {
                "admin_level": "4",
                "index_right": 696.0,
                "lanes": 1,
                "lanes_length": 510.0048169079948,
                "length": 510.0048169079948,
                "name": "Санкт-Петербург",
                "place": "state",
                "population": 5384342.0,
                "short_name": "Санкт-Петербург",
                "type": null
            },
            "geometry":
            {
                "type": "LineString",
                "coordinates":
                [
                    [
                        30.3713325,
                        59.9287227
                    ],
                    [
                        30.3666978,
                        59.9303825
                    ],
                    [
                        30.3633503,
                        59.9308058
                    ]
                ]
            }
        },
        {
            "id": "500",
            "type": "Feature",
            "properties":
            {
                "admin_level": "4",
                "index_right": 696.0,
                "lanes": 1,
                "lanes_length": 171.2975776497196,
                "length": 171.2975776497196,
                "name": "Санкт-Петербург",
                "place": "state",
                "population": 5384342.0,
                "short_name": "Санкт-Петербург",
                "type": null
            },
            "geometry":
            {
                "type": "LineString",
                "coordinates":
                [
                    [
                        30.3674811,
                        59.9319842
                    ],
                    [
                        30.365861,
                        59.9306834
                    ]
                ]
            }
        },
        {
            "id": "501",
            "type": "Feature",
            "properties":
            {
                "admin_level": "4",
                "index_right": 696.0,
                "lanes": 1,
                "lanes_length": 402.8417544431473,
                "length": 402.8417544431473,
                "name": "Санкт-Петербург",
                "place": "state",
                "population": 5384342.0,
                "short_name": "Санкт-Петербург",
                "type": null
            },
            "geometry":
            {
                "type": "LineString",
                "coordinates":
                [
                    [
                        30.3638654,
                        59.9355534
                    ],
                    [
                        30.3614836,
                        59.9321563
                    ]
                ]
            }
        },
        {
            "id": "521",
            "type": "Feature",
            "properties":
            {
                "admin_level": "4",
                "index_right": 696.0,
                "lanes": 1,
                "lanes_length": 714.5857120871855,
                "length": 714.5857120871855,
                "name": "Санкт-Петербург",
                "place": "state",
                "population": 5384342.0,
                "short_name": "Санкт-Петербург",
                "type": null
            },
            "geometry":
            {
                "type": "LineString",
                "coordinates":
                [
                    [
                        30.3238508,
                        59.8005996
                    ],
                    [
                        30.3240868,
                        59.79422
                    ]
                ]
            }
        },
        {
            "id": "522",
            "type": "Feature",
            "properties":
            {
                "admin_level": "4",
                "index_right": 696.0,
                "lanes": 1,
                "lanes_length": 379.53507535114613,
                "length": 379.53507535114613,
                "name": "Санкт-Петербург",
                "place": "state",
                "population": 5384342.0,
                "short_name": "Санкт-Петербург",
                "type": null
            },
            "geometry":
            {
                "type": "LineString",
                "coordinates":
                [
                    [
                        30.3295293,
                        59.8534918
                    ],
                    [
                        30.3227272,
                        59.8533625
                    ]
                ]
            }
        },
        {
            "id": "523",
            "type": "Feature",
            "properties":
            {
                "admin_level": "4",
                "index_right": 696.0,
                "lanes": 1,
                "lanes_length": 229.5228822539133,
                "length": 229.5228822539133,
                "name": "Санкт-Петербург",
                "place": "state",
                "population": 5384342.0,
                "short_name": "Санкт-Петербург",
                "type": null
            },
            "geometry":
            {
                "type": "LineString",
                "coordinates":
                [
                    [
                        30.2775827,
                        59.9627363
                    ],
                    [
                        30.2746967,
                        59.9642024
                    ]
                ]
            }
        },
        {
            "id": "524",
            "type": "Feature",
            "properties":
            {
                "admin_level": "4",
                "index_right": 696.0,
                "lanes": 1,
                "lanes_length": 74.99269375753649,
                "length": 74.99269375753649,
                "name": "Санкт-Петербург",
                "place": "state",
                "population": 5384342.0,
                "short_name": "Санкт-Петербург",
                "type": null
            },
            "geometry":
            {
                "type": "LineString",
                "coordinates":
                [
                    [
                        30.3139117,
                        59.9160299
                    ],
                    [
                        30.3139278,
                        59.9153603
                    ]
                ]
            }
        },
        {
            "id": "525",
            "type": "Feature",
            "properties":
            {
                "admin_level": "4",
                "index_right": 696.0,
                "lanes": 1,
                "lanes_length": 236.81091436343317,
                "length": 236.81091436343317,
                "name": "Санкт-Петербург",
                "place": "state",
                "population": 5384342.0,
                "short_name": "Санкт-Петербург",
                "type": null
            },
            "geometry":
            {
                "type": "LineString",
                "coordinates":
                [
                    [
                        30.3248565,
                        59.8789572
                    ],
                    [
                        30.3206105,
                        59.8788603
                    ]
                ]
            }
        },
        {
            "id": "526",
            "type": "Feature",
            "properties":
            {
                "admin_level": "4",
                "index_right": 696.0,
                "lanes": 1,
                "lanes_length": 131.0699695522895,
                "length": 131.0699695522895,
                "name": "Санкт-Петербург",
                "place": "state",
                "population": 5384342.0,
                "short_name": "Санкт-Петербург",
                "type": null
            },
            "geometry":
            {
                "type": "LineString",
                "coordinates":
                [
                    [
                        30.321895,
                        59.8508613
                    ],
                    [
                        30.3242447,
                        59.8508936
                    ]
                ]
            }
        },
        {
            "id": "530",
            "type": "Feature",
            "properties":
            {
                "admin_level": "4",
                "index_right": 696.0,
                "lanes": 1,
                "lanes_length": 37.689330544907094,
                "length": 37.689330544907094,
                "name": "Санкт-Петербург",
                "place": "state",
                "population": 5384342.0,
                "short_name": "Санкт-Петербург",
                "type": null
            },
            "geometry":
            {
                "type": "LineString",
                "coordinates":
                [
                    [
                        30.1883515,
                        59.8256922
                    ],
                    [
                        30.188963,
                        59.8255493
                    ]
                ]
            }
        },
        {
            "id": "531",
            "type": "Feature",
            "properties":
            {
                "admin_level": "4",
                "index_right": 696.0,
                "lanes": 1,
                "lanes_length": 131.3761145629863,
                "length": 131.3761145629863,
                "name": "Санкт-Петербург",
                "place": "state",
                "population": 5384342.0,
                "short_name": "Санкт-Петербург",
                "type": null
            },
            "geometry":
            {
                "type": "LineString",
                "coordinates":
                [
                    [
                        30.2948653,
                        59.9075455
                    ],
                    [
                        30.2972149,
                        59.9074353
                    ]
                ]
            }
        },
        {
            "id": "532",
            "type": "Feature",
            "properties":
            {
                "admin_level": "4",
                "index_right": 696.0,
                "lanes": 1,
                "lanes_length": 136.27669971712413,
                "length": 136.27669971712413,
                "name": "Санкт-Петербург",
                "place": "state",
                "population": 5384342.0,
                "short_name": "Санкт-Петербург",
                "type": null
            },
            "geometry":
            {
                "type": "LineString",
                "coordinates":
                [
                    [
                        30.190311,
                        59.8286253
                    ],
                    [
                        30.1894742,
                        59.8274821
                    ]
                ]
            }
        },
        {
            "id": "533",
            "type": "Feature",
            "properties":
            {
                "admin_level": "4",
                "index_right": 696.0,
                "lanes": 1,
                "lanes_length": 967.5532285928825,
                "length": 967.5532285928825,
                "name": "Санкт-Петербург",
                "place": "state",
                "population": 5384342.0,
                "short_name": "Санкт-Петербург",
                "type": null
            },
            "geometry":
            {
                "type": "LineString",
                "coordinates":
                [
                    [
                        30.4357401,
                        59.9333251
                    ],
                    [
                        30.4405037,
                        59.9343356
                    ],
                    [
                        30.4427353,
                        59.9349914
                    ],
                    [
                        30.4458733,
                        59.936491
                    ],
                    [
                        30.4505781,
                        59.937668
                    ]
                ]
            }
        },
        {
            "id": "534",
            "type": "Feature",
            "properties":
            {
                "admin_level": "4",
                "index_right": 696.0,
                "lanes": 1,
                "lanes_length": 520.3576826709572,
                "length": 520.3576826709572,
                "name": "Санкт-Петербург",
                "place": "state",
                "population": 5384342.0,
                "short_name": "Санкт-Петербург",
                "type": null
            },
            "geometry":
            {
                "type": "LineString",
                "coordinates":
                [
                    [
                        30.281543,
                        59.9662851
                    ],
                    [
                        30.2847831,
                        59.9646634
                    ],
                    [
                        30.2884738,
                        59.9631704
                    ]
                ]
            }
        },
        {
            "id": "71",
            "type": "Feature",
            "properties":
            {
                "admin_level": "6",
                "index_right": 223.0,
                "lanes": 2,
                "lanes_length": 2552.464477078632,
                "length": 1276.232238539316,
                "name": "городской округ Великий Новгород",
                "place": null,
                "population": 225019.0,
                "short_name": "Великий Новгород",
                "type": null
            },
            "geometry":
            {
                "type": "LineString",
                "coordinates":
                [
                    [
                        31.2840843,
                        58.5715085
                    ],
                    [
                        31.275351,
                        58.5610454
                    ]
                ]
            }
        },
        {
            "id": "258",
            "type": "Feature",
            "properties":
            {
                "admin_level": "6",
                "index_right": 223.0,
                "lanes": 1,
                "lanes_length": 40.25364691692448,
                "length": 40.25364691692448,
                "name": "городской округ Великий Новгород",
                "place": null,
                "population": 225019.0,
                "short_name": "Великий Новгород",
                "type": null
            },
            "geometry":
            {
                "type": "LineString",
                "coordinates":
                [
                    [
                        31.2527776,
                        58.5268256
                    ],
                    [
                        31.2521231,
                        58.5269461
                    ]
                ]
            }
        },
        {
            "id": "259",
            "type": "Feature",
            "properties":
            {
                "admin_level": "6",
                "index_right": 223.0,
                "lanes": 1,
                "lanes_length": 89.60103567171912,
                "length": 89.60103567171912,
                "name": "городской округ Великий Новгород",
                "place": null,
                "population": 225019.0,
                "short_name": "Великий Новгород",
                "type": null
            },
            "geometry":
            {
                "type": "LineString",
                "coordinates":
                [
                    [
                        31.2528795,
                        58.5269461
                    ],
                    [
                        31.2524638,
                        58.5270203
                    ],
                    [
                        31.2521017,
                        58.5269713
                    ],
                    [
                        31.2518495,
                        58.5266156
                    ]
                ]
            }
        },
        {
            "id": "306",
            "type": "Feature",
            "properties":
            {
                "admin_level": "6",
                "index_right": 223.0,
                "lanes": 1,
                "lanes_length": 792.9204673267719,
                "length": 792.9204673267719,
                "name": "городской округ Великий Новгород",
                "place": null,
                "population": 225019.0,
                "short_name": "Великий Новгород",
                "type": null
            },
            "geometry":
            {
                "type": "LineString",
                "coordinates":
                [
                    [
                        31.2725616,
                        58.5150717
                    ],
                    [
                        31.2718105,
                        58.5141583
                    ],
                    [
                        31.2635922,
                        58.5098041
                    ]
                ]
            }
        },
        {
            "id": "73",
            "type": "Feature",
            "properties":
            {
                "admin_level": "6",
                "index_right": 583.0,
                "lanes": 2,
                "lanes_length": 10429.602858460998,
                "length": 5214.801429230499,
                "name": "городской округ Красноярск",
                "place": null,
                "population": 1092851.0,
                "short_name": "Красноярск",
                "type": null
            },
            "geometry":
            {
                "type": "LineString",
                "coordinates":
                [
                    [
                        92.8970432,
                        56.0178872
                    ],
                    [
                        92.8992748,
                        56.0208375
                    ],
                    [
                        92.9021502,
                        56.0222765
                    ],
                    [
                        92.9043818,
                        56.023116
                    ],
                    [
                        92.9051113,
                        56.0252504
                    ],
                    [
                        92.93126,
                        56.03724
                    ],
                    [
                        92.9545927,
                        56.050855
                    ]
                ]
            }
        },
        {
            "id": "74",
            "type": "Feature",
            "properties":
            {
                "admin_level": "6",
                "index_right": 583.0,
                "lanes": 2,
                "lanes_length": 1853.2188938854201,
                "length": 926.6094469427101,
                "name": "городской округ Красноярск",
                "place": null,
                "population": 1092851.0,
                "short_name": "Красноярск",
                "type": null
            },
            "geometry":
            {
                "type": "LineString",
                "coordinates":
                [
                    [
                        92.8928589,
                        56.047931
                    ],
                    [
                        92.9039526,
                        56.0534792
                    ]
                ]
            }
        },
        {
            "id": "118",
            "type": "Feature",
            "properties":
            {
                "admin_level": "6",
                "index_right": 583.0,
                "lanes": 2,
                "lanes_length": 2173.838114899278,
                "length": 1086.919057449639,
                "name": "городской округ Красноярск",
                "place": null,
                "population": 1092851.0,
                "short_name": "Красноярск",
                "type": null
            },
            "geometry":
            {
                "type": "LineString",
                "coordinates":
                [
                    [
                        92.8259189,
                        56.0125797
                    ],
                    [
                        92.8204901,
                        56.0125378
                    ],
                    [
                        92.8171212,
                        56.0122079
                    ],
                    [
                        92.8084738,
                        56.0119918
                    ]
                ]
            }
        },
        {
            "id": "119",
            "type": "Feature",
            "properties":
            {
                "admin_level": "6",
                "index_right": 583.0,
                "lanes": 2,
                "lanes_length": 1976.5988241345776,
                "length": 988.2994120672888,
                "name": "городской округ Красноярск",
                "place": null,
                "population": 1092851.0,
                "short_name": "Красноярск",
                "type": null
            },
            "geometry":
            {
                "type": "LineString",
                "coordinates":
                [
                    [
                        92.9052668,
                        56.0537412
                    ],
                    [
                        92.9157811,
                        56.0471025
                    ]
                ]
            }
        },
        {
            "id": "120",
            "type": "Feature",
            "properties":
            {
                "admin_level": "6",
                "index_right": 583.0,
                "lanes": 2,
                "lanes_length": 4660.794719262934,
                "length": 2330.397359631467,
                "name": "городской округ Красноярск",
                "place": null,
                "population": 1092851.0,
                "short_name": "Красноярск",
                "type": null
            },
            "geometry":
            {
                "type": "LineString",
                "coordinates":
                [
                    [
                        92.9064188,
                        56.0546794
                    ],
                    [
                        92.934185,
                        56.0687198
                    ]
                ]
            }
        },
        {
            "id": "121",
            "type": "Feature",
            "properties":
            {
                "admin_level": "6",
                "index_right": 583.0,
                "lanes": 2,
                "lanes_length": 1746.3414602650914,
                "length": 873.1707301325457,
                "name": "городской округ Красноярск",
                "place": null,
                "population": 1092851.0,
                "short_name": "Красноярск",
                "type": null
            },
            "geometry":
            {
                "type": "LineString",
                "coordinates":
                [
                    [
                        92.7693954,
                        56.0393464
                    ],
                    [
                        92.7747598,
                        56.0321297
                    ]
                ]
            }
        },
        {
            "id": "122",
            "type": "Feature",
            "properties":
            {
                "admin_level": "6",
                "index_right": 583.0,
                "lanes": 2,
                "lanes_length": 5038.644285706285,
                "length": 2519.3221428531424,
                "name": "городской округ Красноярск",
                "place": null,
                "population": 1092851.0,
                "short_name": "Красноярск",
                "type": null
            },
            "geometry":
            {
                "type": "LineString",
                "coordinates":
                [
                    [
                        92.8852251,
                        56.0239296
                    ],
                    [
                        92.8920057,
                        56.0349602
                    ],
                    [
                        92.8931215,
                        56.0420566
                    ],
                    [
                        92.8907183,
                        56.0455563
                    ]
                ]
            }
        },
        {
            "id": "123",
            "type": "Feature",
            "properties":
            {
                "admin_level": "6",
                "index_right": 583.0,
                "lanes": 2,
                "lanes_length": 1606.978647717097,
                "length": 803.4893238585485,
                "name": "городской округ Красноярск",
                "place": null,
                "population": 1092851.0,
                "short_name": "Красноярск",
                "type": null
            },
            "geometry":
            {
                "type": "LineString",
                "coordinates":
                [
                    [
                        92.8852397,
                        56.0237067
                    ],
                    [
                        92.8849822,
                        56.0204568
                    ],
                    [
                        92.8835874,
                        56.0198092
                    ],
                    [
                        92.8783517,
                        56.0195094
                    ]
                ]
            }
        },
        {
            "id": "124",
            "type": "Feature",
            "properties":
            {
                "admin_level": "6",
                "index_right": 583.0,
                "lanes": 2,
                "lanes_length": 4412.0492112626025,
                "length": 2206.0246056313013,
                "name": "городской округ Красноярск",
                "place": null,
                "population": 1092851.0,
                "short_name": "Красноярск",
                "type": null
            },
            "geometry":
            {
                "type": "LineString",
                "coordinates":
                [
                    [
                        92.8714982,
                        56.0100439
                    ],
                    [
                        92.8717557,
                        56.0077166
                    ],
                    [
                        92.8786651,
                        55.9967502
                    ],
                    [
                        92.8857032,
                        55.992502
                    ]
                ]
            }
        },
        {
            "id": "125",
            "type": "Feature",
            "properties":
            {
                "admin_level": "6",
                "index_right": 583.0,
                "lanes": 2,
                "lanes_length": 1283.3947377918555,
                "length": 641.6973688959278,
                "name": "городской округ Красноярск",
                "place": null,
                "population": 1092851.0,
                "short_name": "Красноярск",
                "type": null
            },
            "geometry":
            {
                "type": "LineString",
                "coordinates":
                [
                    [
                        92.7745944,
                        56.0450843
                    ],
                    [
                        92.7695948,
                        56.0400622
                    ]
                ]
            }
        },
        {
            "id": "126",
            "type": "Feature",
            "properties":
            {
                "admin_level": "6",
                "index_right": 583.0,
                "lanes": 2,
                "lanes_length": 5413.394562416114,
                "length": 2706.697281208057,
                "name": "городской округ Красноярск",
                "place": null,
                "population": 1092851.0,
                "short_name": "Красноярск",
                "type": null
            },
            "geometry":
            {
                "type": "LineString",
                "coordinates":
                [
                    [
                        92.9332253,
                        56.0360737
                    ],
                    [
                        92.939491,
                        56.0316859
                    ],
                    [
                        92.9432675,
                        56.0236404
                    ],
                    [
                        92.9557988,
                        56.0160609
                    ]
                ]
            }
        },
        {
            "id": "127",
            "type": "Feature",
            "properties":
            {
                "admin_level": "6",
                "index_right": 583.0,
                "lanes": 2,
                "lanes_length": 2901.1019495877645,
                "length": 1450.5509747938822,
                "name": "городской округ Красноярск",
                "place": null,
                "population": 1092851.0,
                "short_name": "Красноярск",
                "type": null
            },
            "geometry":
            {
                "type": "LineString",
                "coordinates":
                [
                    [
                        92.8075884,
                        55.9918433
                    ],
                    [
                        92.8144978,
                        55.9794558
                    ]
                ]
            }
        },
        {
            "id": "129",
            "type": "Feature",
            "properties":
            {
                "admin_level": "6",
                "index_right": 583.0,
                "lanes": 2,
                "lanes_length": 3471.118957194837,
                "length": 1735.5594785974185,
                "name": "городской округ Красноярск",
                "place": null,
                "population": 1092851.0,
                "short_name": "Красноярск",
                "type": null
            },
            "geometry":
            {
                "type": "LineString",
                "coordinates":
                [
                    [
                        92.7505679,
                        56.0529356
                    ],
                    [
                        92.7561469,
                        56.0510184
                    ],
                    [
                        92.7686782,
                        56.0484779
                    ],
                    [
                        92.7746006,
                        56.0454339
                    ]
                ]
            }
        },
        {
            "id": "147",
            "type": "Feature",
            "properties":
            {
                "admin_level": "6",
                "index_right": 583.0,
                "lanes": 2,
                "lanes_length": 1612.896661345036,
                "length": 806.448330672518,
                "name": "городской округ Красноярск",
                "place": null,
                "population": 1092851.0,
                "short_name": "Красноярск",
                "type": null
            },
            "geometry":
            {
                "type": "LineString",
                "coordinates":
                [
                    [
                        92.7940182,
                        56.0187692
                    ],
                    [
                        92.7850275,
                        56.0239738
                    ]
                ]
            }
        },
        {
            "id": "148",
            "type": "Feature",
            "properties":
            {
                "admin_level": "6",
                "index_right": 583.0,
                "lanes": 2,
                "lanes_length": 1234.3664777780168,
                "length": 617.1832388890084,
                "name": "городской округ Красноярск",
                "place": null,
                "population": 1092851.0,
                "short_name": "Красноярск",
                "type": null
            },
            "geometry":
            {
                "type": "LineString",
                "coordinates":
                [
                    [
                        92.8069058,
                        56.0013675
                    ],
                    [
                        92.8069487,
                        55.9996396
                    ],
                    [
                        92.8064123,
                        55.9984397
                    ],
                    [
                        92.8055754,
                        55.9972517
                    ],
                    [
                        92.8050819,
                        55.9960037
                    ]
                ]
            }
        },
        {
            "id": "268",
            "type": "Feature",
            "properties":
            {
                "admin_level": "6",
                "index_right": 583.0,
                "lanes": 1,
                "lanes_length": 1674.4479480714203,
                "length": 1674.4479480714203,
                "name": "городской округ Красноярск",
                "place": null,
                "population": 1092851.0,
                "short_name": "Красноярск",
                "type": null
            },
            "geometry":
            {
                "type": "LineString",
                "coordinates":
                [
                    [
                        92.8419828,
                        56.0089391
                    ],
                    [
                        92.8688264,
                        56.0103726
                    ]
                ]
            }
        },
        {
            "id": "269",
            "type": "Feature",
            "properties":
            {
                "admin_level": "6",
                "index_right": 583.0,
                "lanes": 1,
                "lanes_length": 3050.3357066324834,
                "length": 3050.3357066324834,
                "name": "городской округ Красноярск",
                "place": null,
                "population": 1092851.0,
                "short_name": "Красноярск",
                "type": null
            },
            "geometry":
            {
                "type": "LineString",
                "coordinates":
                [
                    [
                        92.8903055,
                        56.0147088
                    ],
                    [
                        92.871058,
                        56.0135453
                    ],
                    [
                        92.8414249,
                        56.011962
                    ]
                ]
            }
        },
        {
            "id": "270",
            "type": "Feature",
            "properties":
            {
                "admin_level": "6",
                "index_right": 583.0,
                "lanes": 1,
                "lanes_length": 155.24392017496803,
                "length": 155.24392017496803,
                "name": "городской округ Красноярск",
                "place": null,
                "population": 1092851.0,
                "short_name": "Красноярск",
                "type": null
            },
            "geometry":
            {
                "type": "LineString",
                "coordinates":
                [
                    [
                        92.8319728,
                        56.0058979
                    ],
                    [
                        92.8309965,
                        56.0046202
                    ]
                ]
            }
        },
        {
            "id": "271",
            "type": "Feature",
            "properties":
            {
                "admin_level": "6",
                "index_right": 583.0,
                "lanes": 1,
                "lanes_length": 157.21267754810185,
                "length": 157.21267754810185,
                "name": "городской округ Красноярск",
                "place": null,
                "population": 1092851.0,
                "short_name": "Красноярск",
                "type": null
            },
            "geometry":
            {
                "type": "LineString",
                "coordinates":
                [
                    [
                        92.8318119,
                        56.0059459
                    ],
                    [
                        92.830857,
                        56.0046442
                    ]
                ]
            }
        },
        {
            "id": "272",
            "type": "Feature",
            "properties":
            {
                "admin_level": "6",
                "index_right": 583.0,
                "lanes": 1,
                "lanes_length": 254.82426382742193,
                "length": 254.82426382742193,
                "name": "городской округ Красноярск",
                "place": null,
                "population": 1092851.0,
                "short_name": "Красноярск",
                "type": null
            },
            "geometry":
            {
                "type": "LineString",
                "coordinates":
                [
                    [
                        92.8756285,
                        56.0153445
                    ],
                    [
                        92.8715515,
                        56.0150806
                    ]
                ]
            }
        },
        {
            "id": "347",
            "type": "Feature",
            "properties":
            {
                "admin_level": "6",
                "index_right": 583.0,
                "lanes": 1,
                "lanes_length": 144.59564280944014,
                "length": 144.59564280944014,
                "name": "городской округ Красноярск",
                "place": null,
                "population": 1092851.0,
                "short_name": "Красноярск",
                "type": null
            },
            "geometry":
            {
                "type": "LineString",
                "coordinates":
                [
                    [
                        92.879002,
                        56.0109107
                    ],
                    [
                        92.8766792,
                        56.0108177
                    ]
                ]
            }
        },
        {
            "id": "348",
            "type": "Feature",
            "properties":
            {
                "admin_level": "6",
                "index_right": 583.0,
                "lanes": 1,
                "lanes_length": 470.91806326957976,
                "length": 470.91806326957976,
                "name": "городской округ Красноярск",
                "place": null,
                "population": 1092851.0,
                "short_name": "Красноярск",
                "type": null
            },
            "geometry":
            {
                "type": "LineString",
                "coordinates":
                [
                    [
                        92.8889957,
                        56.0113884
                    ],
                    [
                        92.8814427,
                        56.0110045
                    ]
                ]
            }
        },
        {
            "id": "349",
            "type": "Feature",
            "properties":
            {
                "admin_level": "6",
                "index_right": 583.0,
                "lanes": 1,
                "lanes_length": 270.4044324082312,
                "length": 270.4044324082312,
                "name": "городской округ Красноярск",
                "place": null,
                "population": 1092851.0,
                "short_name": "Красноярск",
                "type": null
            },
            "geometry":
            {
                "type": "LineString",
                "coordinates":
                [
                    [
                        92.8367523,
                        56.0115747
                    ],
                    [
                        92.8371921,
                        56.0091696
                    ]
                ]
            }
        },
        {
            "id": "401",
            "type": "Feature",
            "properties":
            {
                "admin_level": "6",
                "index_right": 583.0,
                "lanes": 1,
                "lanes_length": 504.18318058013904,
                "length": 504.18318058013904,
                "name": "городской округ Красноярск",
                "place": null,
                "population": 1092851.0,
                "short_name": "Красноярск",
                "type": null
            },
            "geometry":
            {
                "type": "LineString",
                "coordinates":
                [
                    [
                        92.9328892,
                        56.0364647
                    ],
                    [
                        92.9281363,
                        56.0401207
                    ]
                ]
            }
        },
        {
            "id": "402",
            "type": "Feature",
            "properties":
            {
                "admin_level": "6",
                "index_right": 583.0,
                "lanes": 1,
                "lanes_length": 565.5111838344801,
                "length": 565.5111838344801,
                "name": "городской округ Красноярск",
                "place": null,
                "population": 1092851.0,
                "short_name": "Красноярск",
                "type": null
            },
            "geometry":
            {
                "type": "LineString",
                "coordinates":
                [
                    [
                        92.8873035,
                        55.9860398
                    ],
                    [
                        92.8870031,
                        55.9910929
                    ]
                ]
            }
        },
        {
            "id": "75",
            "type": "Feature",
            "properties":
            {
                "admin_level": "6",
                "index_right": 97.0,
                "lanes": 2,
                "lanes_length": 887.0751540772535,
                "length": 443.53757703862675,
                "name": "городской округ Ростов-на-Дону",
                "place": null,
                "population": 1137704.0,
                "short_name": "Ростов-на-Дону",
                "type": null
            },
            "geometry":
            {
                "type": "LineString",
                "coordinates":
                [
                    [
                        39.690975,
                        47.2206611
                    ],
                    [
                        39.6930349,
                        47.2196628
                    ],
                    [
                        39.694097,
                        47.218752
                    ],
                    [
                        39.6949339,
                        47.2178046
                    ]
                ]
            }
        },
        {
            "id": "76",
            "type": "Feature",
            "properties":
            {
                "admin_level": "6",
                "index_right": 97.0,
                "lanes": 2,
                "lanes_length": 2670.4986251168857,
                "length": 1335.2493125584429,
                "name": "городской округ Ростов-на-Дону",
                "place": null,
                "population": 1137704.0,
                "short_name": "Ростов-на-Дону",
                "type": null
            },
            "geometry":
            {
                "type": "LineString",
                "coordinates":
                [
                    [
                        39.6931529,
                        47.2127325
                    ],
                    [
                        39.6905994,
                        47.2120475
                    ],
                    [
                        39.6796989,
                        47.2111583
                    ],
                    [
                        39.6759546,
                        47.2110964
                    ]
                ]
            }
        },
        {
            "id": "77",
            "type": "Feature",
            "properties":
            {
                "admin_level": "6",
                "index_right": 97.0,
                "lanes": 2,
                "lanes_length": 2078.6337012101294,
                "length": 1039.3168506050647,
                "name": "городской округ Ростов-на-Дону",
                "place": null,
                "population": 1137704.0,
                "short_name": "Ростов-на-Дону",
                "type": null
            },
            "geometry":
            {
                "type": "LineString",
                "coordinates":
                [
                    [
                        39.7173371,
                        47.2255307
                    ],
                    [
                        39.7134626,
                        47.2345771
                    ]
                ]
            }
        },
        {
            "id": "78",
            "type": "Feature",
            "properties":
            {
                "admin_level": "6",
                "index_right": 97.0,
                "lanes": 2,
                "lanes_length": 4564.097094671224,
                "length": 2282.048547335612,
                "name": "городской округ Ростов-на-Дону",
                "place": null,
                "population": 1137704.0,
                "short_name": "Ростов-на-Дону",
                "type": null
            },
            "geometry":
            {
                "type": "LineString",
                "coordinates":
                [
                    [
                        39.7130442,
                        47.2455833
                    ],
                    [
                        39.7127008,
                        47.2503974
                    ],
                    [
                        39.7207689,
                        47.2652811
                    ]
                ]
            }
        },
        {
            "id": "79",
            "type": "Feature",
            "properties":
            {
                "admin_level": "6",
                "index_right": 97.0,
                "lanes": 2,
                "lanes_length": 1883.9036917396004,
                "length": 941.9518458698002,
                "name": "городской округ Ростов-на-Дону",
                "place": null,
                "population": 1137704.0,
                "short_name": "Ростов-на-Дону",
                "type": null
            },
            "geometry":
            {
                "type": "LineString",
                "coordinates":
                [
                    [
                        39.7578049,
                        47.2407834
                    ],
                    [
                        39.7612274,
                        47.2325664
                    ]
                ]
            }
        },
        {
            "id": "80",
            "type": "Feature",
            "properties":
            {
                "admin_level": "6",
                "index_right": 97.0,
                "lanes": 2,
                "lanes_length": 640.4921465010509,
                "length": 320.24607325052546,
                "name": "городской округ Ростов-на-Дону",
                "place": null,
                "population": 1137704.0,
                "short_name": "Ростов-на-Дону",
                "type": null
            },
            "geometry":
            {
                "type": "LineString",
                "coordinates":
                [
                    [
                        39.7627079,
                        47.2290621
                    ],
                    [
                        39.7615278,
                        47.2318524
                    ]
                ]
            }
        },
        {
            "id": "81",
            "type": "Feature",
            "properties":
            {
                "admin_level": "6",
                "index_right": 97.0,
                "lanes": 2,
                "lanes_length": 2526.4390308429956,
                "length": 1263.2195154214978,
                "name": "городской округ Ростов-на-Дону",
                "place": null,
                "population": 1137704.0,
                "short_name": "Ростов-на-Дону",
                "type": null
            },
            "geometry":
            {
                "type": "LineString",
                "coordinates":
                [
                    [
                        39.7047186,
                        47.2264611
                    ],
                    [
                        39.699794,
                        47.2374108
                    ]
                ]
            }
        },
        {
            "id": "82",
            "type": "Feature",
            "properties":
            {
                "admin_level": "6",
                "index_right": 97.0,
                "lanes": 2,
                "lanes_length": 434.2913436981447,
                "length": 217.14567184907236,
                "name": "городской округ Ростов-на-Дону",
                "place": null,
                "population": 1137704.0,
                "short_name": "Ростов-на-Дону",
                "type": null
            },
            "geometry":
            {
                "type": "LineString",
                "coordinates":
                [
                    [
                        39.6993971,
                        47.2382485
                    ],
                    [
                        39.698571,
                        47.2401351
                    ]
                ]
            }
        },
        {
            "id": "83",
            "type": "Feature",
            "properties":
            {
                "admin_level": "6",
                "index_right": 97.0,
                "lanes": 2,
                "lanes_length": 210.57237411459775,
                "length": 105.28618705729887,
                "name": "городской округ Ростов-на-Дону",
                "place": null,
                "population": 1137704.0,
                "short_name": "Ростов-на-Дону",
                "type": null
            },
            "geometry":
            {
                "type": "LineString",
                "coordinates":
                [
                    [
                        39.7635823,
                        47.242364
                    ],
                    [
                        39.7648644,
                        47.2427136
                    ]
                ]
            }
        },
        {
            "id": "84",
            "type": "Feature",
            "properties":
            {
                "admin_level": "6",
                "index_right": 97.0,
                "lanes": 2,
                "lanes_length": 3586.326607229359,
                "length": 1793.1633036146795,
                "name": "городской округ Ростов-на-Дону",
                "place": null,
                "population": 1137704.0,
                "short_name": "Ростов-на-Дону",
                "type": null
            },
            "geometry":
            {
                "type": "LineString",
                "coordinates":
                [
                    [
                        39.7133875,
                        47.2946576
                    ],
                    [
                        39.717164,
                        47.2785885
                    ]
                ]
            }
        },
        {
            "id": "85",
            "type": "Feature",
            "properties":
            {
                "admin_level": "6",
                "index_right": 97.0,
                "lanes": 2,
                "lanes_length": 547.3516777460289,
                "length": 273.67583887301447,
                "name": "городской округ Ростов-на-Дону",
                "place": null,
                "population": 1137704.0,
                "short_name": "Ростов-на-Дону",
                "type": null
            },
            "geometry":
            {
                "type": "LineString",
                "coordinates":
                [
                    [
                        39.7077012,
                        47.2199471
                    ],
                    [
                        39.7087526,
                        47.2175715
                    ]
                ]
            }
        },
        {
            "id": "173",
            "type": "Feature",
            "properties":
            {
                "admin_level": "6",
                "index_right": 97.0,
                "lanes": 2,
                "lanes_length": 1336.9276283336856,
                "length": 668.4638141668428,
                "name": "городской округ Ростов-на-Дону",
                "place": null,
                "population": 1137704.0,
                "short_name": "Ростов-на-Дону",
                "type": null
            },
            "geometry":
            {
                "type": "LineString",
                "coordinates":
                [
                    [
                        39.6892374,
                        47.2826393
                    ],
                    [
                        39.6917265,
                        47.2832215
                    ],
                    [
                        39.693207,
                        47.2844006
                    ],
                    [
                        39.6941828,
                        47.2869985
                    ]
                ]
            }
        },
        {
            "id": "174",
            "type": "Feature",
            "properties":
            {
                "admin_level": "6",
                "index_right": 97.0,
                "lanes": 2,
                "lanes_length": 2084.195883229546,
                "length": 1042.097941614773,
                "name": "городской округ Ростов-на-Дону",
                "place": null,
                "population": 1137704.0,
                "short_name": "Ростов-на-Дону",
                "type": null
            },
            "geometry":
            {
                "type": "LineString",
                "coordinates":
                [
                    [
                        39.6971655,
                        47.2495526
                    ],
                    [
                        39.6966505,
                        47.2445127
                    ],
                    [
                        39.6984744,
                        47.2402881
                    ]
                ]
            }
        },
        {
            "id": "175",
            "type": "Feature",
            "properties":
            {
                "admin_level": "6",
                "index_right": 97.0,
                "lanes": 2,
                "lanes_length": 1315.5564462370055,
                "length": 657.7782231185028,
                "name": "городской округ Ростов-на-Дону",
                "place": null,
                "population": 1137704.0,
                "short_name": "Ростов-на-Дону",
                "type": null
            },
            "geometry":
            {
                "type": "LineString",
                "coordinates":
                [
                    [
                        39.7131703,
                        47.2426268
                    ],
                    [
                        39.7134278,
                        47.2380524
                    ],
                    [
                        39.7139857,
                        47.2367121
                    ]
                ]
            }
        },
        {
            "id": "176",
            "type": "Feature",
            "properties":
            {
                "admin_level": "6",
                "index_right": 97.0,
                "lanes": 2,
                "lanes_length": 1195.4426068172775,
                "length": 597.7213034086387,
                "name": "городской округ Ростов-на-Дону",
                "place": null,
                "population": 1137704.0,
                "short_name": "Ростов-на-Дону",
                "type": null
            },
            "geometry":
            {
                "type": "LineString",
                "coordinates":
                [
                    [
                        39.7200354,
                        47.2193444
                    ],
                    [
                        39.7177716,
                        47.2245397
                    ]
                ]
            }
        },
        {
            "id": "177",
            "type": "Feature",
            "properties":
            {
                "admin_level": "6",
                "index_right": 97.0,
                "lanes": 2,
                "lanes_length": 3901.4822268717735,
                "length": 1950.7411134358867,
                "name": "городской округ Ростов-на-Дону",
                "place": null,
                "population": 1137704.0,
                "short_name": "Ростов-на-Дону",
                "type": null
            },
            "geometry":
            {
                "type": "LineString",
                "coordinates":
                [
                    [
                        39.6479158,
                        47.2121171
                    ],
                    [
                        39.6733646,
                        47.2109364
                    ]
                ]
            }
        },
        {
            "id": "178",
            "type": "Feature",
            "properties":
            {
                "admin_level": "6",
                "index_right": 97.0,
                "lanes": 2,
                "lanes_length": 647.3625469922642,
                "length": 323.6812734961321,
                "name": "городской округ Ростов-на-Дону",
                "place": null,
                "population": 1137704.0,
                "short_name": "Ростов-на-Дону",
                "type": null
            },
            "geometry":
            {
                "type": "LineString",
                "coordinates":
                [
                    [
                        39.787626,
                        47.2336971
                    ],
                    [
                        39.7917995,
                        47.2341925
                    ]
                ]
            }
        },
        {
            "id": "273",
            "type": "Feature",
            "properties":
            {
                "admin_level": "6",
                "index_right": 97.0,
                "lanes": 1,
                "lanes_length": 860.1549587368502,
                "length": 860.1549587368502,
                "name": "городской округ Ростов-на-Дону",
                "place": null,
                "population": 1137704.0,
                "short_name": "Ростов-на-Дону",
                "type": null
            },
            "geometry":
            {
                "type": "LineString",
                "coordinates":
                [
                    [
                        39.7196531,
                        47.219743
                    ],
                    [
                        39.7088921,
                        47.2174694
                    ]
                ]
            }
        },
        {
            "id": "274",
            "type": "Feature",
            "properties":
            {
                "admin_level": "6",
                "index_right": 97.0,
                "lanes": 1,
                "lanes_length": 252.23167143090166,
                "length": 252.23167143090166,
                "name": "городской округ Ростов-на-Дону",
                "place": null,
                "population": 1137704.0,
                "short_name": "Ростов-на-Дону",
                "type": null
            },
            "geometry":
            {
                "type": "LineString",
                "coordinates":
                [
                    [
                        39.7661626,
                        47.2296741
                    ],
                    [
                        39.7629923,
                        47.2290403
                    ]
                ]
            }
        },
        {
            "id": "275",
            "type": "Feature",
            "properties":
            {
                "admin_level": "6",
                "index_right": 97.0,
                "lanes": 1,
                "lanes_length": 684.4129019795574,
                "length": 684.4129019795574,
                "name": "городской округ Ростов-на-Дону",
                "place": null,
                "population": 1137704.0,
                "short_name": "Ростов-на-Дону",
                "type": null
            },
            "geometry":
            {
                "type": "LineString",
                "coordinates":
                [
                    [
                        39.6976376,
                        47.2497566
                    ],
                    [
                        39.7065854,
                        47.2494943
                    ]
                ]
            }
        },
        {
            "id": "276",
            "type": "Feature",
            "properties":
            {
                "admin_level": "6",
                "index_right": 97.0,
                "lanes": 1,
                "lanes_length": 259.61601849188503,
                "length": 259.61601849188503,
                "name": "городской округ Ростов-на-Дону",
                "place": null,
                "population": 1137704.0,
                "short_name": "Ростов-на-Дону",
                "type": null
            },
            "geometry":
            {
                "type": "LineString",
                "coordinates":
                [
                    [
                        39.7084093,
                        47.2552256
                    ],
                    [
                        39.7053409,
                        47.2542134
                    ]
                ]
            }
        },
        {
            "id": "277",
            "type": "Feature",
            "properties":
            {
                "admin_level": "6",
                "index_right": 97.0,
                "lanes": 1,
                "lanes_length": 33.639424918206075,
                "length": 33.639424918206075,
                "name": "городской округ Ростов-на-Дону",
                "place": null,
                "population": 1137704.0,
                "short_name": "Ростов-на-Дону",
                "type": null
            },
            "geometry":
            {
                "type": "LineString",
                "coordinates":
                [
                    [
                        39.6139634,
                        47.2323478
                    ],
                    [
                        39.6135235,
                        47.2323406
                    ]
                ]
            }
        },
        {
            "id": "278",
            "type": "Feature",
            "properties":
            {
                "admin_level": "6",
                "index_right": 97.0,
                "lanes": 1,
                "lanes_length": 817.6438934295168,
                "length": 817.6438934295168,
                "name": "городской округ Ростов-на-Дону",
                "place": null,
                "population": 1137704.0,
                "short_name": "Ростов-на-Дону",
                "type": null
            },
            "geometry":
            {
                "type": "LineString",
                "coordinates":
                [
                    [
                        39.7619676,
                        47.2307013
                    ],
                    [
                        39.7516465,
                        47.2287561
                    ]
                ]
            }
        },
        {
            "id": "279",
            "type": "Feature",
            "properties":
            {
                "admin_level": "6",
                "index_right": 97.0,
                "lanes": 1,
                "lanes_length": 201.85056229835618,
                "length": 201.85056229835618,
                "name": "городской округ Ростов-на-Дону",
                "place": null,
                "population": 1137704.0,
                "short_name": "Ростов-на-Дону",
                "type": null
            },
            "geometry":
            {
                "type": "LineString",
                "coordinates":
                [
                    [
                        39.7461962,
                        47.2276924
                    ],
                    [
                        39.7452736,
                        47.2279037
                    ],
                    [
                        39.7436643,
                        47.2275977
                    ]
                ]
            }
        },
        {
            "id": "474",
            "type": "Feature",
            "properties":
            {
                "admin_level": "6",
                "index_right": 97.0,
                "lanes": 1,
                "lanes_length": 1242.4940935682914,
                "length": 1242.4940935682914,
                "name": "городской округ Ростов-на-Дону",
                "place": null,
                "population": 1137704.0,
                "short_name": "Ростов-на-Дону",
                "type": null
            },
            "geometry":
            {
                "type": "LineString",
                "coordinates":
                [
                    [
                        39.6695821,
                        47.2626057
                    ],
                    [
                        39.6745389,
                        47.2599845
                    ],
                    [
                        39.6753113,
                        47.2599554
                    ],
                    [
                        39.6810191,
                        47.2607709
                    ],
                    [
                        39.6819203,
                        47.2610913
                    ],
                    [
                        39.68383,
                        47.2621179
                    ]
                ]
            }
        },
        {
            "id": "475",
            "type": "Feature",
            "properties":
            {
                "admin_level": "6",
                "index_right": 97.0,
                "lanes": 1,
                "lanes_length": 1203.3743249821873,
                "length": 1203.3743249821873,
                "name": "городской округ Ростов-на-Дону",
                "place": null,
                "population": 1137704.0,
                "short_name": "Ростов-на-Дону",
                "type": null
            },
            "geometry":
            {
                "type": "LineString",
                "coordinates":
                [
                    [
                        39.7039701,
                        47.2537568
                    ],
                    [
                        39.6905805,
                        47.2595095
                    ]
                ]
            }
        },
        {
            "id": "476",
            "type": "Feature",
            "properties":
            {
                "admin_level": "6",
                "index_right": 97.0,
                "lanes": 1,
                "lanes_length": 980.1559538440183,
                "length": 980.1559538440183,
                "name": "городской округ Ростов-на-Дону",
                "place": null,
                "population": 1137704.0,
                "short_name": "Ростов-на-Дону",
                "type": null
            },
            "geometry":
            {
                "type": "LineString",
                "coordinates":
                [
                    [
                        39.6898433,
                        47.2591843
                    ],
                    [
                        39.6958085,
                        47.2513052
                    ]
                ]
            }
        },
        {
            "id": "477",
            "type": "Feature",
            "properties":
            {
                "admin_level": "6",
                "index_right": 97.0,
                "lanes": 1,
                "lanes_length": 584.8278760172376,
                "length": 584.8278760172376,
                "name": "городской округ Ростов-на-Дону",
                "place": null,
                "population": 1137704.0,
                "short_name": "Ростов-на-Дону",
                "type": null
            },
            "geometry":
            {
                "type": "LineString",
                "coordinates":
                [
                    [
                        39.7013712,
                        47.2159756
                    ],
                    [
                        39.7086989,
                        47.217495
                    ]
                ]
            }
        },
        {
            "id": "478",
            "type": "Feature",
            "properties":
            {
                "admin_level": "6",
                "index_right": 97.0,
                "lanes": 1,
                "lanes_length": 165.913503912111,
                "length": 165.913503912111,
                "name": "городской округ Ростов-на-Дону",
                "place": null,
                "population": 1137704.0,
                "short_name": "Ростов-на-Дону",
                "type": null
            },
            "geometry":
            {
                "type": "LineString",
                "coordinates":
                [
                    [
                        39.6737133,
                        47.2109364
                    ],
                    [
                        39.6758805,
                        47.211002
                    ]
                ]
            }
        },
        {
            "id": "479",
            "type": "Feature",
            "properties":
            {
                "admin_level": "6",
                "index_right": 97.0,
                "lanes": 1,
                "lanes_length": 118.19779259818647,
                "length": 118.19779259818647,
                "name": "городской округ Ростов-на-Дону",
                "place": null,
                "population": 1137704.0,
                "short_name": "Ростов-на-Дону",
                "type": null
            },
            "geometry":
            {
                "type": "LineString",
                "coordinates":
                [
                    [
                        39.6152516,
                        47.2033726
                    ],
                    [
                        39.6137066,
                        47.203358
                    ]
                ]
            }
        },
        {
            "id": "480",
            "type": "Feature",
            "properties":
            {
                "admin_level": "6",
                "index_right": 97.0,
                "lanes": 1,
                "lanes_length": 492.65921958452265,
                "length": 492.65921958452265,
                "name": "городской округ Ростов-на-Дону",
                "place": null,
                "population": 1137704.0,
                "short_name": "Ростов-на-Дону",
                "type": null
            },
            "geometry":
            {
                "type": "LineString",
                "coordinates":
                [
                    [
                        39.7982583,
                        47.2351104
                    ],
                    [
                        39.7919068,
                        47.2343528
                    ]
                ]
            }
        },
        {
            "id": "86",
            "type": "Feature",
            "properties":
            {
                "admin_level": "6",
                "index_right": 323.0,
                "lanes": 2,
                "lanes_length": 6359.617765095641,
                "length": 3179.8088825478203,
                "name": "городской округ Набережные Челны",
                "place": null,
                "population": 532074.0,
                "short_name": "Набережные Челны",
                "type": null
            },
            "geometry":
            {
                "type": "LineString",
                "coordinates":
                [
                    [
                        52.2871971,
                        55.6766165
                    ],
                    [
                        52.305479,
                        55.6884235
                    ],
                    [
                        52.3168087,
                        55.6995498
                    ]
                ]
            }
        },
        {
            "id": "87",
            "type": "Feature",
            "properties":
            {
                "admin_level": "6",
                "index_right": 323.0,
                "lanes": 2,
                "lanes_length": 3200.2686908786613,
                "length": 1600.1343454393307,
                "name": "городской округ Набережные Челны",
                "place": null,
                "population": 532074.0,
                "short_name": "Набережные Челны",
                "type": null
            },
            "geometry":
            {
                "type": "LineString",
                "coordinates":
                [
                    [
                        52.3288679,
                        55.7019198
                    ],
                    [
                        52.344532,
                        55.7039269
                    ],
                    [
                        52.3529863,
                        55.706345
                    ]
                ]
            }
        },
        {
            "id": "88",
            "type": "Feature",
            "properties":
            {
                "admin_level": "6",
                "index_right": 323.0,
                "lanes": 2,
                "lanes_length": 2291.174809657161,
                "length": 1145.5874048285805,
                "name": "городской округ Набережные Челны",
                "place": null,
                "population": 532074.0,
                "short_name": "Набережные Челны",
                "type": null
            },
            "geometry":
            {
                "type": "LineString",
                "coordinates":
                [
                    [
                        52.3604751,
                        55.7100927
                    ],
                    [
                        52.364037,
                        55.7118939
                    ],
                    [
                        52.3665905,
                        55.7149884
                    ],
                    [
                        52.3717403,
                        55.7179738
                    ]
                ]
            }
        },
        {
            "id": "89",
            "type": "Feature",
            "properties":
            {
                "admin_level": "6",
                "index_right": 323.0,
                "lanes": 2,
                "lanes_length": 13538.216585018446,
                "length": 6769.108292509223,
                "name": "городской округ Набережные Челны",
                "place": null,
                "population": 532074.0,
                "short_name": "Набережные Челны",
                "type": null
            },
            "geometry":
            {
                "type": "LineString",
                "coordinates":
                [
                    [
                        52.3725986,
                        55.7184573
                    ],
                    [
                        52.404871,
                        55.7360992
                    ],
                    [
                        52.4097633,
                        55.7443616
                    ],
                    [
                        52.4437523,
                        55.7629576
                    ]
                ]
            }
        },
        {
            "id": "90",
            "type": "Feature",
            "properties":
            {
                "admin_level": "6",
                "index_right": 323.0,
                "lanes": 2,
                "lanes_length": 11852.474902042824,
                "length": 5926.237451021412,
                "name": "городской округ Набережные Челны",
                "place": null,
                "population": 532074.0,
                "short_name": "Набережные Челны",
                "type": null
            },
            "geometry":
            {
                "type": "LineString",
                "coordinates":
                [
                    [
                        52.3865032,
                        55.7194242
                    ],
                    [
                        52.4547386,
                        55.7561965
                    ]
                ]
            }
        },
        {
            "id": "91",
            "type": "Feature",
            "properties":
            {
                "admin_level": "6",
                "index_right": 323.0,
                "lanes": 2,
                "lanes_length": 6037.302147132026,
                "length": 3018.651073566013,
                "name": "городской округ Набережные Челны",
                "place": null,
                "population": 532074.0,
                "short_name": "Набережные Челны",
                "type": null
            },
            "geometry":
            {
                "type": "LineString",
                "coordinates":
                [
                    [
                        52.3824692,
                        55.7457143
                    ],
                    [
                        52.4133682,
                        55.7405447
                    ],
                    [
                        52.4244404,
                        55.7340696
                    ]
                ]
            }
        },
        {
            "id": "92",
            "type": "Feature",
            "properties":
            {
                "admin_level": "6",
                "index_right": 323.0,
                "lanes": 2,
                "lanes_length": 5780.176033134399,
                "length": 2890.0880165671997,
                "name": "городской округ Набережные Челны",
                "place": null,
                "population": 532074.0,
                "short_name": "Набережные Челны",
                "type": null
            },
            "geometry":
            {
                "type": "LineString",
                "coordinates":
                [
                    [
                        52.4339676,
                        55.7397233
                    ],
                    [
                        52.4017811,
                        55.7582732
                    ]
                ]
            }
        },
        {
            "id": "93",
            "type": "Feature",
            "properties":
            {
                "admin_level": "6",
                "index_right": 483.0,
                "lanes": 2,
                "lanes_length": 425.10191852797533,
                "length": 212.55095926398766,
                "name": "городской округ Омск",
                "place": null,
                "population": 1139897.0,
                "short_name": "Омск",
                "type": null
            },
            "geometry":
            {
                "type": "LineString",
                "coordinates":
                [
                    [
                        73.3765697,
                        54.9870208
                    ],
                    [
                        73.3779323,
                        54.9852849
                    ]
                ]
            }
        },
        {
            "id": "94",
            "type": "Feature",
            "properties":
            {
                "admin_level": "6",
                "index_right": 483.0,
                "lanes": 2,
                "lanes_length": 906.4172878504847,
                "length": 453.20864392524237,
                "name": "городской округ Омск",
                "place": null,
                "population": 1139897.0,
                "short_name": "Омск",
                "type": null
            },
            "geometry":
            {
                "type": "LineString",
                "coordinates":
                [
                    [
                        73.3720207,
                        54.9911327
                    ],
                    [
                        73.3649182,
                        54.9912804
                    ]
                ]
            }
        },
        {
            "id": "153",
            "type": "Feature",
            "properties":
            {
                "admin_level": "6",
                "index_right": 483.0,
                "lanes": 2,
                "lanes_length": 1418.2848859248963,
                "length": 709.1424429624482,
                "name": "городской округ Омск",
                "place": null,
                "population": 1139897.0,
                "short_name": "Омск",
                "type": null
            },
            "geometry":
            {
                "type": "LineString",
                "coordinates":
                [
                    [
                        73.3594181,
                        54.994648
                    ],
                    [
                        73.3532812,
                        54.9999407
                    ]
                ]
            }
        },
        {
            "id": "154",
            "type": "Feature",
            "properties":
            {
                "admin_level": "6",
                "index_right": 483.0,
                "lanes": 2,
                "lanes_length": 1464.8649996784523,
                "length": 732.4324998392261,
                "name": "городской округ Омск",
                "place": null,
                "population": 1139897.0,
                "short_name": "Омск",
                "type": null
            },
            "geometry":
            {
                "type": "LineString",
                "coordinates":
                [
                    [
                        73.3320553,
                        55.0125924
                    ],
                    [
                        73.339952,
                        55.010107
                    ],
                    [
                        73.3418401,
                        55.0091964
                    ]
                ]
            }
        },
        {
            "id": "240",
            "type": "Feature",
            "properties":
            {
                "admin_level": "6",
                "index_right": 483.0,
                "lanes": 1,
                "lanes_length": 855.5831675515478,
                "length": 855.5831675515478,
                "name": "городской округ Омск",
                "place": null,
                "population": 1139897.0,
                "short_name": "Омск",
                "type": null
            },
            "geometry":
            {
                "type": "LineString",
                "coordinates":
                [
                    [
                        73.3860219,
                        54.9625379
                    ],
                    [
                        73.3857859,
                        54.9638807
                    ],
                    [
                        73.3833075,
                        54.9700272
                    ]
                ]
            }
        },
        {
            "id": "241",
            "type": "Feature",
            "properties":
            {
                "admin_level": "6",
                "index_right": 483.0,
                "lanes": 1,
                "lanes_length": 552.0231344007491,
                "length": 552.0231344007491,
                "name": "городской округ Омск",
                "place": null,
                "population": 1139897.0,
                "short_name": "Омск",
                "type": null
            },
            "geometry":
            {
                "type": "LineString",
                "coordinates":
                [
                    [
                        73.3801746,
                        54.9816527
                    ],
                    [
                        73.3811725,
                        54.9767455
                    ]
                ]
            }
        },
        {
            "id": "242",
            "type": "Feature",
            "properties":
            {
                "admin_level": "6",
                "index_right": 483.0,
                "lanes": 1,
                "lanes_length": 188.5141950183358,
                "length": 188.5141950183358,
                "name": "городской округ Омск",
                "place": null,
                "population": 1139897.0,
                "short_name": "Омск",
                "type": null
            },
            "geometry":
            {
                "type": "LineString",
                "coordinates":
                [
                    [
                        73.3824062,
                        54.9730016
                    ],
                    [
                        73.3820521,
                        54.9746765
                    ]
                ]
            }
        },
        {
            "id": "302",
            "type": "Feature",
            "properties":
            {
                "admin_level": "6",
                "index_right": 483.0,
                "lanes": 1,
                "lanes_length": 742.1981480321069,
                "length": 742.1981480321069,
                "name": "городской округ Омск",
                "place": null,
                "population": 1139897.0,
                "short_name": "Омск",
                "type": null
            },
            "geometry":
            {
                "type": "LineString",
                "coordinates":
                [
                    [
                        73.3535242,
                        55.0242215
                    ],
                    [
                        73.3578479,
                        55.0245905
                    ],
                    [
                        73.3641458,
                        55.024486
                    ],
                    [
                        73.3649933,
                        55.0242092
                    ]
                ]
            }
        },
        {
            "id": "361",
            "type": "Feature",
            "properties":
            {
                "admin_level": "6",
                "index_right": 483.0,
                "lanes": 1,
                "lanes_length": 261.7412945255677,
                "length": 261.7412945255677,
                "name": "городской округ Омск",
                "place": null,
                "population": 1139897.0,
                "short_name": "Омск",
                "type": null
            },
            "geometry":
            {
                "type": "LineString",
                "coordinates":
                [
                    [
                        73.3745099,
                        54.9892454
                    ],
                    [
                        73.3761943,
                        54.9871094
                    ]
                ]
            }
        },
        {
            "id": "96",
            "type": "Feature",
            "properties":
            {
                "admin_level": "6",
                "index_right": 16.0,
                "lanes": 2,
                "lanes_length": 2025.9197248243663,
                "length": 1012.9598624121832,
                "name": "городской округ Сочи",
                "place": null,
                "population": 432322.0,
                "short_name": "Сочи",
                "type": null
            },
            "geometry":
            {
                "type": "LineString",
                "coordinates":
                [
                    [
                        39.7270667,
                        43.5916243
                    ],
                    [
                        39.7263479,
                        43.5871832
                    ],
                    [
                        39.7228074,
                        43.5831732
                    ]
                ]
            }
        },
        {
            "id": "303",
            "type": "Feature",
            "properties":
            {
                "admin_level": "6",
                "index_right": 16.0,
                "lanes": 1,
                "lanes_length": 2671.4328842308846,
                "length": 2671.4328842308846,
                "name": "городской округ Сочи",
                "place": null,
                "population": 432322.0,
                "short_name": "Сочи",
                "type": null
            },
            "geometry":
            {
                "type": "LineString",
                "coordinates":
                [
                    [
                        39.7210371,
                        43.58294
                    ],
                    [
                        39.7253823,
                        43.5793028
                    ],
                    [
                        39.7386217,
                        43.5697888
                    ],
                    [
                        39.7448015,
                        43.5663373
                    ]
                ]
            }
        },
        {
            "id": "318",
            "type": "Feature",
            "properties":
            {
                "admin_level": "6",
                "index_right": 16.0,
                "lanes": 1,
                "lanes_length": 222.9057525396946,
                "length": 222.9057525396946,
                "name": "городской округ Сочи",
                "place": null,
                "population": 432322.0,
                "short_name": "Сочи",
                "type": null
            },
            "geometry":
            {
                "type": "LineString",
                "coordinates":
                [
                    [
                        39.7224534,
                        43.5940681
                    ],
                    [
                        39.7248137,
                        43.5930657
                    ]
                ]
            }
        },
        {
            "id": "319",
            "type": "Feature",
            "properties":
            {
                "admin_level": "6",
                "index_right": 16.0,
                "lanes": 1,
                "lanes_length": 78.99451409148672,
                "length": 78.99451409148672,
                "name": "городской округ Сочи",
                "place": null,
                "population": 432322.0,
                "short_name": "Сочи",
                "type": null
            },
            "geometry":
            {
                "type": "LineString",
                "coordinates":
                [
                    [
                        39.7277534,
                        43.5929375
                    ],
                    [
                        39.7282201,
                        43.5935708
                    ]
                ]
            }
        },
        {
            "id": "97",
            "type": "Feature",
            "properties":
            {
                "admin_level": "6",
                "index_right": 243.0,
                "lanes": 2,
                "lanes_length": 164.11016836111963,
                "length": 82.05508418055982,
                "name": "городской округ Ярославль",
                "place": null,
                "population": 601403.0,
                "short_name": "Ярославль",
                "type": null
            },
            "geometry":
            {
                "type": "LineString",
                "coordinates":
                [
                    [
                        39.8354441,
                        57.6263708
                    ],
                    [
                        39.8365063,
                        57.6259026
                    ]
                ]
            }
        },
        {
            "id": "193",
            "type": "Feature",
            "properties":
            {
                "admin_level": "6",
                "index_right": 243.0,
                "lanes": 2,
                "lanes_length": 1262.026266113386,
                "length": 631.013133056693,
                "name": "городской округ Ярославль",
                "place": null,
                "population": 601403.0,
                "short_name": "Ярославль",
                "type": null
            },
            "geometry":
            {
                "type": "LineString",
                "coordinates":
                [
                    [
                        39.8727652,
                        57.6257877
                    ],
                    [
                        39.8833537,
                        57.6253684
                    ]
                ]
            }
        },
        {
            "id": "311",
            "type": "Feature",
            "properties":
            {
                "admin_level": "6",
                "index_right": 243.0,
                "lanes": 1,
                "lanes_length": 372.74647531754357,
                "length": 372.74647531754357,
                "name": "городской округ Ярославль",
                "place": null,
                "population": 601403.0,
                "short_name": "Ярославль",
                "type": null
            },
            "geometry":
            {
                "type": "LineString",
                "coordinates":
                [
                    [
                        39.8838472,
                        57.625805
                    ],
                    [
                        39.8839868,
                        57.6253454
                    ],
                    [
                        39.887023,
                        57.6229785
                    ]
                ]
            }
        },
        {
            "id": "312",
            "type": "Feature",
            "properties":
            {
                "admin_level": "6",
                "index_right": 243.0,
                "lanes": 1,
                "lanes_length": 83.63040302230397,
                "length": 83.63040302230397,
                "name": "городской округ Ярославль",
                "place": null,
                "population": 601403.0,
                "short_name": "Ярославль",
                "type": null
            },
            "geometry":
            {
                "type": "LineString",
                "coordinates":
                [
                    [
                        39.8878866,
                        57.6332063
                    ],
                    [
                        39.8879188,
                        57.6324596
                    ]
                ]
            }
        },
        {
            "id": "399",
            "type": "Feature",
            "properties":
            {
                "admin_level": "6",
                "index_right": 243.0,
                "lanes": 1,
                "lanes_length": 1531.3878628280286,
                "length": 1531.3878628280286,
                "name": "городской округ Ярославль",
                "place": null,
                "population": 601403.0,
                "short_name": "Ярославль",
                "type": null
            },
            "geometry":
            {
                "type": "LineString",
                "coordinates":
                [
                    [
                        39.9219733,
                        57.6284332
                    ],
                    [
                        39.9200421,
                        57.6312248
                    ],
                    [
                        39.9151497,
                        57.6406205
                    ],
                    [
                        39.9142485,
                        57.6414474
                    ]
                ]
            }
        },
        {
            "id": "498",
            "type": "Feature",
            "properties":
            {
                "admin_level": "6",
                "index_right": 243.0,
                "lanes": 1,
                "lanes_length": 273.6061786358165,
                "length": 273.6061786358165,
                "name": "городской округ Ярославль",
                "place": null,
                "population": 601403.0,
                "short_name": "Ярославль",
                "type": null
            },
            "geometry":
            {
                "type": "LineString",
                "coordinates":
                [
                    [
                        39.8888969,
                        57.6231389
                    ],
                    [
                        39.8860055,
                        57.6250404
                    ]
                ]
            }
        },
        {
            "id": "98",
            "type": "Feature",
            "properties":
            {
                "admin_level": "6",
                "index_right": 165.0,
                "lanes": 2,
                "lanes_length": 4434.9262630169815,
                "length": 2217.4631315084907,
                "name": "городской округ Химки",
                "place": null,
                "population": 257757.0,
                "short_name": "Химки",
                "type": null
            },
            "geometry":
            {
                "type": "LineString",
                "coordinates":
                [
                    [
                        37.4299908,
                        55.88855
                    ],
                    [
                        37.4257851,
                        55.8870097
                    ],
                    [
                        37.4205494,
                        55.8866246
                    ],
                    [
                        37.4160862,
                        55.8875392
                    ],
                    [
                        37.4130821,
                        55.8893683
                    ],
                    [
                        37.4111938,
                        55.8915823
                    ],
                    [
                        37.4091339,
                        55.8979832
                    ]
                ]
            }
        },
        {
            "id": "169",
            "type": "Feature",
            "properties":
            {
                "admin_level": "6",
                "index_right": 165.0,
                "lanes": 2,
                "lanes_length": 1316.316491562494,
                "length": 658.158245781247,
                "name": "городской округ Химки",
                "place": null,
                "population": 257757.0,
                "short_name": "Химки",
                "type": null
            },
            "geometry":
            {
                "type": "LineString",
                "coordinates":
                [
                    [
                        37.4115385,
                        55.8840697
                    ],
                    [
                        37.4147143,
                        55.8836485
                    ],
                    [
                        37.4194779,
                        55.8805674
                    ]
                ]
            }
        },
        {
            "id": "316",
            "type": "Feature",
            "properties":
            {
                "admin_level": "6",
                "index_right": 165.0,
                "lanes": 1,
                "lanes_length": 254.310979911348,
                "length": 254.310979911348,
                "name": "городской округ Химки",
                "place": null,
                "population": 257757.0,
                "short_name": "Химки",
                "type": null
            },
            "geometry":
            {
                "type": "LineString",
                "coordinates":
                [
                    [
                        37.4091125,
                        55.9624378
                    ],
                    [
                        37.4051642,
                        55.9618433
                    ]
                ]
            }
        },
        {
            "id": "450",
            "type": "Feature",
            "properties":
            {
                "admin_level": "6",
                "index_right": 165.0,
                "lanes": 1,
                "lanes_length": 257.4934310320833,
                "length": 257.4934310320833,
                "name": "городской округ Химки",
                "place": null,
                "population": 257757.0,
                "short_name": "Химки",
                "type": null
            },
            "geometry":
            {
                "type": "LineString",
                "coordinates":
                [
                    [
                        37.4538565,
                        55.8833167
                    ],
                    [
                        37.4531377,
                        55.8845503
                    ],
                    [
                        37.4523652,
                        55.8854589
                    ]
                ]
            }
        },
        {
            "id": "452",
            "type": "Feature",
            "properties":
            {
                "admin_level": "6",
                "index_right": 165.0,
                "lanes": 1,
                "lanes_length": 667.618271599941,
                "length": 667.618271599941,
                "name": "городской округ Химки",
                "place": null,
                "population": 257757.0,
                "short_name": "Химки",
                "type": null
            },
            "geometry":
            {
                "type": "LineString",
                "coordinates":
                [
                    [
                        37.4196022,
                        55.9093981
                    ],
                    [
                        37.4199401,
                        55.9088538
                    ],
                    [
                        37.4206858,
                        55.9082014
                    ],
                    [
                        37.4223541,
                        55.9074466
                    ],
                    [
                        37.4276569,
                        55.9057131
                    ]
                ]
            }
        },
        {
            "id": "453",
            "type": "Feature",
            "properties":
            {
                "admin_level": "6",
                "index_right": 165.0,
                "lanes": 1,
                "lanes_length": 270.36048096818377,
                "length": 270.36048096818377,
                "name": "городской округ Химки",
                "place": null,
                "population": 257757.0,
                "short_name": "Химки",
                "type": null
            },
            "geometry":
            {
                "type": "LineString",
                "coordinates":
                [
                    [
                        37.4237909,
                        55.8781842
                    ],
                    [
                        37.4207224,
                        55.8798934
                    ]
                ]
            }
        },
        {
            "id": "481",
            "type": "Feature",
            "properties":
            {
                "admin_level": "6",
                "index_right": 165.0,
                "lanes": 1,
                "lanes_length": 1400.4859508639781,
                "length": 1400.4859508639781,
                "name": "городской округ Химки",
                "place": null,
                "population": 257757.0,
                "short_name": "Химки",
                "type": null
            },
            "geometry":
            {
                "type": "LineString",
                "coordinates":
                [
                    [
                        37.4912436,
                        55.9023553
                    ],
                    [
                        37.4933036,
                        55.9061323
                    ],
                    [
                        37.4952026,
                        55.9146413
                    ]
                ]
            }
        },
        {
            "id": "109",
            "type": "Feature",
            "properties":
            {
                "admin_level": null,
                "index_right": 699.0,
                "lanes": 2,
                "lanes_length": 5127.30794085096,
                "length": 2563.65397042548,
                "name": "городской округ Одинцовский",
                "place": null,
                "population": null,
                "short_name": null,
                "type": null
            },
            "geometry":
            {
                "type": "LineString",
                "coordinates":
                [
                    [
                        37.3449325,
                        55.6991145
                    ],
                    [
                        37.3638153,
                        55.7089322
                    ],
                    [
                        37.3778915,
                        55.7121236
                    ]
                ]
            }
        },
        {
            "id": "375",
            "type": "Feature",
            "properties":
            {
                "admin_level": null,
                "index_right": 699.0,
                "lanes": 1,
                "lanes_length": 329.00883317530196,
                "length": 329.00883317530196,
                "name": "городской округ Одинцовский",
                "place": null,
                "population": null,
                "short_name": null,
                "type": null
            },
            "geometry":
            {
                "type": "LineString",
                "coordinates":
                [
                    [
                        37.2777595,
                        55.6750045
                    ],
                    [
                        37.281064,
                        55.6727176
                    ]
                ]
            }
        },
        {
            "id": "128",
            "type": "Feature",
            "properties":
            {
                "admin_level": "6",
                "index_right": 81.0,
                "lanes": 2,
                "lanes_length": 188.60734574083787,
                "length": 94.30367287041894,
                "name": "городской округ Смоленск",
                "place": null,
                "population": 320170.0,
                "short_name": "Смоленск",
                "type": null
            },
            "geometry":
            {
                "type": "LineString",
                "coordinates":
                [
                    [
                        32.0506905,
                        54.7894342
                    ],
                    [
                        32.050476,
                        54.7902693
                    ]
                ]
            }
        },
        {
            "id": "351",
            "type": "Feature",
            "properties":
            {
                "admin_level": "6",
                "index_right": 81.0,
                "lanes": 1,
                "lanes_length": 125.75131230533839,
                "length": 125.75131230533839,
                "name": "городской округ Смоленск",
                "place": null,
                "population": 320170.0,
                "short_name": "Смоленск",
                "type": null
            },
            "geometry":
            {
                "type": "LineString",
                "coordinates":
                [
                    [
                        32.0546789,
                        54.7814609
                    ],
                    [
                        32.0527692,
                        54.7817177
                    ]
                ]
            }
        },
        {
            "id": "352",
            "type": "Feature",
            "properties":
            {
                "admin_level": "6",
                "index_right": 81.0,
                "lanes": 1,
                "lanes_length": 51.80355459558957,
                "length": 51.80355459558957,
                "name": "городской округ Смоленск",
                "place": null,
                "population": 320170.0,
                "short_name": "Смоленск",
                "type": null
            },
            "geometry":
            {
                "type": "LineString",
                "coordinates":
                [
                    [
                        32.0447098,
                        54.8042821
                    ],
                    [
                        32.0444201,
                        54.804715
                    ]
                ]
            }
        },
        {
            "id": "353",
            "type": "Feature",
            "properties":
            {
                "admin_level": "6",
                "index_right": 81.0,
                "lanes": 1,
                "lanes_length": 146.80927595078896,
                "length": 146.80927595078896,
                "name": "городской округ Смоленск",
                "place": null,
                "population": 320170.0,
                "short_name": "Смоленск",
                "type": null
            },
            "geometry":
            {
                "type": "LineString",
                "coordinates":
                [
                    [
                        32.0537804,
                        54.7905914
                    ],
                    [
                        32.0515059,
                        54.7904368
                    ]
                ]
            }
        },
        {
            "id": "130",
            "type": "Feature",
            "properties":
            {
                "admin_level": "6",
                "index_right": 303.0,
                "lanes": 2,
                "lanes_length": 1085.535663348055,
                "length": 542.7678316740275,
                "name": "городской округ Ульяновск",
                "place": null,
                "population": 625462.0,
                "short_name": "Ульяновск",
                "type": null
            },
            "geometry":
            {
                "type": "LineString",
                "coordinates":
                [
                    [
                        48.3714055,
                        54.3062687
                    ],
                    [
                        48.3631229,
                        54.3055926
                    ]
                ]
            }
        },
        {
            "id": "419",
            "type": "Feature",
            "properties":
            {
                "admin_level": "6",
                "index_right": 303.0,
                "lanes": 1,
                "lanes_length": 1093.4622037156466,
                "length": 1093.4622037156466,
                "name": "городской округ Ульяновск",
                "place": null,
                "population": 625462.0,
                "short_name": "Ульяновск",
                "type": null
            },
            "geometry":
            {
                "type": "LineString",
                "coordinates":
                [
                    [
                        48.3982309,
                        54.3047847
                    ],
                    [
                        48.4038957,
                        54.306212
                    ],
                    [
                        48.4086164,
                        54.30814
                    ],
                    [
                        48.4114488,
                        54.3104684
                    ]
                ]
            }
        },
        {
            "id": "420",
            "type": "Feature",
            "properties":
            {
                "admin_level": "6",
                "index_right": 303.0,
                "lanes": 1,
                "lanes_length": 558.6908654387337,
                "length": 558.6908654387337,
                "name": "городской округ Ульяновск",
                "place": null,
                "population": 625462.0,
                "short_name": "Ульяновск",
                "type": null
            },
            "geometry":
            {
                "type": "LineString",
                "coordinates":
                [
                    [
                        48.4832782,
                        54.3228054
                    ],
                    [
                        48.480231,
                        54.321748
                    ],
                    [
                        48.475768,
                        54.3203587
                    ]
                ]
            }
        },
        {
            "id": "144",
            "type": "Feature",
            "properties":
            {
                "admin_level": "6",
                "index_right": 261.0,
                "lanes": 2,
                "lanes_length": 1894.2033154552896,
                "length": 947.1016577276448,
                "name": "городской округ Вологда",
                "place": null,
                "population": 308530.0,
                "short_name": "Вологда",
                "type": null
            },
            "geometry":
            {
                "type": "LineString",
                "coordinates":
                [
                    [
                        39.8688675,
                        59.2030597
                    ],
                    [
                        39.8637605,
                        59.1990824
                    ],
                    [
                        39.8603273,
                        59.195808
                    ]
                ]
            }
        },
        {
            "id": "417",
            "type": "Feature",
            "properties":
            {
                "admin_level": "6",
                "index_right": 261.0,
                "lanes": 1,
                "lanes_length": 855.6483322475245,
                "length": 855.6483322475245,
                "name": "городской округ Вологда",
                "place": null,
                "population": 308530.0,
                "short_name": "Вологда",
                "type": null
            },
            "geometry":
            {
                "type": "LineString",
                "coordinates":
                [
                    [
                        39.8446671,
                        59.2172841
                    ],
                    [
                        39.8296682,
                        59.2165813
                    ]
                ]
            }
        },
        {
            "id": "145",
            "type": "Feature",
            "properties":
            {
                "admin_level": "6",
                "index_right": 93.0,
                "lanes": 2,
                "lanes_length": 7973.0681840232355,
                "length": 3986.5340920116178,
                "name": "городской округ Белгород",
                "place": null,
                "population": 391702.0,
                "short_name": "Белгород",
                "type": null
            },
            "geometry":
            {
                "type": "LineString",
                "coordinates":
                [
                    [
                        36.5662236,
                        50.5879206
                    ],
                    [
                        36.5705212,
                        50.5666657
                    ],
                    [
                        36.5728851,
                        50.5522524
                    ]
                ]
            }
        },
        {
            "id": "146",
            "type": "Feature",
            "properties":
            {
                "admin_level": "6",
                "index_right": 93.0,
                "lanes": 2,
                "lanes_length": 9553.95951689771,
                "length": 4776.979758448855,
                "name": "городской округ Белгород",
                "place": null,
                "population": 391702.0,
                "short_name": "Белгород",
                "type": null
            },
            "geometry":
            {
                "type": "LineString",
                "coordinates":
                [
                    [
                        36.5795046,
                        50.5954843
                    ],
                    [
                        36.5808463,
                        50.6037847
                    ],
                    [
                        36.5708894,
                        50.6378951
                    ]
                ]
            }
        },
        {
            "id": "149",
            "type": "Feature",
            "properties":
            {
                "admin_level": "6",
                "index_right": 93.0,
                "lanes": 2,
                "lanes_length": 2120.952697228983,
                "length": 1060.4763486144916,
                "name": "городской округ Белгород",
                "place": null,
                "population": 391702.0,
                "short_name": "Белгород",
                "type": null
            },
            "geometry":
            {
                "type": "LineString",
                "coordinates":
                [
                    [
                        36.5649583,
                        50.6553609
                    ],
                    [
                        36.5679624,
                        50.6460006
                    ]
                ]
            }
        },
        {
            "id": "405",
            "type": "Feature",
            "properties":
            {
                "admin_level": "6",
                "index_right": 93.0,
                "lanes": 1,
                "lanes_length": 852.1423314763558,
                "length": 852.1423314763558,
                "name": "городской округ Белгород",
                "place": null,
                "population": 391702.0,
                "short_name": "Белгород",
                "type": null
            },
            "geometry":
            {
                "type": "LineString",
                "coordinates":
                [
                    [
                        36.5710003,
                        50.6384146
                    ],
                    [
                        36.5685112,
                        50.6459261
                    ]
                ]
            }
        },
        {
            "id": "406",
            "type": "Feature",
            "properties":
            {
                "admin_level": "6",
                "index_right": 93.0,
                "lanes": 1,
                "lanes_length": 222.12656859870236,
                "length": 222.12656859870236,
                "name": "городской округ Белгород",
                "place": null,
                "population": 391702.0,
                "short_name": "Белгород",
                "type": null
            },
            "geometry":
            {
                "type": "LineString",
                "coordinates":
                [
                    [
                        36.566206,
                        50.5880332
                    ],
                    [
                        36.5683947,
                        50.5894637
                    ]
                ]
            }
        },
        {
            "id": "407",
            "type": "Feature",
            "properties":
            {
                "admin_level": "6",
                "index_right": 93.0,
                "lanes": 1,
                "lanes_length": 479.9385605840059,
                "length": 479.9385605840059,
                "name": "городской округ Белгород",
                "place": null,
                "population": 391702.0,
                "short_name": "Белгород",
                "type": null
            },
            "geometry":
            {
                "type": "LineString",
                "coordinates":
                [
                    [
                        36.5641246,
                        50.588619
                    ],
                    [
                        36.5636096,
                        50.5892048
                    ],
                    [
                        36.5637169,
                        50.5898179
                    ],
                    [
                        36.5644465,
                        50.589995
                    ],
                    [
                        36.5652404,
                        50.5898723
                    ],
                    [
                        36.5657447,
                        50.5895931
                    ],
                    [
                        36.566206,
                        50.5880332
                    ]
                ]
            }
        },
        {
            "id": "408",
            "type": "Feature",
            "properties":
            {
                "admin_level": "6",
                "index_right": 93.0,
                "lanes": 1,
                "lanes_length": 264.4328330869155,
                "length": 264.4328330869155,
                "name": "городской округ Белгород",
                "place": null,
                "population": 391702.0,
                "short_name": "Белгород",
                "type": null
            },
            "geometry":
            {
                "type": "LineString",
                "coordinates":
                [
                    [
                        36.5666521,
                        50.5658203
                    ],
                    [
                        36.5703429,
                        50.5661338
                    ]
                ]
            }
        },
        {
            "id": "432",
            "type": "Feature",
            "properties":
            {
                "admin_level": "6",
                "index_right": 93.0,
                "lanes": 1,
                "lanes_length": 707.8648377859165,
                "length": 707.8648377859165,
                "name": "городской округ Белгород",
                "place": null,
                "population": 391702.0,
                "short_name": "Белгород",
                "type": null
            },
            "geometry":
            {
                "type": "LineString",
                "coordinates":
                [
                    [
                        36.5840063,
                        50.5717203
                    ],
                    [
                        36.5827725,
                        50.5780501
                    ]
                ]
            }
        },
        {
            "id": "150",
            "type": "Feature",
            "properties":
            {
                "admin_level": "6",
                "index_right": 131.0,
                "lanes": 2,
                "lanes_length": 4526.734295229703,
                "length": 2263.3671476148515,
                "name": "городской округ Воронеж",
                "place": null,
                "population": 1050602.0,
                "short_name": "Воронеж",
                "type": null
            },
            "geometry":
            {
                "type": "LineString",
                "coordinates":
                [
                    [
                        39.2621255,
                        51.6861443
                    ],
                    [
                        39.2318702,
                        51.6938861
                    ]
                ]
            }
        },
        {
            "id": "155",
            "type": "Feature",
            "properties":
            {
                "admin_level": "6",
                "index_right": 131.0,
                "lanes": 2,
                "lanes_length": 4763.893328823184,
                "length": 2381.946664411592,
                "name": "городской округ Воронеж",
                "place": null,
                "population": 1050602.0,
                "short_name": "Воронеж",
                "type": null
            },
            "geometry":
            {
                "type": "LineString",
                "coordinates":
                [
                    [
                        39.2157841,
                        51.6734218
                    ],
                    [
                        39.2205953,
                        51.6684718
                    ],
                    [
                        39.2221188,
                        51.6679394
                    ],
                    [
                        39.2451428,
                        51.6654507
                    ]
                ]
            }
        },
        {
            "id": "156",
            "type": "Feature",
            "properties":
            {
                "admin_level": "6",
                "index_right": 131.0,
                "lanes": 2,
                "lanes_length": 5428.337347100184,
                "length": 2714.168673550092,
                "name": "городской округ Воронеж",
                "place": null,
                "population": 1050602.0,
                "short_name": "Воронеж",
                "type": null
            },
            "geometry":
            {
                "type": "LineString",
                "coordinates":
                [
                    [
                        39.1983283,
                        51.6458517
                    ],
                    [
                        39.2032636,
                        51.6420169
                    ],
                    [
                        39.2081451,
                        51.637251
                    ],
                    [
                        39.2103017,
                        51.6363971
                    ],
                    [
                        39.228931,
                        51.6324824
                    ]
                ]
            }
        },
        {
            "id": "158",
            "type": "Feature",
            "properties":
            {
                "admin_level": "6",
                "index_right": 131.0,
                "lanes": 2,
                "lanes_length": 3023.273599829846,
                "length": 1511.636799914923,
                "name": "городской округ Воронеж",
                "place": null,
                "population": 1050602.0,
                "short_name": "Воронеж",
                "type": null
            },
            "geometry":
            {
                "type": "LineString",
                "coordinates":
                [
                    [
                        39.1857829,
                        51.6733097
                    ],
                    [
                        39.1990867,
                        51.6625299
                    ]
                ]
            }
        },
        {
            "id": "161",
            "type": "Feature",
            "properties":
            {
                "admin_level": "6",
                "index_right": 131.0,
                "lanes": 2,
                "lanes_length": 6141.838692321551,
                "length": 3070.9193461607756,
                "name": "городской округ Воронеж",
                "place": null,
                "population": 1050602.0,
                "short_name": "Воронеж",
                "type": null
            },
            "geometry":
            {
                "type": "LineString",
                "coordinates":
                [
                    [
                        39.1820942,
                        51.7016729
                    ],
                    [
                        39.1854363,
                        51.6741366
                    ]
                ]
            }
        },
        {
            "id": "202",
            "type": "Feature",
            "properties":
            {
                "admin_level": "6",
                "index_right": 131.0,
                "lanes": 2,
                "lanes_length": 2940.5330928512653,
                "length": 1470.2665464256327,
                "name": "городской округ Воронеж",
                "place": null,
                "population": 1050602.0,
                "short_name": "Воронеж",
                "type": null
            },
            "geometry":
            {
                "type": "LineString",
                "coordinates":
                [
                    [
                        39.1841769,
                        51.6571296
                    ],
                    [
                        39.1655094,
                        51.6508294
                    ]
                ]
            }
        },
        {
            "id": "410",
            "type": "Feature",
            "properties":
            {
                "admin_level": "6",
                "index_right": 131.0,
                "lanes": 1,
                "lanes_length": 131.63784138294326,
                "length": 131.63784138294326,
                "name": "городской округ Воронеж",
                "place": null,
                "population": 1050602.0,
                "short_name": "Воронеж",
                "type": null
            },
            "geometry":
            {
                "type": "LineString",
                "coordinates":
                [
                    [
                        39.2467313,
                        51.6650709
                    ],
                    [
                        39.247257,
                        51.6647781
                    ],
                    [
                        39.2483568,
                        51.6644853
                    ]
                ]
            }
        },
        {
            "id": "493",
            "type": "Feature",
            "properties":
            {
                "admin_level": "6",
                "index_right": 131.0,
                "lanes": 1,
                "lanes_length": 1437.5126217295326,
                "length": 1437.5126217295326,
                "name": "городской округ Воронеж",
                "place": null,
                "population": 1050602.0,
                "short_name": "Воронеж",
                "type": null
            },
            "geometry":
            {
                "type": "LineString",
                "coordinates":
                [
                    [
                        39.1796392,
                        51.7172733
                    ],
                    [
                        39.1811841,
                        51.704383
                    ]
                ]
            }
        },
        {
            "id": "549",
            "type": "Feature",
            "properties":
            {
                "admin_level": "6",
                "index_right": 131.0,
                "lanes": 1,
                "lanes_length": 1536.893796149347,
                "length": 1536.893796149347,
                "name": "городской округ Воронеж",
                "place": null,
                "population": 1050602.0,
                "short_name": "Воронеж",
                "type": null
            },
            "geometry":
            {
                "type": "LineString",
                "coordinates":
                [
                    [
                        39.1798585,
                        51.7346496
                    ],
                    [
                        39.1784423,
                        51.7300514
                    ],
                    [
                        39.1782706,
                        51.7276059
                    ],
                    [
                        39.1790431,
                        51.7209334
                    ]
                ]
            }
        },
        {
            "id": "550",
            "type": "Feature",
            "properties":
            {
                "admin_level": "6",
                "index_right": 131.0,
                "lanes": 1,
                "lanes_length": 1140.770226858881,
                "length": 1140.770226858881,
                "name": "городской округ Воронеж",
                "place": null,
                "population": 1050602.0,
                "short_name": "Воронеж",
                "type": null
            },
            "geometry":
            {
                "type": "LineString",
                "coordinates":
                [
                    [
                        39.2658437,
                        51.6881521
                    ],
                    [
                        39.2722059,
                        51.6976159
                    ]
                ]
            }
        },
        {
            "id": "157",
            "type": "Feature",
            "properties":
            {
                "admin_level": "6",
                "index_right": 365.0,
                "lanes": 2,
                "lanes_length": 10463.52028350894,
                "length": 5231.76014175447,
                "name": "Челябинск",
                "place": null,
                "population": 1187960.0,
                "short_name": "Челябинск",
                "type": null
            },
            "geometry":
            {
                "type": "LineString",
                "coordinates":
                [
                    [
                        61.2865448,
                        55.1870883
                    ],
                    [
                        61.3019546,
                        55.1939279
                    ],
                    [
                        61.3038214,
                        55.1943688
                    ],
                    [
                        61.332682,
                        55.1944178
                    ],
                    [
                        61.3540538,
                        55.1943688
                    ],
                    [
                        61.3637066,
                        55.1918044
                    ]
                ]
            }
        },
        {
            "id": "179",
            "type": "Feature",
            "properties":
            {
                "admin_level": "6",
                "index_right": 365.0,
                "lanes": 2,
                "lanes_length": 2706.44026173449,
                "length": 1353.220130867245,
                "name": "Челябинск",
                "place": null,
                "population": 1187960.0,
                "short_name": "Челябинск",
                "type": null
            },
            "geometry":
            {
                "type": "LineString",
                "coordinates":
                [
                    [
                        61.4045056,
                        55.160391
                    ],
                    [
                        61.4257917,
                        55.1610146
                    ]
                ]
            }
        },
        {
            "id": "180",
            "type": "Feature",
            "properties":
            {
                "admin_level": "6",
                "index_right": 365.0,
                "lanes": 2,
                "lanes_length": 1485.2865226682284,
                "length": 742.6432613341142,
                "name": "Челябинск",
                "place": null,
                "population": 1187960.0,
                "short_name": "Челябинск",
                "type": null
            },
            "geometry":
            {
                "type": "LineString",
                "coordinates":
                [
                    [
                        61.4336586,
                        55.1612199
                    ],
                    [
                        61.4452798,
                        55.1604631
                    ]
                ]
            }
        },
        {
            "id": "181",
            "type": "Feature",
            "properties":
            {
                "admin_level": "6",
                "index_right": 365.0,
                "lanes": 2,
                "lanes_length": 1780.0725662261054,
                "length": 890.0362831130527,
                "name": "Челябинск",
                "place": null,
                "population": 1187960.0,
                "short_name": "Челябинск",
                "type": null
            },
            "geometry":
            {
                "type": "LineString",
                "coordinates":
                [
                    [
                        61.332794,
                        55.1876599
                    ],
                    [
                        61.3327511,
                        55.1796966
                    ]
                ]
            }
        },
        {
            "id": "182",
            "type": "Feature",
            "properties":
            {
                "admin_level": "6",
                "index_right": 365.0,
                "lanes": 2,
                "lanes_length": 2086.893255854848,
                "length": 1043.446627927424,
                "name": "Челябинск",
                "place": null,
                "population": 1187960.0,
                "short_name": "Челябинск",
                "type": null
            },
            "geometry":
            {
                "type": "LineString",
                "coordinates":
                [
                    [
                        61.2813333,
                        55.1905975
                    ],
                    [
                        61.2914184,
                        55.1832229
                    ]
                ]
            }
        },
        {
            "id": "183",
            "type": "Feature",
            "properties":
            {
                "admin_level": "6",
                "index_right": 365.0,
                "lanes": 2,
                "lanes_length": 1808.330859392468,
                "length": 904.165429696234,
                "name": "Челябинск",
                "place": null,
                "population": 1187960.0,
                "short_name": "Челябинск",
                "type": null
            },
            "geometry":
            {
                "type": "LineString",
                "coordinates":
                [
                    [
                        61.4424044,
                        55.1514759
                    ],
                    [
                        61.4422757,
                        55.1503847
                    ],
                    [
                        61.4429838,
                        55.1494773
                    ],
                    [
                        61.4493138,
                        55.1446704
                    ]
                ]
            }
        },
        {
            "id": "187",
            "type": "Feature",
            "properties":
            {
                "admin_level": "6",
                "index_right": 365.0,
                "lanes": 2,
                "lanes_length": 3840.5355249535214,
                "length": 1920.2677624767607,
                "name": "Челябинск",
                "place": null,
                "population": 1187960.0,
                "short_name": "Челябинск",
                "type": null
            },
            "geometry":
            {
                "type": "LineString",
                "coordinates":
                [
                    [
                        61.4513427,
                        55.1615778
                    ],
                    [
                        61.4530593,
                        55.1703046
                    ],
                    [
                        61.4587885,
                        55.1780492
                    ]
                ]
            }
        },
        {
            "id": "188",
            "type": "Feature",
            "properties":
            {
                "admin_level": "6",
                "index_right": 365.0,
                "lanes": 2,
                "lanes_length": 5468.113511514317,
                "length": 2734.0567557571585,
                "name": "Челябинск",
                "place": null,
                "population": 1187960.0,
                "short_name": "Челябинск",
                "type": null
            },
            "geometry":
            {
                "type": "LineString",
                "coordinates":
                [
                    [
                        61.3973234,
                        55.1576847
                    ],
                    [
                        61.3751221,
                        55.1409889
                    ],
                    [
                        61.3751362,
                        55.1374519
                    ]
                ]
            }
        },
        {
            "id": "203",
            "type": "Feature",
            "properties":
            {
                "admin_level": "6",
                "index_right": 365.0,
                "lanes": 2,
                "lanes_length": 2934.43866857109,
                "length": 1467.219334285545,
                "name": "Челябинск",
                "place": null,
                "population": 1187960.0,
                "short_name": "Челябинск",
                "type": null
            },
            "geometry":
            {
                "type": "LineString",
                "coordinates":
                [
                    [
                        61.3328998,
                        55.1786142
                    ],
                    [
                        61.3560205,
                        55.1786264
                    ]
                ]
            }
        },
        {
            "id": "204",
            "type": "Feature",
            "properties":
            {
                "admin_level": "6",
                "index_right": 365.0,
                "lanes": 2,
                "lanes_length": 4571.160628695127,
                "length": 2285.5803143475637,
                "name": "Челябинск",
                "place": null,
                "population": 1187960.0,
                "short_name": "Челябинск",
                "type": null
            },
            "geometry":
            {
                "type": "LineString",
                "coordinates":
                [
                    [
                        61.3801203,
                        55.1677994
                    ],
                    [
                        61.3729389,
                        55.1701225
                    ],
                    [
                        61.3687762,
                        55.1709681
                    ],
                    [
                        61.3581276,
                        55.1709271
                    ],
                    [
                        61.3580044,
                        55.1781246
                    ]
                ]
            }
        },
        {
            "id": "393",
            "type": "Feature",
            "properties":
            {
                "admin_level": "6",
                "index_right": 365.0,
                "lanes": 1,
                "lanes_length": 113.11931963156285,
                "length": 113.11931963156285,
                "name": "Челябинск",
                "place": null,
                "population": 1187960.0,
                "short_name": "Челябинск",
                "type": null
            },
            "geometry":
            {
                "type": "LineString",
                "coordinates":
                [
                    [
                        61.4142597,
                        55.1420798
                    ],
                    [
                        61.4137447,
                        55.1411109
                    ]
                ]
            }
        },
        {
            "id": "396",
            "type": "Feature",
            "properties":
            {
                "admin_level": "6",
                "index_right": 365.0,
                "lanes": 1,
                "lanes_length": 147.32232183074325,
                "length": 147.32232183074325,
                "name": "Челябинск",
                "place": null,
                "population": 1187960.0,
                "short_name": "Челябинск",
                "type": null
            },
            "geometry":
            {
                "type": "LineString",
                "coordinates":
                [
                    [
                        61.403857,
                        55.1604249
                    ],
                    [
                        61.4015396,
                        55.1603575
                    ]
                ]
            }
        },
        {
            "id": "397",
            "type": "Feature",
            "properties":
            {
                "admin_level": "6",
                "index_right": 365.0,
                "lanes": 1,
                "lanes_length": 531.1212359879008,
                "length": 531.1212359879008,
                "name": "Челябинск",
                "place": null,
                "population": 1187960.0,
                "short_name": "Челябинск",
                "type": null
            },
            "geometry":
            {
                "type": "LineString",
                "coordinates":
                [
                    [
                        61.3805495,
                        55.1676523
                    ],
                    [
                        61.3808285,
                        55.1629028
                    ]
                ]
            }
        },
        {
            "id": "462",
            "type": "Feature",
            "properties":
            {
                "admin_level": "6",
                "index_right": 365.0,
                "lanes": 1,
                "lanes_length": 127.09822120636716,
                "length": 127.09822120636716,
                "name": "Челябинск",
                "place": null,
                "population": 1187960.0,
                "short_name": "Челябинск",
                "type": null
            },
            "geometry":
            {
                "type": "LineString",
                "coordinates":
                [
                    [
                        61.3563093,
                        55.1784309
                    ],
                    [
                        61.3577898,
                        55.1783941
                    ],
                    [
                        61.3580044,
                        55.1781246
                    ]
                ]
            }
        },
        {
            "id": "488",
            "type": "Feature",
            "properties":
            {
                "admin_level": "6",
                "index_right": 365.0,
                "lanes": 1,
                "lanes_length": 94.63352040991002,
                "length": 94.63352040991002,
                "name": "Челябинск",
                "place": null,
                "population": 1187960.0,
                "short_name": "Челябинск",
                "type": null
            },
            "geometry":
            {
                "type": "LineString",
                "coordinates":
                [
                    [
                        61.4499147,
                        55.1601751
                    ],
                    [
                        61.4513952,
                        55.160077
                    ]
                ]
            }
        },
        {
            "id": "489",
            "type": "Feature",
            "properties":
            {
                "admin_level": "6",
                "index_right": 365.0,
                "lanes": 1,
                "lanes_length": 240.63638412907122,
                "length": 240.63638412907122,
                "name": "Челябинск",
                "place": null,
                "population": 1187960.0,
                "short_name": "Челябинск",
                "type": null
            },
            "geometry":
            {
                "type": "LineString",
                "coordinates":
                [
                    [
                        61.4451081,
                        55.1576551
                    ],
                    [
                        61.44543,
                        55.1598004
                    ]
                ]
            }
        },
        {
            "id": "490",
            "type": "Feature",
            "properties":
            {
                "admin_level": "6",
                "index_right": 365.0,
                "lanes": 1,
                "lanes_length": 289.1119147895214,
                "length": 289.1119147895214,
                "name": "Челябинск",
                "place": null,
                "population": 1187960.0,
                "short_name": "Челябинск",
                "type": null
            },
            "geometry":
            {
                "type": "LineString",
                "coordinates":
                [
                    [
                        61.4446146,
                        55.1574344
                    ],
                    [
                        61.4443785,
                        55.1566988
                    ],
                    [
                        61.4432198,
                        55.1557548
                    ],
                    [
                        61.443134,
                        55.1550683
                    ]
                ]
            }
        },
        {
            "id": "557",
            "type": "Feature",
            "properties":
            {
                "admin_level": "6",
                "index_right": 365.0,
                "lanes": 1,
                "lanes_length": 67.61996512949361,
                "length": 67.61996512949361,
                "name": "Челябинск",
                "place": null,
                "population": 1187960.0,
                "short_name": "Челябинск",
                "type": null
            },
            "geometry":
            {
                "type": "LineString",
                "coordinates":
                [
                    [
                        61.4035786,
                        55.2497006
                    ],
                    [
                        61.4036778,
                        55.2498244
                    ],
                    [
                        61.404445,
                        55.2500003
                    ]
                ]
            }
        },
        {
            "id": "558",
            "type": "Feature",
            "properties":
            {
                "admin_level": "6",
                "index_right": 365.0,
                "lanes": 1,
                "lanes_length": 123.90984358932393,
                "length": 123.90984358932393,
                "name": "Челябинск",
                "place": null,
                "population": 1187960.0,
                "short_name": "Челябинск",
                "type": null
            },
            "geometry":
            {
                "type": "LineString",
                "coordinates":
                [
                    [
                        61.3579989,
                        55.1787405
                    ],
                    [
                        61.3560463,
                        55.1787405
                    ]
                ]
            }
        },
        {
            "id": "559",
            "type": "Feature",
            "properties":
            {
                "admin_level": "6",
                "index_right": 365.0,
                "lanes": 1,
                "lanes_length": 181.97677890346128,
                "length": 181.97677890346128,
                "name": "Челябинск",
                "place": null,
                "population": 1187960.0,
                "short_name": "Челябинск",
                "type": null
            },
            "geometry":
            {
                "type": "LineString",
                "coordinates":
                [
                    [
                        61.3359155,
                        55.1787541
                    ],
                    [
                        61.3352932,
                        55.1788276
                    ],
                    [
                        61.3330616,
                        55.1788521
                    ]
                ]
            }
        },
        {
            "id": "163",
            "type": "Feature",
            "properties":
            {
                "admin_level": "6",
                "index_right": 120.0,
                "lanes": 2,
                "lanes_length": 9244.07247770537,
                "length": 4622.036238852685,
                "name": "городской округ Брянск",
                "place": null,
                "population": 399579.0,
                "short_name": "Брянск",
                "type": null
            },
            "geometry":
            {
                "type": "LineString",
                "coordinates":
                [
                    [
                        34.3774318,
                        53.2227019
                    ],
                    [
                        34.3838691,
                        53.229279
                    ],
                    [
                        34.3898773,
                        53.2365229
                    ],
                    [
                        34.4041252,
                        53.2476689
                    ],
                    [
                        34.4070434,
                        53.2517259
                    ],
                    [
                        34.4064426,
                        53.2550124
                    ],
                    [
                        34.4054126,
                        53.258966
                    ]
                ]
            }
        },
        {
            "id": "171",
            "type": "Feature",
            "properties":
            {
                "admin_level": "6",
                "index_right": 594.0,
                "lanes": 2,
                "lanes_length": 5896.259823382544,
                "length": 2948.129911691272,
                "name": "городской округ Иркутск",
                "place": null,
                "population": 617515.0,
                "short_name": "Иркутск",
                "type": null
            },
            "geometry":
            {
                "type": "LineString",
                "coordinates":
                [
                    [
                        104.2425213,
                        52.3030031
                    ],
                    [
                        104.2367363,
                        52.3122044
                    ],
                    [
                        104.2341256,
                        52.3287493
                    ]
                ]
            }
        },
        {
            "id": "307",
            "type": "Feature",
            "properties":
            {
                "admin_level": "6",
                "index_right": 594.0,
                "lanes": 1,
                "lanes_length": 293.1064296802786,
                "length": 293.1064296802786,
                "name": "городской округ Иркутск",
                "place": null,
                "population": 617515.0,
                "short_name": "Иркутск",
                "type": null
            },
            "geometry":
            {
                "type": "LineString",
                "coordinates":
                [
                    [
                        104.285917,
                        52.287876
                    ],
                    [
                        104.2820656,
                        52.2867081
                    ]
                ]
            }
        },
        {
            "id": "308",
            "type": "Feature",
            "properties":
            {
                "admin_level": "6",
                "index_right": 594.0,
                "lanes": 1,
                "lanes_length": 204.94470028965108,
                "length": 204.94470028965108,
                "name": "городской округ Иркутск",
                "place": null,
                "population": 617515.0,
                "short_name": "Иркутск",
                "type": null
            },
            "geometry":
            {
                "type": "LineString",
                "coordinates":
                [
                    [
                        104.281937,
                        52.286636
                    ],
                    [
                        104.283299,
                        52.284995
                    ]
                ]
            }
        },
        {
            "id": "309",
            "type": "Feature",
            "properties":
            {
                "admin_level": "6",
                "index_right": 594.0,
                "lanes": 1,
                "lanes_length": 608.9115352623445,
                "length": 608.9115352623445,
                "name": "городской округ Иркутск",
                "place": null,
                "population": 617515.0,
                "short_name": "Иркутск",
                "type": null
            },
            "geometry":
            {
                "type": "LineString",
                "coordinates":
                [
                    [
                        104.271562,
                        52.286741
                    ],
                    [
                        104.274255,
                        52.2884079
                    ],
                    [
                        104.275414,
                        52.288723
                    ],
                    [
                        104.279158,
                        52.289222
                    ]
                ]
            }
        },
        {
            "id": "314",
            "type": "Feature",
            "properties":
            {
                "admin_level": "6",
                "index_right": 594.0,
                "lanes": 1,
                "lanes_length": 122.13773672120716,
                "length": 122.13773672120716,
                "name": "городской округ Иркутск",
                "place": null,
                "population": 617515.0,
                "short_name": "Иркутск",
                "type": null
            },
            "geometry":
            {
                "type": "LineString",
                "coordinates":
                [
                    [
                        104.2485702,
                        52.2899304
                    ],
                    [
                        104.2468214,
                        52.2896942
                    ]
                ]
            }
        },
        {
            "id": "315",
            "type": "Feature",
            "properties":
            {
                "admin_level": "6",
                "index_right": 594.0,
                "lanes": 1,
                "lanes_length": 48.611338120727,
                "length": 48.611338120727,
                "name": "городской округ Иркутск",
                "place": null,
                "population": 617515.0,
                "short_name": "Иркутск",
                "type": null
            },
            "geometry":
            {
                "type": "LineString",
                "coordinates":
                [
                    [
                        104.2571452,
                        52.2684151
                    ],
                    [
                        104.2572284,
                        52.2685349
                    ],
                    [
                        104.2572042,
                        52.2686531
                    ],
                    [
                        104.257105,
                        52.268722
                    ],
                    [
                        104.2569521,
                        52.2687401
                    ]
                ]
            }
        },
        {
            "id": "350",
            "type": "Feature",
            "properties":
            {
                "admin_level": "6",
                "index_right": 594.0,
                "lanes": 1,
                "lanes_length": 519.977735807749,
                "length": 519.977735807749,
                "name": "городской округ Иркутск",
                "place": null,
                "population": 617515.0,
                "short_name": "Иркутск",
                "type": null
            },
            "geometry":
            {
                "type": "LineString",
                "coordinates":
                [
                    [
                        104.1981754,
                        52.337974
                    ],
                    [
                        104.2040226,
                        52.3409762
                    ]
                ]
            }
        },
        {
            "id": "467",
            "type": "Feature",
            "properties":
            {
                "admin_level": "6",
                "index_right": 594.0,
                "lanes": 1,
                "lanes_length": 134.31546109702475,
                "length": 134.31546109702475,
                "name": "городской округ Иркутск",
                "place": null,
                "population": 617515.0,
                "short_name": "Иркутск",
                "type": null
            },
            "geometry":
            {
                "type": "LineString",
                "coordinates":
                [
                    [
                        104.2325806,
                        52.3296352
                    ],
                    [
                        104.2339968,
                        52.328796
                    ]
                ]
            }
        },
        {
            "id": "468",
            "type": "Feature",
            "properties":
            {
                "admin_level": "6",
                "index_right": 594.0,
                "lanes": 1,
                "lanes_length": 310.7948342538052,
                "length": 310.7948342538052,
                "name": "городской округ Иркутск",
                "place": null,
                "population": 617515.0,
                "short_name": "Иркутск",
                "type": null
            },
            "geometry":
            {
                "type": "LineString",
                "coordinates":
                [
                    [
                        104.242487,
                        52.3029156
                    ],
                    [
                        104.2441182,
                        52.3003087
                    ]
                ]
            }
        },
        {
            "id": "185",
            "type": "Feature",
            "properties":
            {
                "admin_level": "6",
                "index_right": 118.0,
                "lanes": 2,
                "lanes_length": 2300.492464962852,
                "length": 1150.246232481426,
                "name": "городской округ Курск",
                "place": null,
                "population": 450977.0,
                "short_name": "Курск",
                "type": null
            },
            "geometry":
            {
                "type": "LineString",
                "coordinates":
                [
                    [
                        36.2001928,
                        51.7516173
                    ],
                    [
                        36.2044736,
                        51.7552105
                    ],
                    [
                        36.2079927,
                        51.7561934
                    ],
                    [
                        36.2094947,
                        51.7559277
                    ],
                    [
                        36.2119409,
                        51.7539353
                    ]
                ]
            }
        },
        {
            "id": "230",
            "type": "Feature",
            "properties":
            {
                "admin_level": "6",
                "index_right": 118.0,
                "lanes": 1,
                "lanes_length": 461.5441402586142,
                "length": 461.5441402586142,
                "name": "городской округ Курск",
                "place": null,
                "population": 450977.0,
                "short_name": "Курск",
                "type": null
            },
            "geometry":
            {
                "type": "LineString",
                "coordinates":
                [
                    [
                        36.183182,
                        51.7531641
                    ],
                    [
                        36.1855102,
                        51.7541537
                    ],
                    [
                        36.1892223,
                        51.7548112
                    ]
                ]
            }
        },
        {
            "id": "231",
            "type": "Feature",
            "properties":
            {
                "admin_level": "6",
                "index_right": 118.0,
                "lanes": 1,
                "lanes_length": 1839.805764736455,
                "length": 1839.805764736455,
                "name": "городской округ Курск",
                "place": null,
                "population": 450977.0,
                "short_name": "Курск",
                "type": null
            },
            "geometry":
            {
                "type": "LineString",
                "coordinates":
                [
                    [
                        36.1946297,
                        51.7480763
                    ],
                    [
                        36.1927843,
                        51.7315735
                    ]
                ]
            }
        },
        {
            "id": "232",
            "type": "Feature",
            "properties":
            {
                "admin_level": "6",
                "index_right": 118.0,
                "lanes": 1,
                "lanes_length": 2354.024837493986,
                "length": 2354.024837493986,
                "name": "городской округ Курск",
                "place": null,
                "population": 450977.0,
                "short_name": "Курск",
                "type": null
            },
            "geometry":
            {
                "type": "LineString",
                "coordinates":
                [
                    [
                        36.1902738,
                        51.7303641
                    ],
                    [
                        36.1902094,
                        51.7515302
                    ]
                ]
            }
        },
        {
            "id": "233",
            "type": "Feature",
            "properties":
            {
                "admin_level": "6",
                "index_right": 118.0,
                "lanes": 1,
                "lanes_length": 110.97796387178575,
                "length": 110.97796387178575,
                "name": "городской округ Курск",
                "place": null,
                "population": 450977.0,
                "short_name": "Курск",
                "type": null
            },
            "geometry":
            {
                "type": "LineString",
                "coordinates":
                [
                    [
                        36.1925375,
                        51.7294271
                    ],
                    [
                        36.1923873,
                        51.7284336
                    ]
                ]
            }
        },
        {
            "id": "234",
            "type": "Feature",
            "properties":
            {
                "admin_level": "6",
                "index_right": 118.0,
                "lanes": 1,
                "lanes_length": 754.7919850425814,
                "length": 754.7919850425814,
                "name": "городской округ Курск",
                "place": null,
                "population": 450977.0,
                "short_name": "Курск",
                "type": null
            },
            "geometry":
            {
                "type": "LineString",
                "coordinates":
                [
                    [
                        36.1929721,
                        51.728231
                    ],
                    [
                        36.194576,
                        51.728231
                    ],
                    [
                        36.1949623,
                        51.7280914
                    ],
                    [
                        36.195032,
                        51.727819
                    ],
                    [
                        36.1948121,
                        51.7275997
                    ],
                    [
                        36.1908638,
                        51.7246955
                    ],
                    [
                        36.1900914,
                        51.7243632
                    ],
                    [
                        36.1891687,
                        51.7245094
                    ]
                ]
            }
        },
        {
            "id": "235",
            "type": "Feature",
            "properties":
            {
                "admin_level": "6",
                "index_right": 118.0,
                "lanes": 1,
                "lanes_length": 114.23922784607184,
                "length": 114.23922784607184,
                "name": "городской округ Курск",
                "place": null,
                "population": 450977.0,
                "short_name": "Курск",
                "type": null
            },
            "geometry":
            {
                "type": "LineString",
                "coordinates":
                [
                    [
                        36.1890614,
                        51.7245692
                    ],
                    [
                        36.1882567,
                        51.7254664
                    ]
                ]
            }
        },
        {
            "id": "426",
            "type": "Feature",
            "properties":
            {
                "admin_level": "6",
                "index_right": 118.0,
                "lanes": 1,
                "lanes_length": 1637.0794129855044,
                "length": 1637.0794129855044,
                "name": "городской округ Курск",
                "place": null,
                "population": 450977.0,
                "short_name": "Курск",
                "type": null
            },
            "geometry":
            {
                "type": "LineString",
                "coordinates":
                [
                    [
                        36.1701339,
                        51.7875413
                    ],
                    [
                        36.1777645,
                        51.7743672
                    ],
                    [
                        36.178301,
                        51.7737299
                    ]
                ]
            }
        },
        {
            "id": "499",
            "type": "Feature",
            "properties":
            {
                "admin_level": "6",
                "index_right": 118.0,
                "lanes": 1,
                "lanes_length": 1871.8073757884936,
                "length": 1871.8073757884936,
                "name": "городской округ Курск",
                "place": null,
                "population": 450977.0,
                "short_name": "Курск",
                "type": null
            },
            "geometry":
            {
                "type": "LineString",
                "coordinates":
                [
                    [
                        36.1794797,
                        51.7733426
                    ],
                    [
                        36.1717987,
                        51.7863321
                    ],
                    [
                        36.1698666,
                        51.7890736
                    ]
                ]
            }
        },
        {
            "id": "539",
            "type": "Feature",
            "properties":
            {
                "admin_level": "6",
                "index_right": 118.0,
                "lanes": 1,
                "lanes_length": 225.27858261155208,
                "length": 225.27858261155208,
                "name": "городской округ Курск",
                "place": null,
                "population": 450977.0,
                "short_name": "Курск",
                "type": null
            },
            "geometry":
            {
                "type": "LineString",
                "coordinates":
                [
                    [
                        36.1381049,
                        51.664466
                    ],
                    [
                        36.1371339,
                        51.6632083
                    ],
                    [
                        36.1367155,
                        51.6629487
                    ],
                    [
                        36.13634,
                        51.6628289
                    ]
                ]
            }
        },
        {
            "id": "540",
            "type": "Feature",
            "properties":
            {
                "admin_level": "6",
                "index_right": 118.0,
                "lanes": 1,
                "lanes_length": 1129.6467944800722,
                "length": 1129.6467944800722,
                "name": "городской округ Курск",
                "place": null,
                "population": 450977.0,
                "short_name": "Курск",
                "type": null
            },
            "geometry":
            {
                "type": "LineString",
                "coordinates":
                [
                    [
                        36.1658103,
                        51.7069216
                    ],
                    [
                        36.1665184,
                        51.7082446
                    ],
                    [
                        36.1666793,
                        51.709428
                    ],
                    [
                        36.1658532,
                        51.7169863
                    ]
                ]
            }
        },
        {
            "id": "541",
            "type": "Feature",
            "properties":
            {
                "admin_level": "6",
                "index_right": 118.0,
                "lanes": 1,
                "lanes_length": 573.5357682943314,
                "length": 573.5357682943314,
                "name": "городской округ Курск",
                "place": null,
                "population": 450977.0,
                "short_name": "Курск",
                "type": null
            },
            "geometry":
            {
                "type": "LineString",
                "coordinates":
                [
                    [
                        36.1362545,
                        51.737479
                    ],
                    [
                        36.1342107,
                        51.7362648
                    ],
                    [
                        36.133288,
                        51.7354941
                    ],
                    [
                        36.1313783,
                        51.7333629
                    ]
                ]
            }
        },
        {
            "id": "189",
            "type": "Feature",
            "properties":
            {
                "admin_level": "6",
                "index_right": 201.0,
                "lanes": 2,
                "lanes_length": 3681.9269631309357,
                "length": 1840.9634815654679,
                "name": "городской округ Рязань",
                "place": null,
                "population": 534801.0,
                "short_name": "Рязань",
                "type": null
            },
            "geometry":
            {
                "type": "LineString",
                "coordinates":
                [
                    [
                        39.7330891,
                        54.6291826
                    ],
                    [
                        39.7225963,
                        54.6293316
                    ],
                    [
                        39.7109843,
                        54.6289594
                    ],
                    [
                        39.7052585,
                        54.6307041
                    ]
                ]
            }
        },
        {
            "id": "190",
            "type": "Feature",
            "properties":
            {
                "admin_level": "6",
                "index_right": 201.0,
                "lanes": 2,
                "lanes_length": 2616.9492523492886,
                "length": 1308.4746261746443,
                "name": "городской округ Рязань",
                "place": null,
                "population": 534801.0,
                "short_name": "Рязань",
                "type": null
            },
            "geometry":
            {
                "type": "LineString",
                "coordinates":
                [
                    [
                        39.6785212,
                        54.6389898
                    ],
                    [
                        39.6607543,
                        54.6446893
                    ]
                ]
            }
        },
        {
            "id": "191",
            "type": "Feature",
            "properties":
            {
                "admin_level": "6",
                "index_right": 201.0,
                "lanes": 2,
                "lanes_length": 2339.429149370244,
                "length": 1169.714574685122,
                "name": "городской округ Рязань",
                "place": null,
                "population": 534801.0,
                "short_name": "Рязань",
                "type": null
            },
            "geometry":
            {
                "type": "LineString",
                "coordinates":
                [
                    [
                        39.6865079,
                        54.6365418
                    ],
                    [
                        39.7024617,
                        54.6315242
                    ]
                ]
            }
        },
        {
            "id": "205",
            "type": "Feature",
            "properties":
            {
                "admin_level": "6",
                "index_right": 201.0,
                "lanes": 1,
                "lanes_length": 845.8684448244111,
                "length": 845.8684448244111,
                "name": "городской округ Рязань",
                "place": null,
                "population": 534801.0,
                "short_name": "Рязань",
                "type": null
            },
            "geometry":
            {
                "type": "LineString",
                "coordinates":
                [
                    [
                        39.7569573,
                        54.6221768
                    ],
                    [
                        39.7664094,
                        54.6274377
                    ]
                ]
            }
        },
        {
            "id": "206",
            "type": "Feature",
            "properties":
            {
                "admin_level": "6",
                "index_right": 201.0,
                "lanes": 1,
                "lanes_length": 1911.3603459074786,
                "length": 1911.3603459074786,
                "name": "городской округ Рязань",
                "place": null,
                "population": 534801.0,
                "short_name": "Рязань",
                "type": null
            },
            "geometry":
            {
                "type": "LineString",
                "coordinates":
                [
                    [
                        39.7833824,
                        54.6219594
                    ],
                    [
                        39.7817087,
                        54.6206425
                    ],
                    [
                        39.7557878,
                        54.6165922
                    ]
                ]
            }
        },
        {
            "id": "506",
            "type": "Feature",
            "properties":
            {
                "admin_level": "6",
                "index_right": 201.0,
                "lanes": 1,
                "lanes_length": 566.9305856423373,
                "length": 566.9305856423373,
                "name": "городской округ Рязань",
                "place": null,
                "population": 534801.0,
                "short_name": "Рязань",
                "type": null
            },
            "geometry":
            {
                "type": "LineString",
                "coordinates":
                [
                    [
                        39.6864776,
                        54.636704
                    ],
                    [
                        39.6786885,
                        54.6390759
                    ]
                ]
            }
        },
        {
            "id": "201",
            "type": "Feature",
            "properties":
            {
                "admin_level": "6",
                "index_right": 159.0,
                "lanes": 2,
                "lanes_length": 1997.0217485013955,
                "length": 998.5108742506977,
                "name": "городской округ Красногорск",
                "place": null,
                "population": 175812.0,
                "short_name": "Красногорск",
                "type": null
            },
            "geometry":
            {
                "type": "LineString",
                "coordinates":
                [
                    [
                        37.3172525,
                        55.8821304
                    ],
                    [
                        37.3282388,
                        55.8756306
                    ]
                ]
            }
        },
        {
            "id": "545",
            "type": "Feature",
            "properties":
            {
                "admin_level": "6",
                "index_right": 159.0,
                "lanes": 1,
                "lanes_length": 1156.4140109150608,
                "length": 1156.4140109150608,
                "name": "городской округ Красногорск",
                "place": null,
                "population": 175812.0,
                "short_name": "Красногорск",
                "type": null
            },
            "geometry":
            {
                "type": "LineString",
                "coordinates":
                [
                    [
                        37.3281574,
                        55.8754497
                    ],
                    [
                        37.3301315,
                        55.8744024
                    ],
                    [
                        37.3319554,
                        55.8724763
                    ],
                    [
                        37.3398631,
                        55.8675047
                    ]
                ]
            }
        },
        {
            "id": "546",
            "type": "Feature",
            "properties":
            {
                "admin_level": "6",
                "index_right": 159.0,
                "lanes": 1,
                "lanes_length": 1412.4772074368527,
                "length": 1412.4772074368527,
                "name": "городской округ Красногорск",
                "place": null,
                "population": 175812.0,
                "short_name": "Красногорск",
                "type": null
            },
            "geometry":
            {
                "type": "LineString",
                "coordinates":
                [
                    [
                        37.3570784,
                        55.8169623
                    ],
                    [
                        37.3602971,
                        55.819072
                    ],
                    [
                        37.3617133,
                        55.8210611
                    ],
                    [
                        37.3628076,
                        55.823508
                    ],
                    [
                        37.366155,
                        55.8267142
                    ],
                    [
                        37.3680648,
                        55.8277507
                    ]
                ]
            }
        },
        {
            "id": "280",
            "type": "Feature",
            "properties":
            {
                "admin_level": "6",
                "index_right": 189.0,
                "lanes": 1,
                "lanes_length": 1270.3537127814245,
                "length": 1270.3537127814245,
                "name": "городской округ Липецк",
                "place": null,
                "population": 485000.0,
                "short_name": "Липецк",
                "type": null
            },
            "geometry":
            {
                "type": "LineString",
                "coordinates":
                [
                    [
                        39.5744343,
                        52.6037534
                    ],
                    [
                        39.5931816,
                        52.6042855
                    ]
                ]
            }
        },
        {
            "id": "431",
            "type": "Feature",
            "properties":
            {
                "admin_level": "6",
                "index_right": 189.0,
                "lanes": 1,
                "lanes_length": 111.05535697602372,
                "length": 111.05535697602372,
                "name": "городской округ Липецк",
                "place": null,
                "population": 485000.0,
                "short_name": "Липецк",
                "type": null
            },
            "geometry":
            {
                "type": "LineString",
                "coordinates":
                [
                    [
                        39.5744557,
                        52.6027564
                    ],
                    [
                        39.5744343,
                        52.6037534
                    ]
                ]
            }
        },
        {
            "id": "281",
            "type": "Feature",
            "properties":
            {
                "admin_level": "6",
                "index_right": 283.0,
                "lanes": 1,
                "lanes_length": 104.52760371360887,
                "length": 104.52760371360887,
                "name": "городской округ Саратов",
                "place": null,
                "population": 830155.0,
                "short_name": "Саратов",
                "type": null
            },
            "geometry":
            {
                "type": "LineString",
                "coordinates":
                [
                    [
                        46.0555351,
                        51.5288242
                    ],
                    [
                        46.0545319,
                        51.5281233
                    ]
                ]
            }
        },
        {
            "id": "282",
            "type": "Feature",
            "properties":
            {
                "admin_level": "6",
                "index_right": 283.0,
                "lanes": 1,
                "lanes_length": 3998.8734532091908,
                "length": 3998.8734532091908,
                "name": "городской округ Саратов",
                "place": null,
                "population": 830155.0,
                "short_name": "Саратов",
                "type": null
            },
            "geometry":
            {
                "type": "LineString",
                "coordinates":
                [
                    [
                        46.0545481,
                        51.5282368
                    ],
                    [
                        46.0492479,
                        51.5309466
                    ],
                    [
                        46.0013543,
                        51.5414108
                    ]
                ]
            }
        },
        {
            "id": "283",
            "type": "Feature",
            "properties":
            {
                "admin_level": "6",
                "index_right": 283.0,
                "lanes": 1,
                "lanes_length": 1823.161973498818,
                "length": 1823.161973498818,
                "name": "городской округ Саратов",
                "place": null,
                "population": 830155.0,
                "short_name": "Саратов",
                "type": null
            },
            "geometry":
            {
                "type": "LineString",
                "coordinates":
                [
                    [
                        46.0539043,
                        51.529772
                    ],
                    [
                        46.0445595,
                        51.5261809
                    ],
                    [
                        46.0304832,
                        51.5224695
                    ]
                ]
            }
        },
        {
            "id": "286",
            "type": "Feature",
            "properties":
            {
                "admin_level": "6",
                "index_right": 283.0,
                "lanes": 1,
                "lanes_length": 1028.9030431638223,
                "length": 1028.9030431638223,
                "name": "городской округ Саратов",
                "place": null,
                "population": 830155.0,
                "short_name": "Саратов",
                "type": null
            },
            "geometry":
            {
                "type": "LineString",
                "coordinates":
                [
                    [
                        46.0127807,
                        51.5290978
                    ],
                    [
                        46.0267067,
                        51.5259406
                    ]
                ]
            }
        },
        {
            "id": "287",
            "type": "Feature",
            "properties":
            {
                "admin_level": "6",
                "index_right": 283.0,
                "lanes": 1,
                "lanes_length": 1277.7697328236982,
                "length": 1277.7697328236982,
                "name": "городской округ Саратов",
                "place": null,
                "population": 830155.0,
                "short_name": "Саратов",
                "type": null
            },
            "geometry":
            {
                "type": "LineString",
                "coordinates":
                [
                    [
                        46.0314274,
                        51.5335629
                    ],
                    [
                        46.0248184,
                        51.5228366
                    ]
                ]
            }
        },
        {
            "id": "288",
            "type": "Feature",
            "properties":
            {
                "admin_level": "6",
                "index_right": 283.0,
                "lanes": 1,
                "lanes_length": 789.5667706241878,
                "length": 789.5667706241878,
                "name": "городской округ Саратов",
                "place": null,
                "population": 830155.0,
                "short_name": "Саратов",
                "type": null
            },
            "geometry":
            {
                "type": "LineString",
                "coordinates":
                [
                    [
                        46.0101092,
                        51.547069
                    ],
                    [
                        46.0062146,
                        51.5403965
                    ]
                ]
            }
        },
        {
            "id": "289",
            "type": "Feature",
            "properties":
            {
                "admin_level": "6",
                "index_right": 283.0,
                "lanes": 1,
                "lanes_length": 343.45272113139123,
                "length": 343.45272113139123,
                "name": "городской округ Саратов",
                "place": null,
                "population": 830155.0,
                "short_name": "Саратов",
                "type": null
            },
            "geometry":
            {
                "type": "LineString",
                "coordinates":
                [
                    [
                        46.0003084,
                        51.5395024
                    ],
                    [
                        46.004954,
                        51.5384413
                    ]
                ]
            }
        },
        {
            "id": "290",
            "type": "Feature",
            "properties":
            {
                "admin_level": "6",
                "index_right": 283.0,
                "lanes": 1,
                "lanes_length": 233.45195788871177,
                "length": 233.45195788871177,
                "name": "городской округ Саратов",
                "place": null,
                "population": 830155.0,
                "short_name": "Саратов",
                "type": null
            },
            "geometry":
            {
                "type": "LineString",
                "coordinates":
                [
                    [
                        46.004954,
                        51.5384413
                    ],
                    [
                        46.0038435,
                        51.5364593
                    ]
                ]
            }
        },
        {
            "id": "294",
            "type": "Feature",
            "properties":
            {
                "admin_level": "6",
                "index_right": 283.0,
                "lanes": 1,
                "lanes_length": 62.70895635330509,
                "length": 62.70895635330509,
                "name": "городской округ Саратов",
                "place": null,
                "population": 830155.0,
                "short_name": "Саратов",
                "type": null
            },
            "geometry":
            {
                "type": "LineString",
                "coordinates":
                [
                    [
                        46.000303,
                        51.5403965
                    ],
                    [
                        46.0003299,
                        51.5398327
                    ]
                ]
            }
        },
        {
            "id": "296",
            "type": "Feature",
            "properties":
            {
                "admin_level": "6",
                "index_right": 283.0,
                "lanes": 1,
                "lanes_length": 675.0749925843639,
                "length": 675.0749925843639,
                "name": "городской округ Саратов",
                "place": null,
                "population": 830155.0,
                "short_name": "Саратов",
                "type": null
            },
            "geometry":
            {
                "type": "LineString",
                "coordinates":
                [
                    [
                        46.0533357,
                        51.5575961
                    ],
                    [
                        46.0512972,
                        51.551659
                    ]
                ]
            }
        },
        {
            "id": "411",
            "type": "Feature",
            "properties":
            {
                "admin_level": "6",
                "index_right": 283.0,
                "lanes": 1,
                "lanes_length": 515.3094953277814,
                "length": 515.3094953277814,
                "name": "городской округ Саратов",
                "place": null,
                "population": 830155.0,
                "short_name": "Саратов",
                "type": null
            },
            "geometry":
            {
                "type": "LineString",
                "coordinates":
                [
                    [
                        45.9923762,
                        51.5239289
                    ],
                    [
                        45.9976333,
                        51.5271997
                    ]
                ]
            }
        },
        {
            "id": "291",
            "type": "Feature",
            "properties":
            {
                "admin_level": "6",
                "index_right": 247.0,
                "lanes": 1,
                "lanes_length": 969.0266826463612,
                "length": 969.0266826463612,
                "name": "городской округ Иваново",
                "place": null,
                "population": 401505.0,
                "short_name": "Иваново",
                "type": null
            },
            "geometry":
            {
                "type": "LineString",
                "coordinates":
                [
                    [
                        40.9813643,
                        56.9844016
                    ],
                    [
                        40.9862351,
                        56.992649
                    ]
                ]
            }
        },
        {
            "id": "292",
            "type": "Feature",
            "properties":
            {
                "admin_level": "6",
                "index_right": 247.0,
                "lanes": 1,
                "lanes_length": 461.0005588316005,
                "length": 461.0005588316005,
                "name": "городской округ Иваново",
                "place": null,
                "population": 401505.0,
                "short_name": "Иваново",
                "type": null
            },
            "geometry":
            {
                "type": "LineString",
                "coordinates":
                [
                    [
                        41.047647,
                        56.9753804
                    ],
                    [
                        41.0541701,
                        56.9732519
                    ]
                ]
            }
        },
        {
            "id": "293",
            "type": "Feature",
            "properties":
            {
                "admin_level": "6",
                "index_right": 247.0,
                "lanes": 1,
                "lanes_length": 358.833598749341,
                "length": 358.833598749341,
                "name": "городской округ Иваново",
                "place": null,
                "population": 401505.0,
                "short_name": "Иваново",
                "type": null
            },
            "geometry":
            {
                "type": "LineString",
                "coordinates":
                [
                    [
                        40.9675133,
                        56.9975522
                    ],
                    [
                        40.9632647,
                        56.995314
                    ]
                ]
            }
        },
        {
            "id": "299",
            "type": "Feature",
            "properties":
            {
                "admin_level": "6",
                "index_right": 247.0,
                "lanes": 1,
                "lanes_length": 454.282538004916,
                "length": 454.282538004916,
                "name": "городской округ Иваново",
                "place": null,
                "population": 401505.0,
                "short_name": "Иваново",
                "type": null
            },
            "geometry":
            {
                "type": "LineString",
                "coordinates":
                [
                    [
                        40.9700238,
                        57.0162591
                    ],
                    [
                        40.9729958,
                        57.0164168
                    ],
                    [
                        40.9775233,
                        57.0163234
                    ]
                ]
            }
        },
        {
            "id": "295",
            "type": "Feature",
            "properties":
            {
                "admin_level": "6",
                "index_right": 542.0,
                "lanes": 1,
                "lanes_length": 313.175442531666,
                "length": 313.175442531666,
                "name": "городской округ Томск",
                "place": null,
                "population": 568508.0,
                "short_name": "Томск",
                "type": null
            },
            "geometry":
            {
                "type": "LineString",
                "coordinates":
                [
                    [
                        84.9553442,
                        56.4762872
                    ],
                    [
                        84.9502372,
                        56.4762872
                    ]
                ]
            }
        },
        {
            "id": "305",
            "type": "Feature",
            "properties":
            {
                "admin_level": "6",
                "index_right": 251.0,
                "lanes": 1,
                "lanes_length": 594.9081151856687,
                "length": 594.9081151856687,
                "name": "городской округ Кострома",
                "place": null,
                "population": 277393.0,
                "short_name": "Кострома",
                "type": null
            },
            "geometry":
            {
                "type": "LineString",
                "coordinates":
                [
                    [
                        40.9616768,
                        57.7594534
                    ],
                    [
                        40.9583134,
                        57.7599786
                    ],
                    [
                        40.9521711,
                        57.7611675
                    ]
                ]
            }
        },
        {
            "id": "430",
            "type": "Feature",
            "properties":
            {
                "admin_level": "6",
                "index_right": 251.0,
                "lanes": 1,
                "lanes_length": 1500.2676145406451,
                "length": 1500.2676145406451,
                "name": "городской округ Кострома",
                "place": null,
                "population": 277393.0,
                "short_name": "Кострома",
                "type": null
            },
            "geometry":
            {
                "type": "LineString",
                "coordinates":
                [
                    [
                        40.911543,
                        57.736716
                    ],
                    [
                        40.9197603,
                        57.7417727
                    ],
                    [
                        40.9280225,
                        57.7455004
                    ],
                    [
                        40.929267,
                        57.7462333
                    ]
                ]
            }
        },
        {
            "id": "527",
            "type": "Feature",
            "properties":
            {
                "admin_level": "6",
                "index_right": 251.0,
                "lanes": 1,
                "lanes_length": 731.6446174978214,
                "length": 731.6446174978214,
                "name": "городской округ Кострома",
                "place": null,
                "population": 277393.0,
                "short_name": "Кострома",
                "type": null
            },
            "geometry":
            {
                "type": "LineString",
                "coordinates":
                [
                    [
                        40.9513045,
                        57.763453
                    ],
                    [
                        40.9514547,
                        57.7620794
                    ],
                    [
                        40.9503656,
                        57.760577
                    ],
                    [
                        40.9463157,
                        57.7577468
                    ]
                ]
            }
        },
        {
            "id": "528",
            "type": "Feature",
            "properties":
            {
                "admin_level": "6",
                "index_right": 251.0,
                "lanes": 1,
                "lanes_length": 759.5911537299218,
                "length": 759.5911537299218,
                "name": "городской округ Кострома",
                "place": null,
                "population": 277393.0,
                "short_name": "Кострома",
                "type": null
            },
            "geometry":
            {
                "type": "LineString",
                "coordinates":
                [
                    [
                        40.9360797,
                        57.7645711
                    ],
                    [
                        40.9479673,
                        57.7620187
                    ]
                ]
            }
        },
        {
            "id": "529",
            "type": "Feature",
            "properties":
            {
                "admin_level": "6",
                "index_right": 251.0,
                "lanes": 1,
                "lanes_length": 654.3525091078491,
                "length": 654.3525091078491,
                "name": "городской округ Кострома",
                "place": null,
                "population": 277393.0,
                "short_name": "Кострома",
                "type": null
            },
            "geometry":
            {
                "type": "LineString",
                "coordinates":
                [
                    [
                        40.9172999,
                        57.7482171
                    ],
                    [
                        40.9200036,
                        57.748927
                    ],
                    [
                        40.9261621,
                        57.7462017
                    ]
                ]
            }
        },
        {
            "id": "538",
            "type": "Feature",
            "properties":
            {
                "admin_level": "6",
                "index_right": 251.0,
                "lanes": 1,
                "lanes_length": 710.844905364194,
                "length": 710.844905364194,
                "name": "городской округ Кострома",
                "place": null,
                "population": 277393.0,
                "short_name": "Кострома",
                "type": null
            },
            "geometry":
            {
                "type": "LineString",
                "coordinates":
                [
                    [
                        40.950363,
                        57.7713958
                    ],
                    [
                        40.9509638,
                        57.7650556
                    ]
                ]
            }
        },
        {
            "id": "310",
            "type": "Feature",
            "properties":
            {
                "admin_level": "6",
                "index_right": 589.0,
                "lanes": 1,
                "lanes_length": 489.6784190972079,
                "length": 489.6784190972079,
                "name": "городской округ Тулун",
                "place": null,
                "population": 38466.0,
                "short_name": "Тулун",
                "type": null
            },
            "geometry":
            {
                "type": "LineString",
                "coordinates":
                [
                    [
                        100.5792546,
                        54.5615
                    ],
                    [
                        100.577999,
                        54.557176
                    ]
                ]
            }
        },
        {
            "id": "317",
            "type": "Feature",
            "properties":
            {
                "admin_level": "6",
                "index_right": 548.0,
                "lanes": 1,
                "lanes_length": 243.40515965322402,
                "length": 243.40515965322402,
                "name": "Владивосток",
                "place": null,
                "population": 600871.0,
                "short_name": "Владивосток",
                "type": null
            },
            "geometry":
            {
                "type": "LineString",
                "coordinates":
                [
                    [
                        131.8838257,
                        43.1192561
                    ],
                    [
                        131.8839598,
                        43.1185395
                    ],
                    [
                        131.8858856,
                        43.1181832
                    ]
                ]
            }
        },
        {
            "id": "338",
            "type": "Feature",
            "properties":
            {
                "admin_level": "6",
                "index_right": 548.0,
                "lanes": 1,
                "lanes_length": 331.1541757186087,
                "length": 331.1541757186087,
                "name": "Владивосток",
                "place": null,
                "population": 600871.0,
                "short_name": "Владивосток",
                "type": null
            },
            "geometry":
            {
                "type": "LineString",
                "coordinates":
                [
                    [
                        131.9375074,
                        43.1044139
                    ],
                    [
                        131.9391489,
                        43.1071868
                    ]
                ]
            }
        },
        {
            "id": "465",
            "type": "Feature",
            "properties":
            {
                "admin_level": "6",
                "index_right": 548.0,
                "lanes": 1,
                "lanes_length": 1004.7450548002709,
                "length": 1004.7450548002709,
                "name": "Владивосток",
                "place": null,
                "population": 600871.0,
                "short_name": "Владивосток",
                "type": null
            },
            "geometry":
            {
                "type": "LineString",
                "coordinates":
                [
                    [
                        131.8883059,
                        43.1243888
                    ],
                    [
                        131.8874584,
                        43.1244279
                    ],
                    [
                        131.8856023,
                        43.1240834
                    ],
                    [
                        131.8850122,
                        43.1236605
                    ],
                    [
                        131.8828118,
                        43.1173726
                    ]
                ]
            }
        },
        {
            "id": "466",
            "type": "Feature",
            "properties":
            {
                "admin_level": "6",
                "index_right": 548.0,
                "lanes": 1,
                "lanes_length": 736.0366582654256,
                "length": 736.0366582654256,
                "name": "Владивосток",
                "place": null,
                "population": 600871.0,
                "short_name": "Владивосток",
                "type": null
            },
            "geometry":
            {
                "type": "LineString",
                "coordinates":
                [
                    [
                        131.8858812,
                        43.1166157
                    ],
                    [
                        131.8882201,
                        43.1231391
                    ]
                ]
            }
        },
        {
            "id": "334",
            "type": "Feature",
            "properties":
            {
                "admin_level": "6",
                "index_right": 239.0,
                "lanes": 1,
                "lanes_length": 1345.8327593520285,
                "length": 1345.8327593520285,
                "name": "городской округ Рыбинск",
                "place": null,
                "population": 182383.0,
                "short_name": "Рыбинск",
                "type": null
            },
            "geometry":
            {
                "type": "LineString",
                "coordinates":
                [
                    [
                        38.8593936,
                        58.0478419
                    ],
                    [
                        38.8376999,
                        58.0517139
                    ]
                ]
            }
        },
        {
            "id": "335",
            "type": "Feature",
            "properties":
            {
                "admin_level": "6",
                "index_right": 10.0,
                "lanes": 1,
                "lanes_length": 1930.4385901930912,
                "length": 1930.4385901930912,
                "name": "городской округ Анапа",
                "place": null,
                "population": 94340.0,
                "short_name": "Анапа",
                "type": null
            },
            "geometry":
            {
                "type": "LineString",
                "coordinates":
                [
                    [
                        37.3202991,
                        44.9230621
                    ],
                    [
                        37.322402,
                        44.9157689
                    ],
                    [
                        37.3219299,
                        44.9055872
                    ]
                ]
            }
        },
        {
            "id": "336",
            "type": "Feature",
            "properties":
            {
                "admin_level": "6",
                "index_right": 10.0,
                "lanes": 1,
                "lanes_length": 908.6993880590752,
                "length": 908.6993880590752,
                "name": "городской округ Анапа",
                "place": null,
                "population": 94340.0,
                "short_name": "Анапа",
                "type": null
            },
            "geometry":
            {
                "type": "LineString",
                "coordinates":
                [
                    [
                        37.2921038,
                        44.9568115
                    ],
                    [
                        37.2990561,
                        44.9502516
                    ]
                ]
            }
        },
        {
            "id": "434",
            "type": "Feature",
            "properties":
            {
                "admin_level": "6",
                "index_right": 10.0,
                "lanes": 1,
                "lanes_length": 2687.692255871507,
                "length": 2687.692255871507,
                "name": "городской округ Анапа",
                "place": null,
                "population": 94340.0,
                "short_name": "Анапа",
                "type": null
            },
            "geometry":
            {
                "type": "LineString",
                "coordinates":
                [
                    [
                        37.3354254,
                        44.9022408
                    ],
                    [
                        37.3357687,
                        44.9017772
                    ],
                    [
                        37.3356829,
                        44.9015948
                    ],
                    [
                        37.3353503,
                        44.9015644
                    ],
                    [
                        37.3345885,
                        44.9017392
                    ],
                    [
                        37.3239455,
                        44.8977038
                    ],
                    [
                        37.3079381,
                        44.8896624
                    ]
                ]
            }
        },
        {
            "id": "342",
            "type": "Feature",
            "properties":
            {
                "admin_level": "6",
                "index_right": 316.0,
                "lanes": 1,
                "lanes_length": 427.9572274442705,
                "length": 427.9572274442705,
                "name": "городской округ Оренбург",
                "place": null,
                "population": 572819.0,
                "short_name": "Оренбург",
                "type": null
            },
            "geometry":
            {
                "type": "LineString",
                "coordinates":
                [
                    [
                        55.1072275,
                        51.7629554
                    ],
                    [
                        55.1050925,
                        51.7665676
                    ]
                ]
            }
        },
        {
            "id": "343",
            "type": "Feature",
            "properties":
            {
                "admin_level": "6",
                "index_right": 316.0,
                "lanes": 1,
                "lanes_length": 1253.11926684718,
                "length": 1253.11926684718,
                "name": "городской округ Оренбург",
                "place": null,
                "population": 572819.0,
                "short_name": "Оренбург",
                "type": null
            },
            "geometry":
            {
                "type": "LineString",
                "coordinates":
                [
                    [
                        55.1060152,
                        51.7648612
                    ],
                    [
                        55.1039069,
                        51.7644562
                    ],
                    [
                        55.0948006,
                        51.7622983
                    ],
                    [
                        55.0891065,
                        51.7607907
                    ]
                ]
            }
        },
        {
            "id": "344",
            "type": "Feature",
            "properties":
            {
                "admin_level": "6",
                "index_right": 316.0,
                "lanes": 1,
                "lanes_length": 503.0391121908269,
                "length": 503.0391121908269,
                "name": "городской округ Оренбург",
                "place": null,
                "population": 572819.0,
                "short_name": "Оренбург",
                "type": null
            },
            "geometry":
            {
                "type": "LineString",
                "coordinates":
                [
                    [
                        55.0884091,
                        51.7652928
                    ],
                    [
                        55.0891065,
                        51.7607907
                    ]
                ]
            }
        },
        {
            "id": "345",
            "type": "Feature",
            "properties":
            {
                "admin_level": "6",
                "index_right": 316.0,
                "lanes": 1,
                "lanes_length": 222.9916235843107,
                "length": 222.9916235843107,
                "name": "городской округ Оренбург",
                "place": null,
                "population": 572819.0,
                "short_name": "Оренбург",
                "type": null
            },
            "geometry":
            {
                "type": "LineString",
                "coordinates":
                [
                    [
                        55.1049843,
                        51.7666103
                    ],
                    [
                        55.1019158,
                        51.7659862
                    ]
                ]
            }
        },
        {
            "id": "346",
            "type": "Feature",
            "properties":
            {
                "admin_level": "6",
                "index_right": 316.0,
                "lanes": 1,
                "lanes_length": 4040.47698961927,
                "length": 4040.47698961927,
                "name": "городской округ Оренбург",
                "place": null,
                "population": 572819.0,
                "short_name": "Оренбург",
                "type": null
            },
            "geometry":
            {
                "type": "LineString",
                "coordinates":
                [
                    [
                        55.104126,
                        51.762188
                    ],
                    [
                        55.1007893,
                        51.7676727
                    ],
                    [
                        55.0992122,
                        51.770999
                    ],
                    [
                        55.1004995,
                        51.7844856
                    ],
                    [
                        55.1005855,
                        51.7979721
                    ]
                ]
            }
        },
        {
            "id": "356",
            "type": "Feature",
            "properties":
            {
                "admin_level": "6",
                "index_right": 316.0,
                "lanes": 1,
                "lanes_length": 3290.6205874621232,
                "length": 3290.6205874621232,
                "name": "городской округ Оренбург",
                "place": null,
                "population": 572819.0,
                "short_name": "Оренбург",
                "type": null
            },
            "geometry":
            {
                "type": "LineString",
                "coordinates":
                [
                    [
                        55.0992676,
                        51.7686221
                    ],
                    [
                        55.0981013,
                        51.7710314
                    ],
                    [
                        55.094445,
                        51.7851778
                    ],
                    [
                        55.0941875,
                        51.797919
                    ]
                ]
            }
        },
        {
            "id": "359",
            "type": "Feature",
            "properties":
            {
                "admin_level": "6",
                "index_right": 316.0,
                "lanes": 1,
                "lanes_length": 69.23676233681735,
                "length": 69.23676233681735,
                "name": "городской округ Оренбург",
                "place": null,
                "population": 572819.0,
                "short_name": "Оренбург",
                "type": null
            },
            "geometry":
            {
                "type": "LineString",
                "coordinates":
                [
                    [
                        55.0763672,
                        51.7758548
                    ],
                    [
                        55.0755089,
                        51.7761767
                    ]
                ]
            }
        },
        {
            "id": "360",
            "type": "Feature",
            "properties":
            {
                "admin_level": "6",
                "index_right": 316.0,
                "lanes": 1,
                "lanes_length": 67.05491770740265,
                "length": 67.05491770740265,
                "name": "городской округ Оренбург",
                "place": null,
                "population": 572819.0,
                "short_name": "Оренбург",
                "type": null
            },
            "geometry":
            {
                "type": "LineString",
                "coordinates":
                [
                    [
                        55.0753566,
                        51.775949
                    ],
                    [
                        55.0762685,
                        51.7757416
                    ]
                ]
            }
        },
        {
            "id": "354",
            "type": "Feature",
            "properties":
            {
                "admin_level": "6",
                "index_right": 374.0,
                "lanes": 1,
                "lanes_length": 169.05163414726863,
                "length": 169.05163414726863,
                "name": "городской округ Йошкар-Ола",
                "place": null,
                "population": 276155.0,
                "short_name": "Йошкар-Ола",
                "type": null
            },
            "geometry":
            {
                "type": "LineString",
                "coordinates":
                [
                    [
                        47.894817,
                        56.627502
                    ],
                    [
                        47.8958362,
                        56.6289065
                    ]
                ]
            }
        },
        {
            "id": "355",
            "type": "Feature",
            "properties":
            {
                "admin_level": "6",
                "index_right": 154.0,
                "lanes": 1,
                "lanes_length": 358.149738392012,
                "length": 358.149738392012,
                "name": "городской округ Подольск",
                "place": null,
                "population": 309250.0,
                "short_name": "Подольск",
                "type": null
            },
            "geometry":
            {
                "type": "LineString",
                "coordinates":
                [
                    [
                        37.6146676,
                        55.4773376
                    ],
                    [
                        37.6153098,
                        55.4741546
                    ]
                ]
            }
        },
        {
            "id": "357",
            "type": "Feature",
            "properties":
            {
                "admin_level": "6",
                "index_right": 643.0,
                "lanes": 1,
                "lanes_length": 942.0712859073258,
                "length": 942.0712859073258,
                "name": "городской округ Хабаровск",
                "place": null,
                "population": 610305.0,
                "short_name": "Хабаровск",
                "type": null
            },
            "geometry":
            {
                "type": "LineString",
                "coordinates":
                [
                    [
                        135.099764,
                        48.4581612
                    ],
                    [
                        135.0979348,
                        48.4598261
                    ],
                    [
                        135.0964274,
                        48.4619889
                    ],
                    [
                        135.0922217,
                        48.4649058
                    ]
                ]
            }
        },
        {
            "id": "358",
            "type": "Feature",
            "properties":
            {
                "admin_level": "6",
                "index_right": 643.0,
                "lanes": 1,
                "lanes_length": 5903.890689363204,
                "length": 5903.890689363204,
                "name": "городской округ Хабаровск",
                "place": null,
                "population": 610305.0,
                "short_name": "Хабаровск",
                "type": null
            },
            "geometry":
            {
                "type": "LineString",
                "coordinates":
                [
                    [
                        135.1044326,
                        48.4076077
                    ],
                    [
                        135.1096938,
                        48.4211137
                    ],
                    [
                        135.1129834,
                        48.4378094
                    ],
                    [
                        135.1115351,
                        48.4457678
                    ],
                    [
                        135.1105695,
                        48.4474188
                    ],
                    [
                        135.107265,
                        48.4506639
                    ],
                    [
                        135.103188,
                        48.453311
                    ],
                    [
                        135.1019006,
                        48.4564133
                    ],
                    [
                        135.100184,
                        48.4578933
                    ]
                ]
            }
        },
        {
            "id": "362",
            "type": "Feature",
            "properties":
            {
                "admin_level": "6",
                "index_right": 94.0,
                "lanes": 1,
                "lanes_length": 1394.0956811277674,
                "length": 1394.0956811277674,
                "name": "городской округ Ставрополь",
                "place": null,
                "population": 454488.0,
                "short_name": "Ставрополь",
                "type": null
            },
            "geometry":
            {
                "type": "LineString",
                "coordinates":
                [
                    [
                        41.9647825,
                        45.0440604
                    ],
                    [
                        41.9674539,
                        45.0314752
                    ]
                ]
            }
        },
        {
            "id": "418",
            "type": "Feature",
            "properties":
            {
                "admin_level": "6",
                "index_right": 94.0,
                "lanes": 1,
                "lanes_length": 1486.522664653665,
                "length": 1486.522664653665,
                "name": "городской округ Ставрополь",
                "place": null,
                "population": 454488.0,
                "short_name": "Ставрополь",
                "type": null
            },
            "geometry":
            {
                "type": "LineString",
                "coordinates":
                [
                    [
                        41.9416254,
                        45.0275554
                    ],
                    [
                        41.9426447,
                        45.028473
                    ],
                    [
                        41.9454664,
                        45.0299212
                    ],
                    [
                        41.9469362,
                        45.0302245
                    ],
                    [
                        41.9588023,
                        45.031468
                    ]
                ]
            }
        },
        {
            "id": "366",
            "type": "Feature",
            "properties":
            {
                "admin_level": "6",
                "index_right": 219.0,
                "lanes": 1,
                "lanes_length": 155.7100906026,
                "length": 155.7100906026,
                "name": "городской округ Арзамас",
                "place": null,
                "population": 103396.0,
                "short_name": "Арзамас",
                "type": null
            },
            "geometry":
            {
                "type": "LineString",
                "coordinates":
                [
                    [
                        43.8151387,
                        55.3846131
                    ],
                    [
                        43.8157878,
                        55.3859569
                    ]
                ]
            }
        },
        {
            "id": "367",
            "type": "Feature",
            "properties":
            {
                "admin_level": "6",
                "index_right": 219.0,
                "lanes": 1,
                "lanes_length": 949.0896897722803,
                "length": 949.0896897722803,
                "name": "городской округ Арзамас",
                "place": null,
                "population": 103396.0,
                "short_name": "Арзамас",
                "type": null
            },
            "geometry":
            {
                "type": "LineString",
                "coordinates":
                [
                    [
                        43.8160184,
                        55.3904178
                    ],
                    [
                        43.8202885,
                        55.3985583
                    ]
                ]
            }
        },
        {
            "id": "369",
            "type": "Feature",
            "properties":
            {
                "admin_level": "6",
                "index_right": 256.0,
                "lanes": 1,
                "lanes_length": 47.969037901498986,
                "length": 47.969037901498986,
                "name": "городской округ Нижний Новгород",
                "place": null,
                "population": 1244254.0,
                "short_name": "Нижний Новгород",
                "type": null
            },
            "geometry":
            {
                "type": "LineString",
                "coordinates":
                [
                    [
                        43.9480442,
                        56.3222341
                    ],
                    [
                        43.9474112,
                        56.3219842
                    ]
                ]
            }
        },
        {
            "id": "370",
            "type": "Feature",
            "properties":
            {
                "admin_level": "6",
                "index_right": 256.0,
                "lanes": 1,
                "lanes_length": 1750.7170086835104,
                "length": 1750.7170086835104,
                "name": "городской округ Нижний Новгород",
                "place": null,
                "population": 1244254.0,
                "short_name": "Нижний Новгород",
                "type": null
            },
            "geometry":
            {
                "type": "LineString",
                "coordinates":
                [
                    [
                        43.9454331,
                        56.2300834
                    ],
                    [
                        43.9469351,
                        56.2312999
                    ],
                    [
                        43.9562784,
                        56.2373643
                    ],
                    [
                        43.9621903,
                        56.2406138
                    ],
                    [
                        43.9638008,
                        56.2419613
                    ]
                ]
            }
        },
        {
            "id": "371",
            "type": "Feature",
            "properties":
            {
                "admin_level": "6",
                "index_right": 256.0,
                "lanes": 1,
                "lanes_length": 810.0912020795207,
                "length": 810.0912020795207,
                "name": "городской округ Нижний Новгород",
                "place": null,
                "population": 1244254.0,
                "short_name": "Нижний Новгород",
                "type": null
            },
            "geometry":
            {
                "type": "LineString",
                "coordinates":
                [
                    [
                        43.9660324,
                        56.2463431
                    ],
                    [
                        43.9694871,
                        56.2533289
                    ]
                ]
            }
        },
        {
            "id": "403",
            "type": "Feature",
            "properties":
            {
                "admin_level": "6",
                "index_right": 256.0,
                "lanes": 1,
                "lanes_length": 691.8682378831461,
                "length": 691.8682378831461,
                "name": "городской округ Нижний Новгород",
                "place": null,
                "population": 1244254.0,
                "short_name": "Нижний Новгород",
                "type": null
            },
            "geometry":
            {
                "type": "LineString",
                "coordinates":
                [
                    [
                        43.9303871,
                        56.3198677
                    ],
                    [
                        43.9409664,
                        56.3219501
                    ]
                ]
            }
        },
        {
            "id": "428",
            "type": "Feature",
            "properties":
            {
                "admin_level": "6",
                "index_right": 256.0,
                "lanes": 1,
                "lanes_length": 1417.0806898069561,
                "length": 1417.0806898069561,
                "name": "городской округ Нижний Новгород",
                "place": null,
                "population": 1244254.0,
                "short_name": "Нижний Новгород",
                "type": null
            },
            "geometry":
            {
                "type": "LineString",
                "coordinates":
                [
                    [
                        43.9700367,
                        56.2985531
                    ],
                    [
                        43.9718821,
                        56.2982435
                    ],
                    [
                        43.9733841,
                        56.2984816
                    ],
                    [
                        43.9740278,
                        56.2990769
                    ],
                    [
                        43.9738133,
                        56.2998865
                    ],
                    [
                        43.9720537,
                        56.3005294
                    ],
                    [
                        43.9710238,
                        56.3012676
                    ],
                    [
                        43.9713671,
                        56.3027438
                    ],
                    [
                        43.9728262,
                        56.3036009
                    ],
                    [
                        43.9750578,
                        56.3035057
                    ],
                    [
                        43.9774611,
                        56.3039343
                    ],
                    [
                        43.980036,
                        56.3051247
                    ]
                ]
            }
        },
        {
            "id": "429",
            "type": "Feature",
            "properties":
            {
                "admin_level": "6",
                "index_right": 256.0,
                "lanes": 1,
                "lanes_length": 638.0040356068541,
                "length": 638.0040356068541,
                "name": "городской округ Нижний Новгород",
                "place": null,
                "population": 1244254.0,
                "short_name": "Нижний Новгород",
                "type": null
            },
            "geometry":
            {
                "type": "LineString",
                "coordinates":
                [
                    [
                        43.9587335,
                        56.3242671
                    ],
                    [
                        43.9650206,
                        56.3288
                    ]
                ]
            }
        },
        {
            "id": "494",
            "type": "Feature",
            "properties":
            {
                "admin_level": "6",
                "index_right": 256.0,
                "lanes": 1,
                "lanes_length": 3317.673991693091,
                "length": 3317.673991693091,
                "name": "городской округ Нижний Новгород",
                "place": null,
                "population": 1244254.0,
                "short_name": "Нижний Новгород",
                "type": null
            },
            "geometry":
            {
                "type": "LineString",
                "coordinates":
                [
                    [
                        43.9772505,
                        56.2741471
                    ],
                    [
                        43.9803501,
                        56.2800628
                    ],
                    [
                        43.9810848,
                        56.2843309
                    ],
                    [
                        43.9816052,
                        56.2900283
                    ],
                    [
                        43.9840085,
                        56.2967964
                    ],
                    [
                        43.9845669,
                        56.3033975
                    ]
                ]
            }
        },
        {
            "id": "495",
            "type": "Feature",
            "properties":
            {
                "admin_level": "6",
                "index_right": 256.0,
                "lanes": 1,
                "lanes_length": 640.6966730500122,
                "length": 640.6966730500122,
                "name": "городской округ Нижний Новгород",
                "place": null,
                "population": 1244254.0,
                "short_name": "Нижний Новгород",
                "type": null
            },
            "geometry":
            {
                "type": "LineString",
                "coordinates":
                [
                    [
                        43.9828018,
                        56.2916329
                    ],
                    [
                        43.9930586,
                        56.2906981
                    ]
                ]
            }
        },
        {
            "id": "496",
            "type": "Feature",
            "properties":
            {
                "admin_level": "6",
                "index_right": 256.0,
                "lanes": 1,
                "lanes_length": 671.5869183696727,
                "length": 671.5869183696727,
                "name": "городской округ Нижний Новгород",
                "place": null,
                "population": 1244254.0,
                "short_name": "Нижний Новгород",
                "type": null
            },
            "geometry":
            {
                "type": "LineString",
                "coordinates":
                [
                    [
                        43.9955477,
                        56.2906684
                    ],
                    [
                        43.9847866,
                        56.2916151
                    ]
                ]
            }
        },
        {
            "id": "497",
            "type": "Feature",
            "properties":
            {
                "admin_level": "6",
                "index_right": 256.0,
                "lanes": 1,
                "lanes_length": 1187.6789456454314,
                "length": 1187.6789456454314,
                "name": "городской округ Нижний Новгород",
                "place": null,
                "population": 1244254.0,
                "short_name": "Нижний Новгород",
                "type": null
            },
            "geometry":
            {
                "type": "LineString",
                "coordinates":
                [
                    [
                        43.9032254,
                        56.2579924
                    ],
                    [
                        43.9036974,
                        56.2585734
                    ],
                    [
                        43.9140937,
                        56.2667428
                    ]
                ]
            }
        },
        {
            "id": "542",
            "type": "Feature",
            "properties":
            {
                "admin_level": "6",
                "index_right": 256.0,
                "lanes": 1,
                "lanes_length": 432.54810618400427,
                "length": 432.54810618400427,
                "name": "городской округ Нижний Новгород",
                "place": null,
                "population": 1244254.0,
                "short_name": "Нижний Новгород",
                "type": null
            },
            "geometry":
            {
                "type": "LineString",
                "coordinates":
                [
                    [
                        44.023545,
                        56.3081137
                    ],
                    [
                        44.0269997,
                        56.3047479
                    ]
                ]
            }
        },
        {
            "id": "543",
            "type": "Feature",
            "properties":
            {
                "admin_level": "6",
                "index_right": 256.0,
                "lanes": 1,
                "lanes_length": 1978.3279654145642,
                "length": 1978.3279654145642,
                "name": "городской округ Нижний Новгород",
                "place": null,
                "population": 1244254.0,
                "short_name": "Нижний Новгород",
                "type": null
            },
            "geometry":
            {
                "type": "LineString",
                "coordinates":
                [
                    [
                        43.8761249,
                        56.2466634
                    ],
                    [
                        43.9022752,
                        56.2568982
                    ]
                ]
            }
        },
        {
            "id": "544",
            "type": "Feature",
            "properties":
            {
                "admin_level": "6",
                "index_right": 256.0,
                "lanes": 1,
                "lanes_length": 1802.2784312810372,
                "length": 1802.2784312810372,
                "name": "городской округ Нижний Новгород",
                "place": null,
                "population": 1244254.0,
                "short_name": "Нижний Новгород",
                "type": null
            },
            "geometry":
            {
                "type": "LineString",
                "coordinates":
                [
                    [
                        43.9267946,
                        56.2840381
                    ],
                    [
                        43.9157225,
                        56.2691291
                    ]
                ]
            }
        },
        {
            "id": "372",
            "type": "Feature",
            "properties":
            {
                "admin_level": "6",
                "index_right": 279.0,
                "lanes": 1,
                "lanes_length": 1716.4187837664583,
                "length": 1716.4187837664583,
                "name": "городской округ Астрахань",
                "place": null,
                "population": 524371.0,
                "short_name": "Астрахань",
                "type": null
            },
            "geometry":
            {
                "type": "LineString",
                "coordinates":
                [
                    [
                        48.0344712,
                        46.3535422
                    ],
                    [
                        48.049095,
                        46.350547
                    ],
                    [
                        48.0529572,
                        46.3484974
                    ],
                    [
                        48.0537079,
                        46.3471882
                    ]
                ]
            }
        },
        {
            "id": "373",
            "type": "Feature",
            "properties":
            {
                "admin_level": "6",
                "index_right": 279.0,
                "lanes": 1,
                "lanes_length": 670.0226796658995,
                "length": 670.0226796658995,
                "name": "городской округ Астрахань",
                "place": null,
                "population": 524371.0,
                "short_name": "Астрахань",
                "type": null
            },
            "geometry":
            {
                "type": "LineString",
                "coordinates":
                [
                    [
                        48.0334987,
                        46.3474225
                    ],
                    [
                        48.0370071,
                        46.34743
                    ],
                    [
                        48.0420604,
                        46.3478891
                    ]
                ]
            }
        },
        {
            "id": "374",
            "type": "Feature",
            "properties":
            {
                "admin_level": "6",
                "index_right": 279.0,
                "lanes": 1,
                "lanes_length": 572.6415849356946,
                "length": 572.6415849356946,
                "name": "городской округ Астрахань",
                "place": null,
                "population": 524371.0,
                "short_name": "Астрахань",
                "type": null
            },
            "geometry":
            {
                "type": "LineString",
                "coordinates":
                [
                    [
                        48.0635368,
                        46.3468708
                    ],
                    [
                        48.0569842,
                        46.3474467
                    ],
                    [
                        48.0565685,
                        46.3478891
                    ]
                ]
            }
        },
        {
            "id": "378",
            "type": "Feature",
            "properties":
            {
                "admin_level": "6",
                "index_right": 279.0,
                "lanes": 1,
                "lanes_length": 369.9746105558191,
                "length": 369.9746105558191,
                "name": "городской округ Астрахань",
                "place": null,
                "population": 524371.0,
                "short_name": "Астрахань",
                "type": null
            },
            "geometry":
            {
                "type": "LineString",
                "coordinates":
                [
                    [
                        48.0421131,
                        46.3479382
                    ],
                    [
                        48.042081,
                        46.3494712
                    ],
                    [
                        48.0422741,
                        46.3513004
                    ]
                ]
            }
        },
        {
            "id": "394",
            "type": "Feature",
            "properties":
            {
                "admin_level": "6",
                "index_right": 279.0,
                "lanes": 1,
                "lanes_length": 1908.8334019725621,
                "length": 1908.8334019725621,
                "name": "городской округ Астрахань",
                "place": null,
                "population": 524371.0,
                "short_name": "Астрахань",
                "type": null
            },
            "geometry":
            {
                "type": "LineString",
                "coordinates":
                [
                    [
                        48.0057087,
                        46.3550185
                    ],
                    [
                        47.9995289,
                        46.3499533
                    ],
                    [
                        47.9979625,
                        46.3489165
                    ],
                    [
                        47.9904419,
                        46.3414698
                    ]
                ]
            }
        },
        {
            "id": "391",
            "type": "Feature",
            "properties":
            {
                "admin_level": "6",
                "index_right": 92.0,
                "lanes": 1,
                "lanes_length": 1196.0022116107314,
                "length": 1196.0022116107314,
                "name": "городской округ Таганрог",
                "place": null,
                "population": 248269.0,
                "short_name": "Таганрог",
                "type": null
            },
            "geometry":
            {
                "type": "LineString",
                "coordinates":
                [
                    [
                        38.9145797,
                        47.2103905
                    ],
                    [
                        38.9213603,
                        47.2201776
                    ]
                ]
            }
        },
        {
            "id": "392",
            "type": "Feature",
            "properties":
            {
                "admin_level": "6",
                "index_right": 92.0,
                "lanes": 1,
                "lanes_length": 412.4795524133707,
                "length": 412.4795524133707,
                "name": "городской округ Таганрог",
                "place": null,
                "population": 248269.0,
                "short_name": "Таганрог",
                "type": null
            },
            "geometry":
            {
                "type": "LineString",
                "coordinates":
                [
                    [
                        38.9161585,
                        47.2212081
                    ],
                    [
                        38.9202087,
                        47.2187342
                    ]
                ]
            }
        },
        {
            "id": "398",
            "type": "Feature",
            "properties":
            {
                "admin_level": "6",
                "index_right": 531.0,
                "lanes": 1,
                "lanes_length": 365.931680548336,
                "length": 365.931680548336,
                "name": "городской округ Нижневартовск",
                "place": null,
                "population": 278725.0,
                "short_name": "Нижневартовск",
                "type": null
            },
            "geometry":
            {
                "type": "LineString",
                "coordinates":
                [
                    [
                        76.4992734,
                        60.9504643
                    ],
                    [
                        76.4965375,
                        60.9511936
                    ],
                    [
                        76.4960547,
                        60.9511832
                    ],
                    [
                        76.4946921,
                        60.9504174
                    ],
                    [
                        76.4946921,
                        60.950209
                    ],
                    [
                        76.495132,
                        60.9499798
                    ]
                ]
            }
        },
        {
            "id": "398",
            "type": "Feature",
            "properties":
            {
                "admin_level": "6",
                "index_right": 529.0,
                "lanes": 1,
                "lanes_length": 365.931680548336,
                "length": 365.931680548336,
                "name": null,
                "place": null,
                "population": null,
                "short_name": null,
                "type": null
            },
            "geometry":
            {
                "type": "LineString",
                "coordinates":
                [
                    [
                        76.4992734,
                        60.9504643
                    ],
                    [
                        76.4965375,
                        60.9511936
                    ],
                    [
                        76.4960547,
                        60.9511832
                    ],
                    [
                        76.4946921,
                        60.9504174
                    ],
                    [
                        76.4946921,
                        60.950209
                    ],
                    [
                        76.495132,
                        60.9499798
                    ]
                ]
            }
        },
        {
            "id": "400",
            "type": "Feature",
            "properties":
            {
                "admin_level": "6",
                "index_right": 123.0,
                "lanes": 1,
                "lanes_length": 117.85991979826643,
                "length": 117.85991979826643,
                "name": "городской округ Орёл",
                "place": null,
                "population": 303696.0,
                "short_name": "Орёл",
                "type": null
            },
            "geometry":
            {
                "type": "LineString",
                "coordinates":
                [
                    [
                        36.0106411,
                        52.919269
                    ],
                    [
                        36.0119392,
                        52.9199806
                    ]
                ]
            }
        },
        {
            "id": "404",
            "type": "Feature",
            "properties":
            {
                "admin_level": "6",
                "index_right": 296.0,
                "lanes": 1,
                "lanes_length": 2735.5237091022714,
                "length": 2735.5237091022714,
                "name": "городской округ Саранск",
                "place": null,
                "population": 317432.0,
                "short_name": "Саранск",
                "type": null
            },
            "geometry":
            {
                "type": "LineString",
                "coordinates":
                [
                    [
                        45.1523913,
                        54.1711477
                    ],
                    [
                        45.154183,
                        54.1830598
                    ],
                    [
                        45.1607853,
                        54.1926584
                    ],
                    [
                        45.1624106,
                        54.1946488
                    ]
                ]
            }
        },
        {
            "id": "416",
            "type": "Feature",
            "properties":
            {
                "admin_level": "6",
                "index_right": 284.0,
                "lanes": 1,
                "lanes_length": 347.84857443350035,
                "length": 347.84857443350035,
                "name": "городской округ Пенза",
                "place": null,
                "population": 516450.0,
                "short_name": "Пенза",
                "type": null
            },
            "geometry":
            {
                "type": "LineString",
                "coordinates":
                [
                    [
                        44.9843791,
                        53.204026
                    ],
                    [
                        44.9893788,
                        53.2031392
                    ]
                ]
            }
        },
        {
            "id": "421",
            "type": "Feature",
            "properties":
            {
                "admin_level": "6",
                "index_right": 647.0,
                "lanes": 1,
                "lanes_length": 103.92272367894697,
                "length": 103.92272367894697,
                "name": "городской округ Южно-Сахалинск",
                "place": null,
                "population": 200235.0,
                "short_name": "Южно-Сахалинск",
                "type": null
            },
            "geometry":
            {
                "type": "LineString",
                "coordinates":
                [
                    [
                        142.7452049,
                        46.9353873
                    ],
                    [
                        142.745044,
                        46.936325
                    ]
                ]
            }
        },
        {
            "id": "422",
            "type": "Feature",
            "properties":
            {
                "admin_level": "6",
                "index_right": 647.0,
                "lanes": 1,
                "lanes_length": 112.75467619310737,
                "length": 112.75467619310737,
                "name": "городской округ Южно-Сахалинск",
                "place": null,
                "population": 200235.0,
                "short_name": "Южно-Сахалинск",
                "type": null
            },
            "geometry":
            {
                "type": "LineString",
                "coordinates":
                [
                    [
                        142.7242829,
                        46.8878352
                    ],
                    [
                        142.7242668,
                        46.8875016
                    ],
                    [
                        142.7243634,
                        46.8873696
                    ],
                    [
                        142.7243795,
                        46.886827
                    ]
                ]
            }
        },
        {
            "id": "423",
            "type": "Feature",
            "properties":
            {
                "admin_level": "6",
                "index_right": 647.0,
                "lanes": 1,
                "lanes_length": 186.4800788503584,
                "length": 186.4800788503584,
                "name": "городской округ Южно-Сахалинск",
                "place": null,
                "population": 200235.0,
                "short_name": "Южно-Сахалинск",
                "type": null
            },
            "geometry":
            {
                "type": "LineString",
                "coordinates":
                [
                    [
                        142.7443693,
                        46.899823
                    ],
                    [
                        142.7447716,
                        46.9014943
                    ]
                ]
            }
        },
        {
            "id": "470",
            "type": "Feature",
            "properties":
            {
                "admin_level": "6",
                "index_right": 647.0,
                "lanes": 1,
                "lanes_length": 450.73815273906297,
                "length": 450.73815273906297,
                "name": "городской округ Южно-Сахалинск",
                "place": null,
                "population": 200235.0,
                "short_name": "Южно-Сахалинск",
                "type": null
            },
            "geometry":
            {
                "type": "LineString",
                "coordinates":
                [
                    [
                        142.7342063,
                        46.9355369
                    ],
                    [
                        142.7334124,
                        46.9395953
                    ]
                ]
            }
        },
        {
            "id": "471",
            "type": "Feature",
            "properties":
            {
                "admin_level": "6",
                "index_right": 647.0,
                "lanes": 1,
                "lanes_length": 427.97129742402905,
                "length": 427.97129742402905,
                "name": "городской округ Южно-Сахалинск",
                "place": null,
                "population": 200235.0,
                "short_name": "Южно-Сахалинск",
                "type": null
            },
            "geometry":
            {
                "type": "LineString",
                "coordinates":
                [
                    [
                        142.7186203,
                        46.9630914
                    ],
                    [
                        142.7218492,
                        46.9633996
                    ],
                    [
                        142.7241399,
                        46.9635936
                    ]
                ]
            }
        },
        {
            "id": "472",
            "type": "Feature",
            "properties":
            {
                "admin_level": "6",
                "index_right": 647.0,
                "lanes": 1,
                "lanes_length": 491.29838023407297,
                "length": 491.29838023407297,
                "name": "городской округ Южно-Сахалинск",
                "place": null,
                "population": 200235.0,
                "short_name": "Южно-Сахалинск",
                "type": null
            },
            "geometry":
            {
                "type": "LineString",
                "coordinates":
                [
                    [
                        142.7028323,
                        46.9625282
                    ],
                    [
                        142.7092222,
                        46.9625355
                    ]
                ]
            }
        },
        {
            "id": "473",
            "type": "Feature",
            "properties":
            {
                "admin_level": "6",
                "index_right": 647.0,
                "lanes": 1,
                "lanes_length": 429.30314509229675,
                "length": 429.30314509229675,
                "name": "городской округ Южно-Сахалинск",
                "place": null,
                "population": 200235.0,
                "short_name": "Южно-Сахалинск",
                "type": null
            },
            "geometry":
            {
                "type": "LineString",
                "coordinates":
                [
                    [
                        142.7000206,
                        46.9674437
                    ],
                    [
                        142.7018015,
                        46.96513
                    ],
                    [
                        142.701823,
                        46.963856
                    ]
                ]
            }
        },
        {
            "id": "536",
            "type": "Feature",
            "properties":
            {
                "admin_level": "6",
                "index_right": 647.0,
                "lanes": 1,
                "lanes_length": 404.7229253533069,
                "length": 404.7229253533069,
                "name": "городской округ Южно-Сахалинск",
                "place": null,
                "population": 200235.0,
                "short_name": "Южно-Сахалинск",
                "type": null
            },
            "geometry":
            {
                "type": "LineString",
                "coordinates":
                [
                    [
                        142.7304684,
                        46.9641605
                    ],
                    [
                        142.7356826,
                        46.9646657
                    ]
                ]
            }
        },
        {
            "id": "424",
            "type": "Feature",
            "properties":
            {
                "admin_level": "6",
                "index_right": 117.0,
                "lanes": 1,
                "lanes_length": 805.166121401338,
                "length": 805.166121401338,
                "name": "городской округ Курчатов",
                "place": null,
                "population": 37940.0,
                "short_name": "Курчатов",
                "type": null
            },
            "geometry":
            {
                "type": "LineString",
                "coordinates":
                [
                    [
                        35.6578145,
                        51.6595485
                    ],
                    [
                        35.6507227,
                        51.661026
                    ],
                    [
                        35.6467959,
                        51.6618646
                    ]
                ]
            }
        },
        {
            "id": "425",
            "type": "Feature",
            "properties":
            {
                "admin_level": "6",
                "index_right": 117.0,
                "lanes": 1,
                "lanes_length": 868.4621473684508,
                "length": 868.4621473684508,
                "name": "городской округ Курчатов",
                "place": null,
                "population": 37940.0,
                "short_name": "Курчатов",
                "type": null
            },
            "geometry":
            {
                "type": "LineString",
                "coordinates":
                [
                    [
                        35.6466779,
                        51.6615651
                    ],
                    [
                        35.6521174,
                        51.6603339
                    ],
                    [
                        35.6585118,
                        51.6589762
                    ]
                ]
            }
        },
        {
            "id": "433",
            "type": "Feature",
            "properties":
            {
                "admin_level": "6",
                "index_right": 17.0,
                "lanes": 1,
                "lanes_length": 341.609924726529,
                "length": 341.609924726529,
                "name": "городской округ Майкоп",
                "place": null,
                "population": 139084.0,
                "short_name": "Майкоп",
                "type": null
            },
            "geometry":
            {
                "type": "LineString",
                "coordinates":
                [
                    [
                        40.1102878,
                        44.6119175
                    ],
                    [
                        40.1095904,
                        44.6088355
                    ]
                ]
            }
        },
        {
            "id": "439",
            "type": "Feature",
            "properties":
            {
                "admin_level": "6",
                "index_right": 24.0,
                "lanes": 1,
                "lanes_length": 444.1775652963829,
                "length": 444.1775652963829,
                "name": "городской округ Владикавказ",
                "place": null,
                "population": 301543.0,
                "short_name": "Владикавказ",
                "type": null
            },
            "geometry":
            {
                "type": "LineString",
                "coordinates":
                [
                    [
                        44.6831632,
                        43.0351226
                    ],
                    [
                        44.6836782,
                        43.0329582
                    ],
                    [
                        44.684,
                        43.0310917
                    ]
                ]
            }
        },
        {
            "id": "440",
            "type": "Feature",
            "properties":
            {
                "admin_level": "6",
                "index_right": 24.0,
                "lanes": 1,
                "lanes_length": 219.9164787338561,
                "length": 219.9164787338561,
                "name": "городской округ Владикавказ",
                "place": null,
                "population": 301543.0,
                "short_name": "Владикавказ",
                "type": null
            },
            "geometry":
            {
                "type": "LineString",
                "coordinates":
                [
                    [
                        44.6898487,
                        43.0320171
                    ],
                    [
                        44.6872523,
                        43.0316407
                    ]
                ]
            }
        },
        {
            "id": "441",
            "type": "Feature",
            "properties":
            {
                "admin_level": "6",
                "index_right": 488.0,
                "lanes": 1,
                "lanes_length": 1903.8210710385893,
                "length": 1903.8210710385893,
                "name": "городской округ Барнаул",
                "place": null,
                "population": 631124.0,
                "short_name": "Барнаул",
                "type": null
            },
            "geometry":
            {
                "type": "LineString",
                "coordinates":
                [
                    [
                        83.7858271,
                        53.3401191
                    ],
                    [
                        83.770399,
                        53.354504
                    ]
                ]
            }
        },
        {
            "id": "442",
            "type": "Feature",
            "properties":
            {
                "admin_level": "6",
                "index_right": 488.0,
                "lanes": 1,
                "lanes_length": 781.128289856355,
                "length": 781.128289856355,
                "name": "городской округ Барнаул",
                "place": null,
                "population": 631124.0,
                "short_name": "Барнаул",
                "type": null
            },
            "geometry":
            {
                "type": "LineString",
                "coordinates":
                [
                    [
                        83.7700546,
                        53.3559517
                    ],
                    [
                        83.7710202,
                        53.362329
                    ],
                    [
                        83.7706125,
                        53.3628796
                    ]
                ]
            }
        },
        {
            "id": "454",
            "type": "Feature",
            "properties":
            {
                "admin_level": "6",
                "index_right": 164.0,
                "lanes": 1,
                "lanes_length": 585.0033715311313,
                "length": 585.0033715311313,
                "name": "городской округ Балашиха",
                "place": null,
                "population": 507307.0,
                "short_name": "Балашиха",
                "type": null
            },
            "geometry":
            {
                "type": "LineString",
                "coordinates":
                [
                    [
                        37.9828607,
                        55.7511687
                    ],
                    [
                        37.9735052,
                        55.75106
                    ]
                ]
            }
        },
        {
            "id": "455",
            "type": "Feature",
            "properties":
            {
                "admin_level": "6",
                "index_right": 164.0,
                "lanes": 1,
                "lanes_length": 751.2484858740331,
                "length": 751.2484858740331,
                "name": "городской округ Балашиха",
                "place": null,
                "population": 507307.0,
                "short_name": "Балашиха",
                "type": null
            },
            "geometry":
            {
                "type": "LineString",
                "coordinates":
                [
                    [
                        38.008631,
                        55.7436854
                    ],
                    [
                        38.0082876,
                        55.7504005
                    ]
                ]
            }
        },
        {
            "id": "456",
            "type": "Feature",
            "properties":
            {
                "admin_level": "6",
                "index_right": 160.0,
                "lanes": 1,
                "lanes_length": 1771.8457534292497,
                "length": 1771.8457534292497,
                "name": "городской округ Дзержинский",
                "place": null,
                "population": 52797.0,
                "short_name": "Дзержинский",
                "type": null
            },
            "geometry":
            {
                "type": "LineString",
                "coordinates":
                [
                    [
                        37.8524489,
                        55.6534118
                    ],
                    [
                        37.8409047,
                        55.6455419
                    ],
                    [
                        37.838716,
                        55.6400199
                    ]
                ]
            }
        },
        {
            "id": "456",
            "type": "Feature",
            "properties":
            {
                "admin_level": "6",
                "index_right": 162.0,
                "lanes": 1,
                "lanes_length": 1771.8457534292497,
                "length": 1771.8457534292497,
                "name": "городской округ Котельники",
                "place": null,
                "population": 50723.0,
                "short_name": "Котельники",
                "type": null
            },
            "geometry":
            {
                "type": "LineString",
                "coordinates":
                [
                    [
                        37.8524489,
                        55.6534118
                    ],
                    [
                        37.8409047,
                        55.6455419
                    ],
                    [
                        37.838716,
                        55.6400199
                    ]
                ]
            }
        },
        {
            "id": "457",
            "type": "Feature",
            "properties":
            {
                "admin_level": "6",
                "index_right": 139.0,
                "lanes": 1,
                "lanes_length": 299.6441362958676,
                "length": 299.6441362958676,
                "name": "Рузский городской округ",
                "place": null,
                "population": null,
                "short_name": null,
                "type": null
            },
            "geometry":
            {
                "type": "LineString",
                "coordinates":
                [
                    [
                        36.467905,
                        55.6007457
                    ],
                    [
                        36.467669,
                        55.5983574
                    ],
                    [
                        36.4678621,
                        55.5980907
                    ]
                ]
            }
        },
        {
            "id": "458",
            "type": "Feature",
            "properties":
            {
                "admin_level": "6",
                "index_right": 139.0,
                "lanes": 1,
                "lanes_length": 333.18848813447096,
                "length": 333.18848813447096,
                "name": "Рузский городской округ",
                "place": null,
                "population": null,
                "short_name": null,
                "type": null
            },
            "geometry":
            {
                "type": "LineString",
                "coordinates":
                [
                    [
                        36.4682415,
                        55.5979684
                    ],
                    [
                        36.4693681,
                        55.5983261
                    ],
                    [
                        36.471782,
                        55.6001264
                    ]
                ]
            }
        },
        {
            "id": "460",
            "type": "Feature",
            "properties":
            {
                "admin_level": "6",
                "index_right": 180.0,
                "lanes": 1,
                "lanes_length": 530.8514745017859,
                "length": 530.8514745017859,
                "name": "городской округ Электросталь",
                "place": null,
                "population": 152607.0,
                "short_name": "Электросталь",
                "type": null
            },
            "geometry":
            {
                "type": "LineString",
                "coordinates":
                [
                    [
                        38.4912188,
                        55.8014376
                    ],
                    [
                        38.4831936,
                        55.7998697
                    ]
                ]
            }
        },
        {
            "id": "461",
            "type": "Feature",
            "properties":
            {
                "admin_level": "6",
                "index_right": 180.0,
                "lanes": 1,
                "lanes_length": 491.84939571223236,
                "length": 491.84939571223236,
                "name": "городской округ Электросталь",
                "place": null,
                "population": 152607.0,
                "short_name": "Электросталь",
                "type": null
            },
            "geometry":
            {
                "type": "LineString",
                "coordinates":
                [
                    [
                        38.4460519,
                        55.7991616
                    ],
                    [
                        38.449571,
                        55.7997526
                    ],
                    [
                        38.4524892,
                        55.8014411
                    ]
                ]
            }
        },
        {
            "id": "463",
            "type": "Feature",
            "properties":
            {
                "admin_level": "6",
                "index_right": 240.0,
                "lanes": 1,
                "lanes_length": 123.74457053266143,
                "length": 123.74457053266143,
                "name": "Петрозаводский городской округ",
                "place": null,
                "population": null,
                "short_name": null,
                "type": null
            },
            "geometry":
            {
                "type": "LineString",
                "coordinates":
                [
                    [
                        34.3786391,
                        61.7795605
                    ],
                    [
                        34.3766167,
                        61.7789948
                    ]
                ]
            }
        },
        {
            "id": "469",
            "type": "Feature",
            "properties":
            {
                "admin_level": "6",
                "index_right": 698.0,
                "lanes": 1,
                "lanes_length": 3821.72654699451,
                "length": 3821.72654699451,
                "name": "Новокузнецк",
                "place": null,
                "population": 544583.0,
                "short_name": "Новокузнецк",
                "type": "boundary"
            },
            "geometry":
            {
                "type": "LineString",
                "coordinates":
                [
                    [
                        87.3210845,
                        53.7838669
                    ],
                    [
                        87.330955,
                        53.784469
                    ],
                    [
                        87.334753,
                        53.7850903
                    ],
                    [
                        87.3374352,
                        53.7878919
                    ],
                    [
                        87.3475617,
                        53.7918343
                    ],
                    [
                        87.3542567,
                        53.7961818
                    ],
                    [
                        87.3611878,
                        53.7983365
                    ],
                    [
                        87.3695788,
                        53.8000344
                    ]
                ]
            }
        },
        {
            "id": "469",
            "type": "Feature",
            "properties":
            {
                "admin_level": "6",
                "index_right": 504.0,
                "lanes": 1,
                "lanes_length": 3821.72654699451,
                "length": 3821.72654699451,
                "name": "Новокузнецкий городской округ",
                "place": null,
                "population": null,
                "short_name": null,
                "type": null
            },
            "geometry":
            {
                "type": "LineString",
                "coordinates":
                [
                    [
                        87.3210845,
                        53.7838669
                    ],
                    [
                        87.330955,
                        53.784469
                    ],
                    [
                        87.334753,
                        53.7850903
                    ],
                    [
                        87.3374352,
                        53.7878919
                    ],
                    [
                        87.3475617,
                        53.7918343
                    ],
                    [
                        87.3542567,
                        53.7961818
                    ],
                    [
                        87.3611878,
                        53.7983365
                    ],
                    [
                        87.3695788,
                        53.8000344
                    ]
                ]
            }
        },
        {
            "id": "481",
            "type": "Feature",
            "properties":
            {
                "admin_level": "6",
                "index_right": 166.0,
                "lanes": 1,
                "lanes_length": 1400.4859508639781,
                "length": 1400.4859508639781,
                "name": "городской округ Долгопрудный",
                "place": null,
                "population": 117778.0,
                "short_name": "Долгопрудный",
                "type": null
            },
            "geometry":
            {
                "type": "LineString",
                "coordinates":
                [
                    [
                        37.4912436,
                        55.9023553
                    ],
                    [
                        37.4933036,
                        55.9061323
                    ],
                    [
                        37.4952026,
                        55.9146413
                    ]
                ]
            }
        },
        {
            "id": "482",
            "type": "Feature",
            "properties":
            {
                "admin_level": "6",
                "index_right": 166.0,
                "lanes": 1,
                "lanes_length": 161.00336008439916,
                "length": 161.00336008439916,
                "name": "городской округ Долгопрудный",
                "place": null,
                "population": 117778.0,
                "short_name": "Долгопрудный",
                "type": null
            },
            "geometry":
            {
                "type": "LineString",
                "coordinates":
                [
                    [
                        37.4941919,
                        55.9194283
                    ],
                    [
                        37.4937547,
                        55.9208471
                    ]
                ]
            }
        },
        {
            "id": "483",
            "type": "Feature",
            "properties":
            {
                "admin_level": "6",
                "index_right": 166.0,
                "lanes": 1,
                "lanes_length": 938.1964642455587,
                "length": 938.1964642455587,
                "name": "городской округ Долгопрудный",
                "place": null,
                "population": 117778.0,
                "short_name": "Долгопрудный",
                "type": null
            },
            "geometry":
            {
                "type": "LineString",
                "coordinates":
                [
                    [
                        37.4931079,
                        55.9281572
                    ],
                    [
                        37.4931826,
                        55.9311547
                    ],
                    [
                        37.4931023,
                        55.9321281
                    ],
                    [
                        37.4927831,
                        55.9336592
                    ],
                    [
                        37.4922469,
                        55.9365183
                    ]
                ]
            }
        },
        {
            "id": "484",
            "type": "Feature",
            "properties":
            {
                "admin_level": "6",
                "index_right": 166.0,
                "lanes": 1,
                "lanes_length": 822.2825784293777,
                "length": 822.2825784293777,
                "name": "городской округ Долгопрудный",
                "place": null,
                "population": 117778.0,
                "short_name": "Долгопрудный",
                "type": null
            },
            "geometry":
            {
                "type": "LineString",
                "coordinates":
                [
                    [
                        37.5063257,
                        55.9484257
                    ],
                    [
                        37.5056068,
                        55.9482425
                    ],
                    [
                        37.5045715,
                        55.9481464
                    ],
                    [
                        37.5034289,
                        55.9481403
                    ],
                    [
                        37.493266,
                        55.9488312
                    ]
                ]
            }
        },
        {
            "id": "485",
            "type": "Feature",
            "properties":
            {
                "admin_level": "6",
                "index_right": 166.0,
                "lanes": 1,
                "lanes_length": 862.1388471455457,
                "length": 862.1388471455457,
                "name": "городской округ Долгопрудный",
                "place": null,
                "population": 117778.0,
                "short_name": "Долгопрудный",
                "type": null
            },
            "geometry":
            {
                "type": "LineString",
                "coordinates":
                [
                    [
                        37.4914198,
                        55.9482174
                    ],
                    [
                        37.4916639,
                        55.9405105
                    ]
                ]
            }
        },
        {
            "id": "486",
            "type": "Feature",
            "properties":
            {
                "admin_level": "6",
                "index_right": 166.0,
                "lanes": 1,
                "lanes_length": 550.8306350771061,
                "length": 550.8306350771061,
                "name": "городской округ Долгопрудный",
                "place": null,
                "population": 117778.0,
                "short_name": "Долгопрудный",
                "type": null
            },
            "geometry":
            {
                "type": "LineString",
                "coordinates":
                [
                    [
                        37.491629,
                        55.9373826
                    ],
                    [
                        37.4926053,
                        55.9324878
                    ]
                ]
            }
        },
        {
            "id": "487",
            "type": "Feature",
            "properties":
            {
                "admin_level": "6",
                "index_right": 166.0,
                "lanes": 1,
                "lanes_length": 2486.9526492146515,
                "length": 2486.9526492146515,
                "name": "городской округ Долгопрудный",
                "place": null,
                "population": 117778.0,
                "short_name": "Долгопрудный",
                "type": null
            },
            "geometry":
            {
                "type": "LineString",
                "coordinates":
                [
                    [
                        37.4927718,
                        55.9306984
                    ],
                    [
                        37.4926967,
                        55.9283153
                    ],
                    [
                        37.4925186,
                        55.9243429
                    ],
                    [
                        37.4948757,
                        55.9152918
                    ],
                    [
                        37.4935849,
                        55.9085975
                    ]
                ]
            }
        },
        {
            "id": "507",
            "type": "Feature",
            "properties":
            {
                "admin_level": "6",
                "index_right": 56.0,
                "lanes": 1,
                "lanes_length": 148.38188265100263,
                "length": 148.38188265100263,
                "name": "городской округ Калининград",
                "place": null,
                "population": 493256.0,
                "short_name": "Калининград",
                "type": null
            },
            "geometry":
            {
                "type": "LineString",
                "coordinates":
                [
                    [
                        20.4992232,
                        54.695042
                    ],
                    [
                        20.4991695,
                        54.6949025
                    ],
                    [
                        20.4992178,
                        54.6947537
                    ],
                    [
                        20.5002639,
                        54.6943693
                    ],
                    [
                        20.5004946,
                        54.6944003
                    ],
                    [
                        20.5006662,
                        54.6945553
                    ]
                ]
            }
        },
        {
            "id": "551",
            "type": "Feature",
            "properties":
            {
                "admin_level": "6",
                "index_right": 56.0,
                "lanes": 1,
                "lanes_length": 459.65577643006634,
                "length": 459.65577643006634,
                "name": "городской округ Калининград",
                "place": null,
                "population": 493256.0,
                "short_name": "Калининград",
                "type": null
            },
            "geometry":
            {
                "type": "LineString",
                "coordinates":
                [
                    [
                        20.5041578,
                        54.7150108
                    ],
                    [
                        20.508782,
                        54.7118702
                    ]
                ]
            }
        },
        {
            "id": "552",
            "type": "Feature",
            "properties":
            {
                "admin_level": "6",
                "index_right": 56.0,
                "lanes": 1,
                "lanes_length": 298.7248420927214,
                "length": 298.7248420927214,
                "name": "городской округ Калининград",
                "place": null,
                "population": 493256.0,
                "short_name": "Калининград",
                "type": null
            },
            "geometry":
            {
                "type": "LineString",
                "coordinates":
                [
                    [
                        20.5026125,
                        54.6984649
                    ],
                    [
                        20.5002414,
                        54.6961646
                    ]
                ]
            }
        },
        {
            "id": "553",
            "type": "Feature",
            "properties":
            {
                "admin_level": "6",
                "index_right": 56.0,
                "lanes": 1,
                "lanes_length": 76.80584166346364,
                "length": 76.80584166346364,
                "name": "городской округ Калининград",
                "place": null,
                "population": 493256.0,
                "short_name": "Калининград",
                "type": null
            },
            "geometry":
            {
                "type": "LineString",
                "coordinates":
                [
                    [
                        20.4998552,
                        54.6957554
                    ],
                    [
                        20.4992758,
                        54.695154
                    ]
                ]
            }
        },
        {
            "id": "508",
            "type": "Feature",
            "properties":
            {
                "admin_level": "6",
                "index_right": 598.0,
                "lanes": 1,
                "lanes_length": 737.6488695252486,
                "length": 737.6488695252486,
                "name": "городской округ Улан-Удэ",
                "place": null,
                "population": 437514.0,
                "short_name": "Улан-Удэ",
                "type": null
            },
            "geometry":
            {
                "type": "LineString",
                "coordinates":
                [
                    [
                        107.6024628,
                        51.8408222
                    ],
                    [
                        107.5979885,
                        51.8386297
                    ],
                    [
                        107.5939682,
                        51.8367917
                    ]
                ]
            }
        },
        {
            "id": "537",
            "type": "Feature",
            "properties":
            {
                "admin_level": "6",
                "index_right": 376.0,
                "lanes": 1,
                "lanes_length": 1429.070405280009,
                "length": 1429.070405280009,
                "name": "городской округ Киров",
                "place": null,
                "population": 29925.0,
                "short_name": "Киров",
                "type": null
            },
            "geometry":
            {
                "type": "LineString",
                "coordinates":
                [
                    [
                        49.6306077,
                        58.5775579
                    ],
                    [
                        49.6309081,
                        58.5748282
                    ],
                    [
                        49.6335689,
                        58.569771
                    ],
                    [
                        49.6356288,
                        58.5680925
                    ],
                    [
                        49.6387724,
                        58.5658154
                    ]
                ]
            }
        },
        {
            "id": "556",
            "type": "Feature",
            "properties":
            {
                "admin_level": "6",
                "index_right": 376.0,
                "lanes": 1,
                "lanes_length": 50.976057698673124,
                "length": 50.976057698673124,
                "name": "городской округ Киров",
                "place": null,
                "population": 29925.0,
                "short_name": "Киров",
                "type": null
            },
            "geometry":
            {
                "type": "LineString",
                "coordinates":
                [
                    [
                        49.6688125,
                        58.6038167
                    ],
                    [
                        49.6687213,
                        58.603364
                    ]
                ]
            }
        },
        {
            "id": "548",
            "type": "Feature",
            "properties":
            {
                "admin_level": "6",
                "index_right": 155.0,
                "lanes": 1,
                "lanes_length": 219.33336184337483,
                "length": 219.33336184337483,
                "name": "городской округ Домодедово",
                "place": null,
                "population": 135070.0,
                "short_name": "Домодедово",
                "type": null
            },
            "geometry":
            {
                "type": "LineString",
                "coordinates":
                [
                    [
                        37.8077369,
                        55.396035
                    ],
                    [
                        37.8067177,
                        55.3952246
                    ],
                    [
                        37.8074071,
                        55.3943381
                    ]
                ]
            }
        },
        {
            "id": "0",
            "type": "Feature",
            "properties":
            {
                "admin_level": null,
                "index_right": null,
                "lanes": 2,
                "lanes_length": 5553.745161577022,
                "length": 2776.872580788511,
                "name": "Москва",
                "place": null,
                "population": 12655050.0,
                "short_name": "Москва",
                "type": null
            },
            "geometry":
            {
                "type": "LineString",
                "coordinates":
                [
                    [
                        37.6633643,
                        55.6760959
                    ],
                    [
                        37.6619695,
                        55.6694348
                    ],
                    [
                        37.6597596,
                        55.6662583
                    ],
                    [
                        37.6576562,
                        55.6637435
                    ],
                    [
                        37.6543623,
                        55.6595168
                    ],
                    [
                        37.6532949,
                        55.6558781
                    ],
                    [
                        37.6530187,
                        55.6542282
                    ],
                    [
                        37.6548454,
                        55.6525299
                    ]
                ]
            }
        },
        {
            "id": "1",
            "type": "Feature",
            "properties":
            {
                "admin_level": null,
                "index_right": null,
                "lanes": 2,
                "lanes_length": 8783.58073036519,
                "length": 4391.790365182595,
                "name": "Москва",
                "place": null,
                "population": 12655050.0,
                "short_name": "Москва",
                "type": null
            },
            "geometry":
            {
                "type": "LineString",
                "coordinates":
                [
                    [
                        37.6843339,
                        55.5794212
                    ],
                    [
                        37.676239,
                        55.5875621
                    ],
                    [
                        37.6734066,
                        55.5913939
                    ],
                    [
                        37.670145,
                        55.6035176
                    ],
                    [
                        37.6593733,
                        55.6156375
                    ]
                ]
            }
        },
        {
            "id": "2",
            "type": "Feature",
            "properties":
            {
                "admin_level": null,
                "index_right": null,
                "lanes": 2,
                "lanes_length": 2559.6094747775055,
                "length": 1279.8047373887528,
                "name": "Москва",
                "place": null,
                "population": 12655050.0,
                "short_name": "Москва",
                "type": null
            },
            "geometry":
            {
                "type": "LineString",
                "coordinates":
                [
                    [
                        37.6570773,
                        55.627257
                    ],
                    [
                        37.6570129,
                        55.6207267
                    ],
                    [
                        37.657249,
                        55.6191515
                    ],
                    [
                        37.6578927,
                        55.6174673
                    ],
                    [
                        37.658987,
                        55.6159768
                    ]
                ]
            }
        },
        {
            "id": "3",
            "type": "Feature",
            "properties":
            {
                "admin_level": null,
                "index_right": null,
                "lanes": 2,
                "lanes_length": 11938.081964949144,
                "length": 5969.040982474572,
                "name": "Москва",
                "place": null,
                "population": 12655050.0,
                "short_name": "Москва",
                "type": null
            },
            "geometry":
            {
                "type": "LineString",
                "coordinates":
                [
                    [
                        37.6638043,
                        55.6777599
                    ],
                    [
                        37.6661103,
                        55.6915778
                    ],
                    [
                        37.6673121,
                        55.7008236
                    ],
                    [
                        37.6677415,
                        55.7052528
                    ],
                    [
                        37.667141,
                        55.7073364
                    ],
                    [
                        37.6637077,
                        55.7183123
                    ],
                    [
                        37.6635361,
                        55.7255634
                    ],
                    [
                        37.6627637,
                        55.727533
                    ],
                    [
                        37.6607896,
                        55.7306142
                    ]
                ]
            }
        },
        {
            "id": "4",
            "type": "Feature",
            "properties":
            {
                "admin_level": null,
                "index_right": null,
                "lanes": 2,
                "lanes_length": 10703.939947204417,
                "length": 5351.9699736022085,
                "name": "Москва",
                "place": null,
                "population": 12655050.0,
                "short_name": "Москва",
                "type": null
            },
            "geometry":
            {
                "type": "LineString",
                "coordinates":
                [
                    [
                        37.4236071,
                        55.6610236
                    ],
                    [
                        37.4094772,
                        55.6600613
                    ],
                    [
                        37.3977184,
                        55.6573498
                    ],
                    [
                        37.3939419,
                        55.655074
                    ],
                    [
                        37.3850155,
                        55.6517811
                    ],
                    [
                        37.382741,
                        55.6516842
                    ],
                    [
                        37.3778057,
                        55.6521201
                    ],
                    [
                        37.3749304,
                        55.6514905
                    ],
                    [
                        37.3718834,
                        55.6497471
                    ],
                    [
                        37.3532581,
                        55.6384128
                    ]
                ]
            }
        },
        {
            "id": "5",
            "type": "Feature",
            "properties":
            {
                "admin_level": null,
                "index_right": null,
                "lanes": 2,
                "lanes_length": 12916.636119282597,
                "length": 6458.3180596412985,
                "name": "Москва",
                "place": null,
                "population": 12655050.0,
                "short_name": "Москва",
                "type": null
            },
            "geometry":
            {
                "type": "LineString",
                "coordinates":
                [
                    [
                        37.5135899,
                        55.7059339
                    ],
                    [
                        37.4777126,
                        55.6860043
                    ],
                    [
                        37.4705887,
                        55.6820365
                    ],
                    [
                        37.459259,
                        55.6740514
                    ],
                    [
                        37.4451828,
                        55.6687754
                    ],
                    [
                        37.4407626,
                        55.6654533
                    ]
                ]
            }
        },
        {
            "id": "6",
            "type": "Feature",
            "properties":
            {
                "admin_level": null,
                "index_right": null,
                "lanes": 2,
                "lanes_length": 1741.5186942253504,
                "length": 870.7593471126752,
                "name": "Москва",
                "place": null,
                "population": 12655050.0,
                "short_name": "Москва",
                "type": null
            },
            "geometry":
            {
                "type": "LineString",
                "coordinates":
                [
                    [
                        37.3532581,
                        55.6384128
                    ],
                    [
                        37.3471642,
                        55.6347793
                    ],
                    [
                        37.3452759,
                        55.6341979
                    ],
                    [
                        37.3424864,
                        55.6339072
                    ]
                ]
            }
        },
        {
            "id": "7",
            "type": "Feature",
            "properties":
            {
                "admin_level": null,
                "index_right": null,
                "lanes": 2,
                "lanes_length": 10001.53325942139,
                "length": 5000.766629710695,
                "name": "Москва",
                "place": null,
                "population": 12655050.0,
                "short_name": "Москва",
                "type": null
            },
            "geometry":
            {
                "type": "LineString",
                "coordinates":
                [
                    [
                        37.6344609,
                        55.7944661
                    ],
                    [
                        37.6383019,
                        55.8165226
                    ],
                    [
                        37.640103,
                        55.819753
                    ],
                    [
                        37.6518631,
                        55.830987
                    ],
                    [
                        37.6576353,
                        55.836241
                    ]
                ]
            }
        },
        {
            "id": "8",
            "type": "Feature",
            "properties":
            {
                "admin_level": null,
                "index_right": null,
                "lanes": 2,
                "lanes_length": 8829.717454082753,
                "length": 4414.858727041376,
                "name": "Москва",
                "place": null,
                "population": 12655050.0,
                "short_name": "Москва",
                "type": null
            },
            "geometry":
            {
                "type": "LineString",
                "coordinates":
                [
                    [
                        37.6750803,
                        55.8494935
                    ],
                    [
                        37.6875687,
                        55.8586953
                    ],
                    [
                        37.7096486,
                        55.8690808
                    ],
                    [
                        37.7119329,
                        55.8707179
                    ],
                    [
                        37.7119005,
                        55.8711392
                    ],
                    [
                        37.720828,
                        55.8790423
                    ]
                ]
            }
        },
        {
            "id": "9",
            "type": "Feature",
            "properties":
            {
                "admin_level": null,
                "index_right": null,
                "lanes": 2,
                "lanes_length": 4030.826537465323,
                "length": 2015.4132687326614,
                "name": "Москва",
                "place": null,
                "population": 12655050.0,
                "short_name": "Москва",
                "type": null
            },
            "geometry":
            {
                "type": "LineString",
                "coordinates":
                [
                    [
                        37.4048317,
                        55.8308183
                    ],
                    [
                        37.4214526,
                        55.8273847
                    ],
                    [
                        37.4305124,
                        55.825284
                    ],
                    [
                        37.4348724,
                        55.8242075
                    ]
                ]
            }
        },
        {
            "id": "10",
            "type": "Feature",
            "properties":
            {
                "admin_level": null,
                "index_right": null,
                "lanes": 2,
                "lanes_length": 10969.174429310408,
                "length": 5484.587214655204,
                "name": "Москва",
                "place": null,
                "population": 12655050.0,
                "short_name": "Москва",
                "type": null
            },
            "geometry":
            {
                "type": "LineString",
                "coordinates":
                [
                    [
                        37.5803661,
                        55.7788418
                    ],
                    [
                        37.5656033,
                        55.7857438
                    ],
                    [
                        37.5310135,
                        55.8008468
                    ],
                    [
                        37.5084936,
                        55.8064667
                    ]
                ]
            }
        },
        {
            "id": "11",
            "type": "Feature",
            "properties":
            {
                "admin_level": null,
                "index_right": null,
                "lanes": 2,
                "lanes_length": 7718.758690895279,
                "length": 3859.3793454476395,
                "name": "Москва",
                "place": null,
                "population": 12655050.0,
                "short_name": "Москва",
                "type": null
            },
            "geometry":
            {
                "type": "LineString",
                "coordinates":
                [
                    [
                        37.3875904,
                        55.8360603
                    ],
                    [
                        37.3870862,
                        55.8387533
                    ],
                    [
                        37.3853374,
                        55.8409281
                    ],
                    [
                        37.3814106,
                        55.8434702
                    ],
                    [
                        37.3511982,
                        55.8583099
                    ],
                    [
                        37.3476791,
                        55.8613446
                    ]
                ]
            }
        },
        {
            "id": "12",
            "type": "Feature",
            "properties":
            {
                "admin_level": null,
                "index_right": null,
                "lanes": 2,
                "lanes_length": 3426.927980076191,
                "length": 1713.4639900380955,
                "name": "Москва",
                "place": null,
                "population": 12655050.0,
                "short_name": "Москва",
                "type": null
            },
            "geometry":
            {
                "type": "LineString",
                "coordinates":
                [
                    [
                        37.4351728,
                        55.8241231
                    ],
                    [
                        37.4598169,
                        55.8173665
                    ]
                ]
            }
        },
        {
            "id": "13",
            "type": "Feature",
            "properties":
            {
                "admin_level": null,
                "index_right": null,
                "lanes": 2,
                "lanes_length": 12566.746847264485,
                "length": 6283.3734236322425,
                "name": "Москва",
                "place": null,
                "population": 12655050.0,
                "short_name": "Москва",
                "type": null
            },
            "geometry":
            {
                "type": "LineString",
                "coordinates":
                [
                    [
                        37.8289318,
                        55.8128092
                    ],
                    [
                        37.8115082,
                        55.8105424
                    ],
                    [
                        37.7816391,
                        55.8098189
                    ],
                    [
                        37.7777767,
                        55.8091919
                    ],
                    [
                        37.7502251,
                        55.8019564
                    ],
                    [
                        37.7325868,
                        55.7990376
                    ]
                ]
            }
        },
        {
            "id": "14",
            "type": "Feature",
            "properties":
            {
                "admin_level": null,
                "index_right": null,
                "lanes": 2,
                "lanes_length": 18481.019386041786,
                "length": 9240.509693020893,
                "name": "Москва",
                "place": null,
                "population": 12655050.0,
                "short_name": "Москва",
                "type": null
            },
            "geometry":
            {
                "type": "LineString",
                "coordinates":
                [
                    [
                        37.5995919,
                        55.6836332
                    ],
                    [
                        37.5853441,
                        55.6699854
                    ],
                    [
                        37.5635433,
                        55.6492627
                    ],
                    [
                        37.5610111,
                        55.6455091
                    ],
                    [
                        37.5600242,
                        55.644492
                    ],
                    [
                        37.5572344,
                        55.6432812
                    ],
                    [
                        37.5492736,
                        55.6407745
                    ],
                    [
                        37.5455189,
                        55.6390668
                    ],
                    [
                        37.5409696,
                        55.6336043
                    ],
                    [
                        37.5399399,
                        55.6313878
                    ],
                    [
                        37.5400688,
                        55.6293645
                    ],
                    [
                        37.5430297,
                        55.6220596
                    ],
                    [
                        37.5427713,
                        55.6196961
                    ],
                    [
                        37.5380516,
                        55.6125837
                    ]
                ]
            }
        },
        {
            "id": "15",
            "type": "Feature",
            "properties":
            {
                "admin_level": null,
                "index_right": null,
                "lanes": 2,
                "lanes_length": 24394.94126562906,
                "length": 12197.47063281453,
                "name": "Москва",
                "place": null,
                "population": 12655050.0,
                "short_name": "Москва",
                "type": null
            },
            "geometry":
            {
                "type": "LineString",
                "coordinates":
                [
                    [
                        37.4654603,
                        55.6952327
                    ],
                    [
                        37.4728632,
                        55.6895605
                    ],
                    [
                        37.4781848,
                        55.6855568
                    ],
                    [
                        37.4802017,
                        55.6831253
                    ],
                    [
                        37.4843216,
                        55.6764229
                    ],
                    [
                        37.4860383,
                        55.674487
                    ],
                    [
                        37.4882698,
                        55.6731318
                    ],
                    [
                        37.4953508,
                        55.6705422
                    ],
                    [
                        37.5011446,
                        55.6685092
                    ],
                    [
                        37.5052643,
                        55.6664518
                    ],
                    [
                        37.5133324,
                        55.6600613
                    ],
                    [
                        37.5162078,
                        55.6586814
                    ],
                    [
                        37.5201988,
                        55.6578583
                    ],
                    [
                        37.5364638,
                        55.6562603
                    ],
                    [
                        37.5399188,
                        55.6555462
                    ],
                    [
                        37.5459806,
                        55.6528405
                    ],
                    [
                        37.5502825,
                        55.6514905
                    ],
                    [
                        37.5636511,
                        55.6495296
                    ],
                    [
                        37.5726414,
                        55.6477129
                    ],
                    [
                        37.5893784,
                        55.6426272
                    ],
                    [
                        37.5938418,
                        55.642022
                    ],
                    [
                        37.6067162,
                        55.641174
                    ],
                    [
                        37.6195908,
                        55.6404958
                    ]
                ]
            }
        },
        {
            "id": "16",
            "type": "Feature",
            "properties":
            {
                "admin_level": null,
                "index_right": null,
                "lanes": 2,
                "lanes_length": 12620.755119083879,
                "length": 6310.377559541939,
                "name": "Москва",
                "place": null,
                "population": 12655050.0,
                "short_name": "Москва",
                "type": null
            },
            "geometry":
            {
                "type": "LineString",
                "coordinates":
                [
                    [
                        37.535262,
                        55.6927293
                    ],
                    [
                        37.4953508,
                        55.6705422
                    ],
                    [
                        37.4907804,
                        55.6684123
                    ],
                    [
                        37.4882698,
                        55.6675774
                    ],
                    [
                        37.486875,
                        55.6670449
                    ],
                    [
                        37.4856949,
                        55.666343
                    ],
                    [
                        37.4843859,
                        55.6653082
                    ],
                    [
                        37.4833345,
                        55.6640071
                    ],
                    [
                        37.4828732,
                        55.663178
                    ],
                    [
                        37.4822616,
                        55.6617437
                    ],
                    [
                        37.4816608,
                        55.6601097
                    ],
                    [
                        37.4802016,
                        55.6553159
                    ],
                    [
                        37.4800729,
                        55.6488269
                    ]
                ]
            }
        },
        {
            "id": "17",
            "type": "Feature",
            "properties":
            {
                "admin_level": null,
                "index_right": null,
                "lanes": 2,
                "lanes_length": 9008.403522814358,
                "length": 4504.201761407179,
                "name": "Москва",
                "place": null,
                "population": 12655050.0,
                "short_name": "Москва",
                "type": null
            },
            "geometry":
            {
                "type": "LineString",
                "coordinates":
                [
                    [
                        37.5542092,
                        55.6698403
                    ],
                    [
                        37.5331593,
                        55.6502798
                    ],
                    [
                        37.5296402,
                        55.6466474
                    ],
                    [
                        37.5265503,
                        55.6426756
                    ],
                    [
                        37.5205636,
                        55.6343554
                    ]
                ]
            }
        },
        {
            "id": "18",
            "type": "Feature",
            "properties":
            {
                "admin_level": null,
                "index_right": null,
                "lanes": 2,
                "lanes_length": 2853.034229471551,
                "length": 1426.5171147357755,
                "name": "Москва",
                "place": null,
                "population": 12655050.0,
                "short_name": "Москва",
                "type": null
            },
            "geometry":
            {
                "type": "LineString",
                "coordinates":
                [
                    [
                        37.5196783,
                        55.6330107
                    ],
                    [
                        37.5161936,
                        55.629074
                    ],
                    [
                        37.5084189,
                        55.6219388
                    ]
                ]
            }
        },
        {
            "id": "19",
            "type": "Feature",
            "properties":
            {
                "admin_level": null,
                "index_right": null,
                "lanes": 2,
                "lanes_length": 11369.304087796727,
                "length": 5684.652043898363,
                "name": "Москва",
                "place": null,
                "population": 12655050.0,
                "short_name": "Москва",
                "type": null
            },
            "geometry":
            {
                "type": "LineString",
                "coordinates":
                [
                    [
                        37.5973606,
                        55.5660433
                    ],
                    [
                        37.5956011,
                        55.5640534
                    ],
                    [
                        37.5916958,
                        55.5602917
                    ],
                    [
                        37.589153,
                        55.5585381
                    ],
                    [
                        37.5880695,
                        55.5572457
                    ],
                    [
                        37.5875759,
                        55.5555345
                    ],
                    [
                        37.5871681,
                        55.551277
                    ],
                    [
                        37.5861596,
                        55.5480634
                    ],
                    [
                        37.5851727,
                        55.5456904
                    ],
                    [
                        37.5835197,
                        55.5405053
                    ],
                    [
                        37.5799799,
                        55.5278776
                    ],
                    [
                        37.5780914,
                        55.522284
                    ],
                    [
                        37.5765467,
                        55.5172248
                    ]
                ]
            }
        },
        {
            "id": "20",
            "type": "Feature",
            "properties":
            {
                "admin_level": null,
                "index_right": null,
                "lanes": 2,
                "lanes_length": 23901.774005705385,
                "length": 11950.887002852693,
                "name": "Москва",
                "place": null,
                "population": 12655050.0,
                "short_name": "Москва",
                "type": null
            },
            "geometry":
            {
                "type": "LineString",
                "coordinates":
                [
                    [
                        37.602956,
                        55.5971724
                    ],
                    [
                        37.6195548,
                        55.6321138
                    ],
                    [
                        37.6198886,
                        55.633717
                    ],
                    [
                        37.6198697,
                        55.6352759
                    ],
                    [
                        37.6196444,
                        55.6488788
                    ],
                    [
                        37.6195908,
                        55.660957
                    ],
                    [
                        37.6195584,
                        55.6626695
                    ],
                    [
                        37.6202127,
                        55.6638737
                    ],
                    [
                        37.6241392,
                        55.6683273
                    ],
                    [
                        37.6255072,
                        55.6699277
                    ],
                    [
                        37.626615,
                        55.6711333
                    ],
                    [
                        37.6274012,
                        55.6725689
                    ],
                    [
                        37.6272805,
                        55.6736958
                    ],
                    [
                        37.6261354,
                        55.6757211
                    ],
                    [
                        37.6235819,
                        55.6831858
                    ],
                    [
                        37.6218656,
                        55.6907631
                    ],
                    [
                        37.6203259,
                        55.6984608
                    ],
                    [
                        37.6204812,
                        55.6997251
                    ],
                    [
                        37.6211357,
                        55.7014724
                    ]
                ]
            }
        },
        {
            "id": "21",
            "type": "Feature",
            "properties":
            {
                "admin_level": null,
                "index_right": null,
                "lanes": 2,
                "lanes_length": 12708.622322526502,
                "length": 6354.311161263251,
                "name": "Москва",
                "place": null,
                "population": 12655050.0,
                "short_name": "Москва",
                "type": null
            },
            "geometry":
            {
                "type": "LineString",
                "coordinates":
                [
                    [
                        37.5849152,
                        55.8482889
                    ],
                    [
                        37.5848079,
                        55.8524205
                    ],
                    [
                        37.5842285,
                        55.8662575
                    ],
                    [
                        37.5866318,
                        55.8736737
                    ],
                    [
                        37.5872004,
                        55.9049783
                    ]
                ]
            }
        },
        {
            "id": "22",
            "type": "Feature",
            "properties":
            {
                "admin_level": null,
                "index_right": null,
                "lanes": 2,
                "lanes_length": 11659.65704367771,
                "length": 5829.828521838855,
                "name": "Москва",
                "place": null,
                "population": 12655050.0,
                "short_name": "Москва",
                "type": null
            },
            "geometry":
            {
                "type": "LineString",
                "coordinates":
                [
                    [
                        37.7508688,
                        55.6319208
                    ],
                    [
                        37.749238,
                        55.6360874
                    ],
                    [
                        37.7402687,
                        55.6589961
                    ],
                    [
                        37.7403116,
                        55.6602308
                    ],
                    [
                        37.7407837,
                        55.6613685
                    ],
                    [
                        37.7413845,
                        55.6625789
                    ],
                    [
                        37.7412128,
                        55.6639829
                    ],
                    [
                        37.7378439,
                        55.6832402
                    ]
                ]
            }
        },
        {
            "id": "23",
            "type": "Feature",
            "properties":
            {
                "admin_level": null,
                "index_right": null,
                "lanes": 2,
                "lanes_length": 10116.80947556477,
                "length": 5058.404737782385,
                "name": "Москва",
                "place": null,
                "population": 12655050.0,
                "short_name": "Москва",
                "type": null
            },
            "geometry":
            {
                "type": "LineString",
                "coordinates":
                [
                    [
                        37.4256885,
                        55.7726024
                    ],
                    [
                        37.4321687,
                        55.7727955
                    ],
                    [
                        37.4344969,
                        55.7729101
                    ],
                    [
                        37.4362671,
                        55.7731877
                    ],
                    [
                        37.4378657,
                        55.7736705
                    ],
                    [
                        37.4391854,
                        55.7742438
                    ],
                    [
                        37.4462986,
                        55.7777074
                    ],
                    [
                        37.4479723,
                        55.7783108
                    ],
                    [
                        37.4496031,
                        55.7786728
                    ],
                    [
                        37.4512339,
                        55.7788901
                    ],
                    [
                        37.4527359,
                        55.7789866
                    ],
                    [
                        37.4543238,
                        55.7788659
                    ],
                    [
                        37.4623919,
                        55.7775143
                    ],
                    [
                        37.4759531,
                        55.7753903
                    ],
                    [
                        37.4798155,
                        55.7745696
                    ],
                    [
                        37.4956942,
                        55.7721075
                    ],
                    [
                        37.5011444,
                        55.7711419
                    ]
                ]
            }
        },
        {
            "id": "24",
            "type": "Feature",
            "properties":
            {
                "admin_level": null,
                "index_right": null,
                "lanes": 2,
                "lanes_length": 2795.5707320824326,
                "length": 1397.7853660412163,
                "name": "Москва",
                "place": null,
                "population": 12655050.0,
                "short_name": "Москва",
                "type": null
            },
            "geometry":
            {
                "type": "LineString",
                "coordinates":
                [
                    [
                        37.5378799,
                        55.7662412
                    ],
                    [
                        37.5597024,
                        55.763501
                    ]
                ]
            }
        },
        {
            "id": "25",
            "type": "Feature",
            "properties":
            {
                "admin_level": null,
                "index_right": null,
                "lanes": 2,
                "lanes_length": 27640.613040207932,
                "length": 13820.306520103966,
                "name": "Москва",
                "place": null,
                "population": 12655050.0,
                "short_name": "Москва",
                "type": null
            },
            "geometry":
            {
                "type": "LineString",
                "coordinates":
                [
                    [
                        37.5429013,
                        55.9055852
                    ],
                    [
                        37.5435021,
                        55.8975014
                    ],
                    [
                        37.5428584,
                        55.8902817
                    ],
                    [
                        37.5431159,
                        55.8849634
                    ],
                    [
                        37.5434809,
                        55.8831459
                    ],
                    [
                        37.5467208,
                        55.8771882
                    ],
                    [
                        37.5476864,
                        55.8741547
                    ],
                    [
                        37.5480082,
                        55.8717953
                    ],
                    [
                        37.5472142,
                        55.8692429
                    ],
                    [
                        37.5468066,
                        55.8673889
                    ],
                    [
                        37.547386,
                        55.8651132
                    ],
                    [
                        37.5486948,
                        55.8636201
                    ],
                    [
                        37.5566126,
                        55.8592971
                    ],
                    [
                        37.5601211,
                        55.8574184
                    ],
                    [
                        37.5613548,
                        55.8562863
                    ],
                    [
                        37.5666333,
                        55.849963
                    ],
                    [
                        37.5671596,
                        55.8491311
                    ],
                    [
                        37.5725556,
                        55.8349756
                    ],
                    [
                        37.5728346,
                        55.8336195
                    ],
                    [
                        37.572856,
                        55.8237794
                    ],
                    [
                        37.5733075,
                        55.8216812
                    ],
                    [
                        37.5777495,
                        55.8132904
                    ],
                    [
                        37.5821471,
                        55.8058878
                    ],
                    [
                        37.582909,
                        55.8037771
                    ],
                    [
                        37.5838263,
                        55.7995619
                    ],
                    [
                        37.5842714,
                        55.7958172
                    ],
                    [
                        37.5845719,
                        55.7947376
                    ],
                    [
                        37.5851942,
                        55.7941254
                    ],
                    [
                        37.5892281,
                        55.7917882
                    ],
                    [
                        37.5906121,
                        55.7904913
                    ],
                    [
                        37.5920176,
                        55.7887602
                    ]
                ]
            }
        },
        {
            "id": "26",
            "type": "Feature",
            "properties":
            {
                "admin_level": null,
                "index_right": null,
                "lanes": 2,
                "lanes_length": 25365.720185829916,
                "length": 12682.860092914958,
                "name": "Москва",
                "place": null,
                "population": 12655050.0,
                "short_name": "Москва",
                "type": null
            },
            "geometry":
            {
                "type": "LineString",
                "coordinates":
                [
                    [
                        37.6166591,
                        55.7403589
                    ],
                    [
                        37.6136255,
                        55.7357368
                    ],
                    [
                        37.6127511,
                        55.7338037
                    ],
                    [
                        37.6123032,
                        55.732517
                    ],
                    [
                        37.6121878,
                        55.7316895
                    ],
                    [
                        37.6121128,
                        55.7290434
                    ],
                    [
                        37.611909,
                        55.7287897
                    ],
                    [
                        37.6096344,
                        55.7274968
                    ],
                    [
                        37.596223,
                        55.7185068
                    ],
                    [
                        37.585228,
                        55.7105057
                    ],
                    [
                        37.5834185,
                        55.7093462
                    ],
                    [
                        37.5702839,
                        55.702145
                    ],
                    [
                        37.5453151,
                        55.6880243
                    ],
                    [
                        37.5361699,
                        55.6817971
                    ],
                    [
                        37.5272743,
                        55.6757991
                    ],
                    [
                        37.5093842,
                        55.663644
                    ],
                    [
                        37.5020131,
                        55.6587298
                    ],
                    [
                        37.4993634,
                        55.6573861
                    ],
                    [
                        37.4910166,
                        55.6535035
                    ]
                ]
            }
        },
        {
            "id": "27",
            "type": "Feature",
            "properties":
            {
                "admin_level": null,
                "index_right": null,
                "lanes": 2,
                "lanes_length": 15850.597882443191,
                "length": 7925.298941221596,
                "name": "Москва",
                "place": null,
                "population": 12655050.0,
                "short_name": "Москва",
                "type": null
            },
            "geometry":
            {
                "type": "LineString",
                "coordinates":
                [
                    [
                        37.7254844,
                        55.5966621
                    ],
                    [
                        37.7222443,
                        55.6019175
                    ],
                    [
                        37.7176094,
                        55.6110324
                    ],
                    [
                        37.7103996,
                        55.6247977
                    ],
                    [
                        37.7073097,
                        55.6292558
                    ],
                    [
                        37.7023315,
                        55.6330351
                    ],
                    [
                        37.6961517,
                        55.636039
                    ],
                    [
                        37.6815605,
                        55.6419491
                    ],
                    [
                        37.6561976,
                        55.6518537
                    ]
                ]
            }
        },
        {
            "id": "28",
            "type": "Feature",
            "properties":
            {
                "admin_level": null,
                "index_right": null,
                "lanes": 2,
                "lanes_length": 3679.8451217621982,
                "length": 1839.9225608810991,
                "name": "Москва",
                "place": null,
                "population": 12655050.0,
                "short_name": "Москва",
                "type": null
            },
            "geometry":
            {
                "type": "LineString",
                "coordinates":
                [
                    [
                        37.655747,
                        55.6519989
                    ],
                    [
                        37.6328869,
                        55.6623231
                    ]
                ]
            }
        },
        {
            "id": "29",
            "type": "Feature",
            "properties":
            {
                "admin_level": null,
                "index_right": null,
                "lanes": 2,
                "lanes_length": 33260.818703242345,
                "length": 16630.409351621172,
                "name": "Москва",
                "place": null,
                "population": 12655050.0,
                "short_name": "Москва",
                "type": null
            },
            "geometry":
            {
                "type": "LineString",
                "coordinates":
                [
                    [
                        37.4506759,
                        55.6345856
                    ],
                    [
                        37.4455261,
                        55.6328413
                    ],
                    [
                        37.309742,
                        55.5973592
                    ],
                    [
                        37.2093201,
                        55.5732984
                    ]
                ]
            }
        },
        {
            "id": "30",
            "type": "Feature",
            "properties":
            {
                "admin_level": null,
                "index_right": null,
                "lanes": 2,
                "lanes_length": 8817.69766670914,
                "length": 4408.84883335457,
                "name": "Москва",
                "place": null,
                "population": 12655050.0,
                "short_name": "Москва",
                "type": null
            },
            "geometry":
            {
                "type": "LineString",
                "coordinates":
                [
                    [
                        37.4789358,
                        55.8426027
                    ],
                    [
                        37.4611473,
                        55.8684728
                    ],
                    [
                        37.4582722,
                        55.8713382
                    ],
                    [
                        37.4494744,
                        55.8781998
                    ]
                ]
            }
        },
        {
            "id": "31",
            "type": "Feature",
            "properties":
            {
                "admin_level": null,
                "index_right": null,
                "lanes": 2,
                "lanes_length": 5193.76016835583,
                "length": 2596.880084177915,
                "name": "Москва",
                "place": null,
                "population": 12655050.0,
                "short_name": "Москва",
                "type": null
            },
            "geometry":
            {
                "type": "LineString",
                "coordinates":
                [
                    [
                        37.6622379,
                        55.6296435
                    ],
                    [
                        37.6554036,
                        55.6370443
                    ],
                    [
                        37.6548672,
                        55.6380252
                    ],
                    [
                        37.6548672,
                        55.6389941
                    ],
                    [
                        37.6566589,
                        55.6493952
                    ],
                    [
                        37.6566106,
                        55.6506003
                    ],
                    [
                        37.6556182,
                        55.6517085
                    ]
                ]
            }
        },
        {
            "id": "32",
            "type": "Feature",
            "properties":
            {
                "admin_level": null,
                "index_right": null,
                "lanes": 2,
                "lanes_length": 6816.233232345412,
                "length": 3408.116616172706,
                "name": "Москва",
                "place": null,
                "population": 12655050.0,
                "short_name": "Москва",
                "type": null
            },
            "geometry":
            {
                "type": "LineString",
                "coordinates":
                [
                    [
                        37.5943565,
                        55.7354952
                    ],
                    [
                        37.5925541,
                        55.7323298
                    ],
                    [
                        37.5852585,
                        55.7291401
                    ],
                    [
                        37.5610543,
                        55.7118335
                    ]
                ]
            }
        },
        {
            "id": "33",
            "type": "Feature",
            "properties":
            {
                "admin_level": null,
                "index_right": null,
                "lanes": 2,
                "lanes_length": 5059.906348362508,
                "length": 2529.953174181254,
                "name": "Москва",
                "place": null,
                "population": 12655050.0,
                "short_name": "Москва",
                "type": null
            },
            "geometry":
            {
                "type": "LineString",
                "coordinates":
                [
                    [
                        37.5602818,
                        55.7113499
                    ],
                    [
                        37.5360346,
                        55.6932493
                    ]
                ]
            }
        },
        {
            "id": "34",
            "type": "Feature",
            "properties":
            {
                "admin_level": null,
                "index_right": null,
                "lanes": 2,
                "lanes_length": 620.7328570528181,
                "length": 310.36642852640904,
                "name": "Москва",
                "place": null,
                "population": 12655050.0,
                "short_name": "Москва",
                "type": null
            },
            "geometry":
            {
                "type": "LineString",
                "coordinates":
                [
                    [
                        37.5056076,
                        55.6184972
                    ],
                    [
                        37.5097811,
                        55.6170068
                    ]
                ]
            }
        },
        {
            "id": "35",
            "type": "Feature",
            "properties":
            {
                "admin_level": null,
                "index_right": null,
                "lanes": 2,
                "lanes_length": 402.71903645858276,
                "length": 201.35951822929138,
                "name": "Москва",
                "place": null,
                "population": 12655050.0,
                "short_name": "Москва",
                "type": null
            },
            "geometry":
            {
                "type": "LineString",
                "coordinates":
                [
                    [
                        37.4836349,
                        55.6632325
                    ],
                    [
                        37.4853086,
                        55.6616953
                    ]
                ]
            }
        },
        {
            "id": "36",
            "type": "Feature",
            "properties":
            {
                "admin_level": null,
                "index_right": null,
                "lanes": 2,
                "lanes_length": 664.0747515773146,
                "length": 332.0373757886573,
                "name": "Москва",
                "place": null,
                "population": 12655050.0,
                "short_name": "Москва",
                "type": null
            },
            "geometry":
            {
                "type": "LineString",
                "coordinates":
                [
                    [
                        37.4353122,
                        55.8243491
                    ],
                    [
                        37.4374902,
                        55.827058
                    ]
                ]
            }
        },
        {
            "id": "37",
            "type": "Feature",
            "properties":
            {
                "admin_level": null,
                "index_right": null,
                "lanes": 2,
                "lanes_length": 5159.974747482855,
                "length": 2579.9873737414273,
                "name": "Москва",
                "place": null,
                "population": 12655050.0,
                "short_name": "Москва",
                "type": null
            },
            "geometry":
            {
                "type": "LineString",
                "coordinates":
                [
                    [
                        37.4434661,
                        55.7220709
                    ],
                    [
                        37.4414921,
                        55.7217929
                    ],
                    [
                        37.4240685,
                        55.7200526
                    ],
                    [
                        37.4035549,
                        55.716451
                    ]
                ]
            }
        },
        {
            "id": "38",
            "type": "Feature",
            "properties":
            {
                "admin_level": null,
                "index_right": null,
                "lanes": 2,
                "lanes_length": 7064.178263153242,
                "length": 3532.089131576621,
                "name": "Москва",
                "place": null,
                "population": 12655050.0,
                "short_name": "Москва",
                "type": null
            },
            "geometry":
            {
                "type": "LineString",
                "coordinates":
                [
                    [
                        37.6145911,
                        55.6091841
                    ],
                    [
                        37.6232815,
                        55.6076388
                    ],
                    [
                        37.6371002,
                        55.6028872
                    ],
                    [
                        37.6350403,
                        55.5882897
                    ],
                    [
                        37.6398468,
                        55.5878531
                    ]
                ]
            }
        },
        {
            "id": "39",
            "type": "Feature",
            "properties":
            {
                "admin_level": null,
                "index_right": null,
                "lanes": 2,
                "lanes_length": 5064.993045264571,
                "length": 2532.4965226322856,
                "name": "Москва",
                "place": null,
                "population": 12655050.0,
                "short_name": "Москва",
                "type": null
            },
            "geometry":
            {
                "type": "LineString",
                "coordinates":
                [
                    [
                        37.3764539,
                        55.7121115
                    ],
                    [
                        37.3704457,
                        55.7111323
                    ],
                    [
                        37.3628068,
                        55.708775
                    ],
                    [
                        37.3443854,
                        55.698921
                    ]
                ]
            }
        },
        {
            "id": "40",
            "type": "Feature",
            "properties":
            {
                "admin_level": null,
                "index_right": null,
                "lanes": 2,
                "lanes_length": 1156.0514087107342,
                "length": 578.0257043553671,
                "name": "Москва",
                "place": null,
                "population": 12655050.0,
                "short_name": "Москва",
                "type": null
            },
            "geometry":
            {
                "type": "LineString",
                "coordinates":
                [
                    [
                        37.6012445,
                        55.7529544
                    ],
                    [
                        37.6104498,
                        55.7524682
                    ]
                ]
            }
        },
        {
            "id": "41",
            "type": "Feature",
            "properties":
            {
                "admin_level": null,
                "index_right": null,
                "lanes": 2,
                "lanes_length": 8569.754669540207,
                "length": 4284.8773347701035,
                "name": "Москва",
                "place": null,
                "population": 12655050.0,
                "short_name": "Москва",
                "type": null
            },
            "geometry":
            {
                "type": "LineString",
                "coordinates":
                [
                    [
                        37.7360951,
                        55.7552546
                    ],
                    [
                        37.6994492,
                        55.7481056
                    ],
                    [
                        37.6808574,
                        55.7466763
                    ],
                    [
                        37.6756334,
                        55.7469421
                    ],
                    [
                        37.6699588,
                        55.7465797
                    ]
                ]
            }
        },
        {
            "id": "42",
            "type": "Feature",
            "properties":
            {
                "admin_level": null,
                "index_right": null,
                "lanes": 2,
                "lanes_length": 6133.507078071566,
                "length": 3066.753539035783,
                "name": "Москва",
                "place": null,
                "population": 12655050.0,
                "short_name": "Москва",
                "type": null
            },
            "geometry":
            {
                "type": "LineString",
                "coordinates":
                [
                    [
                        37.7724552,
                        55.7622816
                    ],
                    [
                        37.818718,
                        55.7714316
                    ]
                ]
            }
        },
        {
            "id": "43",
            "type": "Feature",
            "properties":
            {
                "admin_level": null,
                "index_right": null,
                "lanes": 2,
                "lanes_length": 4407.891786868633,
                "length": 2203.9458934343165,
                "name": "Москва",
                "place": null,
                "population": 12655050.0,
                "short_name": "Москва",
                "type": null
            },
            "geometry":
            {
                "type": "LineString",
                "coordinates":
                [
                    [
                        37.4301195,
                        55.8886463
                    ],
                    [
                        37.4257851,
                        55.8870819
                    ],
                    [
                        37.4202919,
                        55.8866487
                    ],
                    [
                        37.4160433,
                        55.8875873
                    ],
                    [
                        37.4129105,
                        55.8894164
                    ],
                    [
                        37.4112368,
                        55.8916786
                    ],
                    [
                        37.4091768,
                        55.8977906
                    ]
                ]
            }
        },
        {
            "id": "44",
            "type": "Feature",
            "properties":
            {
                "admin_level": null,
                "index_right": null,
                "lanes": 2,
                "lanes_length": 3103.36025434896,
                "length": 1551.68012717448,
                "name": "Москва",
                "place": null,
                "population": 12655050.0,
                "short_name": "Москва",
                "type": null
            },
            "geometry":
            {
                "type": "LineString",
                "coordinates":
                [
                    [
                        37.6735783,
                        55.739071
                    ],
                    [
                        37.6979756,
                        55.7365463
                    ]
                ]
            }
        },
        {
            "id": "45",
            "type": "Feature",
            "properties":
            {
                "admin_level": null,
                "index_right": null,
                "lanes": 2,
                "lanes_length": 6143.113577817284,
                "length": 3071.556788908642,
                "name": "Москва",
                "place": null,
                "population": 12655050.0,
                "short_name": "Москва",
                "type": null
            },
            "geometry":
            {
                "type": "LineString",
                "coordinates":
                [
                    [
                        37.734046,
                        55.7313391
                    ],
                    [
                        37.7374363,
                        55.7313633
                    ],
                    [
                        37.7531433,
                        55.7282943
                    ],
                    [
                        37.7782059,
                        55.7200526
                    ]
                ]
            }
        },
        {
            "id": "46",
            "type": "Feature",
            "properties":
            {
                "admin_level": null,
                "index_right": null,
                "lanes": 2,
                "lanes_length": 3613.8632166806256,
                "length": 1806.9316083403128,
                "name": "Москва",
                "place": null,
                "population": 12655050.0,
                "short_name": "Москва",
                "type": null
            },
            "geometry":
            {
                "type": "LineString",
                "coordinates":
                [
                    [
                        37.7841282,
                        55.718699
                    ],
                    [
                        37.8021097,
                        55.7157499
                    ],
                    [
                        37.8113901,
                        55.7134654
                    ]
                ]
            }
        },
        {
            "id": "47",
            "type": "Feature",
            "properties":
            {
                "admin_level": null,
                "index_right": null,
                "lanes": 2,
                "lanes_length": 1413.8796646675376,
                "length": 706.9398323337688,
                "name": "Москва",
                "place": null,
                "population": 12655050.0,
                "short_name": "Москва",
                "type": null
            },
            "geometry":
            {
                "type": "LineString",
                "coordinates":
                [
                    [
                        37.6266664,
                        55.7605913
                    ],
                    [
                        37.6313009,
                        55.7663579
                    ]
                ]
            }
        },
        {
            "id": "48",
            "type": "Feature",
            "properties":
            {
                "admin_level": null,
                "index_right": null,
                "lanes": 2,
                "lanes_length": 791.1155480768575,
                "length": 395.55777403842876,
                "name": "Москва",
                "place": null,
                "population": 12655050.0,
                "short_name": "Москва",
                "type": null
            },
            "geometry":
            {
                "type": "LineString",
                "coordinates":
                [
                    [
                        37.6323795,
                        55.7725782
                    ],
                    [
                        37.6324868,
                        55.7705867
                    ],
                    [
                        37.6320684,
                        55.7690598
                    ]
                ]
            }
        },
        {
            "id": "49",
            "type": "Feature",
            "properties":
            {
                "admin_level": null,
                "index_right": null,
                "lanes": 2,
                "lanes_length": 1830.353327445266,
                "length": 915.176663722633,
                "name": "Москва",
                "place": null,
                "population": 12655050.0,
                "short_name": "Москва",
                "type": null
            },
            "geometry":
            {
                "type": "LineString",
                "coordinates":
                [
                    [
                        37.6168442,
                        55.7404843
                    ],
                    [
                        37.6151919,
                        55.7431055
                    ],
                    [
                        37.6112223,
                        55.7480332
                    ]
                ]
            }
        },
        {
            "id": "50",
            "type": "Feature",
            "properties":
            {
                "admin_level": null,
                "index_right": null,
                "lanes": 2,
                "lanes_length": 148.4156664128381,
                "length": 74.20783320641905,
                "name": "Москва",
                "place": null,
                "population": 12655050.0,
                "short_name": "Москва",
                "type": null
            },
            "geometry":
            {
                "type": "LineString",
                "coordinates":
                [
                    [
                        37.626543,
                        55.7604465
                    ],
                    [
                        37.62591,
                        55.7598851
                    ]
                ]
            }
        },
        {
            "id": "51",
            "type": "Feature",
            "properties":
            {
                "admin_level": null,
                "index_right": null,
                "lanes": 2,
                "lanes_length": 4505.809737359815,
                "length": 2252.9048686799074,
                "name": "Москва",
                "place": null,
                "population": 12655050.0,
                "short_name": "Москва",
                "type": null
            },
            "geometry":
            {
                "type": "LineString",
                "coordinates":
                [
                    [
                        37.4838066,
                        55.8360723
                    ],
                    [
                        37.4988699,
                        55.8177643
                    ]
                ]
            }
        },
        {
            "id": "52",
            "type": "Feature",
            "properties":
            {
                "admin_level": null,
                "index_right": null,
                "lanes": 2,
                "lanes_length": 1103.8264484894833,
                "length": 551.9132242447416,
                "name": "Москва",
                "place": null,
                "population": 12655050.0,
                "short_name": "Москва",
                "type": null
            },
            "geometry":
            {
                "type": "LineString",
                "coordinates":
                [
                    [
                        37.5035048,
                        55.8120496
                    ],
                    [
                        37.5072384,
                        55.8075761
                    ]
                ]
            }
        },
        {
            "id": "53",
            "type": "Feature",
            "properties":
            {
                "admin_level": null,
                "index_right": null,
                "lanes": 2,
                "lanes_length": 4718.3751964085295,
                "length": 2359.1875982042648,
                "name": "Москва",
                "place": null,
                "population": 12655050.0,
                "short_name": "Москва",
                "type": null
            },
            "geometry":
            {
                "type": "LineString",
                "coordinates":
                [
                    [
                        37.5467205,
                        55.7287534
                    ],
                    [
                        37.563715,
                        55.7364858
                    ],
                    [
                        37.5716972,
                        55.74412
                    ]
                ]
            }
        },
        {
            "id": "54",
            "type": "Feature",
            "properties":
            {
                "admin_level": null,
                "index_right": null,
                "lanes": 2,
                "lanes_length": 3231.4199496422057,
                "length": 1615.7099748211028,
                "name": "Москва",
                "place": null,
                "population": 12655050.0,
                "short_name": "Москва",
                "type": null
            },
            "geometry":
            {
                "type": "LineString",
                "coordinates":
                [
                    [
                        37.5207782,
                        55.7777135
                    ],
                    [
                        37.5233424,
                        55.7781479
                    ],
                    [
                        37.5242329,
                        55.7780695
                    ],
                    [
                        37.5450468,
                        55.7736283
                    ]
                ]
            }
        },
        {
            "id": "55",
            "type": "Feature",
            "properties":
            {
                "admin_level": null,
                "index_right": null,
                "lanes": 2,
                "lanes_length": 1794.2030367659995,
                "length": 897.1015183829998,
                "name": "Москва",
                "place": null,
                "population": 12655050.0,
                "short_name": "Москва",
                "type": null
            },
            "geometry":
            {
                "type": "LineString",
                "coordinates":
                [
                    [
                        37.5175354,
                        55.7772639
                    ],
                    [
                        37.5122648,
                        55.7778854
                    ],
                    [
                        37.5113958,
                        55.7779307
                    ],
                    [
                        37.5103202,
                        55.7778402
                    ],
                    [
                        37.5092554,
                        55.7776229
                    ],
                    [
                        37.5071847,
                        55.777092
                    ],
                    [
                        37.503832,
                        55.7763588
                    ]
                ]
            }
        },
        {
            "id": "56",
            "type": "Feature",
            "properties":
            {
                "admin_level": null,
                "index_right": null,
                "lanes": 2,
                "lanes_length": 737.9753367023144,
                "length": 368.9876683511572,
                "name": "Москва",
                "place": null,
                "population": 12655050.0,
                "short_name": "Москва",
                "type": null
            },
            "geometry":
            {
                "type": "LineString",
                "coordinates":
                [
                    [
                        37.6288605,
                        55.668007
                    ],
                    [
                        37.630105,
                        55.6647817
                    ]
                ]
            }
        },
        {
            "id": "57",
            "type": "Feature",
            "properties":
            {
                "admin_level": null,
                "index_right": null,
                "lanes": 2,
                "lanes_length": 103.64818282304775,
                "length": 51.824091411523874,
                "name": "Москва",
                "place": null,
                "population": 12655050.0,
                "short_name": "Москва",
                "type": null
            },
            "geometry":
            {
                "type": "LineString",
                "coordinates":
                [
                    [
                        37.63143,
                        55.7668659
                    ],
                    [
                        37.631312,
                        55.7664072
                    ]
                ]
            }
        },
        {
            "id": "58",
            "type": "Feature",
            "properties":
            {
                "admin_level": null,
                "index_right": null,
                "lanes": 2,
                "lanes_length": 4775.239734684221,
                "length": 2387.6198673421104,
                "name": "Москва",
                "place": null,
                "population": 12655050.0,
                "short_name": "Москва",
                "type": null
            },
            "geometry":
            {
                "type": "LineString",
                "coordinates":
                [
                    [
                        37.6344395,
                        55.7942128
                    ],
                    [
                        37.6350403,
                        55.7844407
                    ],
                    [
                        37.6334095,
                        55.780676
                    ],
                    [
                        37.6323366,
                        55.7730006
                    ]
                ]
            }
        },
        {
            "id": "59",
            "type": "Feature",
            "properties":
            {
                "admin_level": null,
                "index_right": null,
                "lanes": 2,
                "lanes_length": 16497.412883516587,
                "length": 8248.706441758293,
                "name": "Москва",
                "place": null,
                "population": 12655050.0,
                "short_name": "Москва",
                "type": null
            },
            "geometry":
            {
                "type": "LineString",
                "coordinates":
                [
                    [
                        37.5465489,
                        55.9002358
                    ],
                    [
                        37.5530507,
                        55.8979892
                    ],
                    [
                        37.5544667,
                        55.8977185
                    ],
                    [
                        37.5632429,
                        55.8986088
                    ],
                    [
                        37.5849797,
                        55.8983638
                    ],
                    [
                        37.604785,
                        55.8981636
                    ],
                    [
                        37.6077875,
                        55.8975517
                    ],
                    [
                        37.6206592,
                        55.8913689
                    ],
                    [
                        37.6246011,
                        55.8900241
                    ],
                    [
                        37.6300087,
                        55.8895462
                    ],
                    [
                        37.6454044,
                        55.8880867
                    ],
                    [
                        37.6565732,
                        55.8877926
                    ],
                    [
                        37.6722908,
                        55.887449
                    ]
                ]
            }
        },
        {
            "id": "60",
            "type": "Feature",
            "properties":
            {
                "admin_level": null,
                "index_right": null,
                "lanes": 2,
                "lanes_length": 2133.6154147819443,
                "length": 1066.8077073909722,
                "name": "Москва",
                "place": null,
                "population": 12655050.0,
                "short_name": "Москва",
                "type": null
            },
            "geometry":
            {
                "type": "LineString",
                "coordinates":
                [
                    [
                        37.4238109,
                        55.6610296
                    ],
                    [
                        37.4278233,
                        55.6613627
                    ],
                    [
                        37.4338529,
                        55.6623127
                    ],
                    [
                        37.4370824,
                        55.6630631
                    ],
                    [
                        37.4394751,
                        55.6642612
                    ]
                ]
            }
        },
        {
            "id": "61",
            "type": "Feature",
            "properties":
            {
                "admin_level": null,
                "index_right": null,
                "lanes": 2,
                "lanes_length": 3334.1872714005544,
                "length": 1667.0936357002772,
                "name": "Москва",
                "place": null,
                "population": 12655050.0,
                "short_name": "Москва",
                "type": null
            },
            "geometry":
            {
                "type": "LineString",
                "coordinates":
                [
                    [
                        37.7263534,
                        55.7307203
                    ],
                    [
                        37.7251551,
                        55.7307412
                    ],
                    [
                        37.7194292,
                        55.7315111
                    ],
                    [
                        37.7016028,
                        55.7360216
                    ]
                ]
            }
        },
        {
            "id": "62",
            "type": "Feature",
            "properties":
            {
                "admin_level": null,
                "index_right": null,
                "lanes": 2,
                "lanes_length": 408.86436624858885,
                "length": 204.43218312429443,
                "name": "Москва",
                "place": null,
                "population": 12655050.0,
                "short_name": "Москва",
                "type": null
            },
            "geometry":
            {
                "type": "LineString",
                "coordinates":
                [
                    [
                        37.8262925,
                        55.709718
                    ],
                    [
                        37.829318,
                        55.7090289
                    ]
                ]
            }
        },
        {
            "id": "63",
            "type": "Feature",
            "properties":
            {
                "admin_level": null,
                "index_right": null,
                "lanes": 2,
                "lanes_length": 1272.8784391637264,
                "length": 636.4392195818632,
                "name": "Москва",
                "place": null,
                "population": 12655050.0,
                "short_name": "Москва",
                "type": null
            },
            "geometry":
            {
                "type": "LineString",
                "coordinates":
                [
                    [
                        37.4990416,
                        55.8175353
                    ],
                    [
                        37.5032473,
                        55.812351
                    ]
                ]
            }
        },
        {
            "id": "64",
            "type": "Feature",
            "properties":
            {
                "admin_level": null,
                "index_right": null,
                "lanes": 2,
                "lanes_length": 2443.831515613003,
                "length": 1221.9157578065015,
                "name": "Москва",
                "place": null,
                "population": 12655050.0,
                "short_name": "Москва",
                "type": null
            },
            "geometry":
            {
                "type": "LineString",
                "coordinates":
                [
                    [
                        37.6005793,
                        55.5923882
                    ],
                    [
                        37.59691,
                        55.5816559
                    ]
                ]
            }
        },
        {
            "id": "65",
            "type": "Feature",
            "properties":
            {
                "admin_level": null,
                "index_right": null,
                "lanes": 2,
                "lanes_length": 3673.0294582700817,
                "length": 1836.5147291350409,
                "name": "Москва",
                "place": null,
                "population": 12655050.0,
                "short_name": "Москва",
                "type": null
            },
            "geometry":
            {
                "type": "LineString",
                "coordinates":
                [
                    [
                        37.5359058,
                        55.7156048
                    ],
                    [
                        37.53479,
                        55.7251283
                    ],
                    [
                        37.5359917,
                        55.7268684
                    ],
                    [
                        37.5396824,
                        55.7280768
                    ],
                    [
                        37.5443172,
                        55.7284634
                    ]
                ]
            }
        },
        {
            "id": "66",
            "type": "Feature",
            "properties":
            {
                "admin_level": null,
                "index_right": null,
                "lanes": 2,
                "lanes_length": 1796.6497548114908,
                "length": 898.3248774057454,
                "name": "Москва",
                "place": null,
                "population": 12655050.0,
                "short_name": "Москва",
                "type": null
            },
            "geometry":
            {
                "type": "LineString",
                "coordinates":
                [
                    [
                        37.5394034,
                        55.7415835
                    ],
                    [
                        37.5513124,
                        55.7460767
                    ]
                ]
            }
        },
        {
            "id": "67",
            "type": "Feature",
            "properties":
            {
                "admin_level": null,
                "index_right": null,
                "lanes": 2,
                "lanes_length": 297.9562247399747,
                "length": 148.97811236998734,
                "name": "Москва",
                "place": null,
                "population": 12655050.0,
                "short_name": "Москва",
                "type": null
            },
            "geometry":
            {
                "type": "LineString",
                "coordinates":
                [
                    [
                        37.3408663,
                        55.8176799
                    ],
                    [
                        37.3408556,
                        55.8163478
                    ]
                ]
            }
        },
        {
            "id": "68",
            "type": "Feature",
            "properties":
            {
                "admin_level": null,
                "index_right": null,
                "lanes": 2,
                "lanes_length": 433.77436457031024,
                "length": 216.88718228515512,
                "name": "Москва",
                "place": null,
                "population": 12655050.0,
                "short_name": "Москва",
                "type": null
            },
            "geometry":
            {
                "type": "LineString",
                "coordinates":
                [
                    [
                        37.5807041,
                        55.7603499
                    ],
                    [
                        37.582013,
                        55.7595652
                    ],
                    [
                        37.5834561,
                        55.7592482
                    ]
                ]
            }
        },
        {
            "id": "69",
            "type": "Feature",
            "properties":
            {
                "admin_level": null,
                "index_right": null,
                "lanes": 2,
                "lanes_length": 2228.4939913133503,
                "length": 1114.2469956566752,
                "name": "Москва",
                "place": null,
                "population": 12655050.0,
                "short_name": "Москва",
                "type": null
            },
            "geometry":
            {
                "type": "LineString",
                "coordinates":
                [
                    [
                        37.73175,
                        55.7989532
                    ],
                    [
                        37.7147204,
                        55.795976
                    ]
                ]
            }
        },
        {
            "id": "70",
            "type": "Feature",
            "properties":
            {
                "admin_level": null,
                "index_right": null,
                "lanes": 2,
                "lanes_length": 5424.422968091232,
                "length": 2712.211484045616,
                "name": "Москва",
                "place": null,
                "population": 12655050.0,
                "short_name": "Москва",
                "type": null
            },
            "geometry":
            {
                "type": "LineString",
                "coordinates":
                [
                    [
                        37.6216337,
                        55.8691849
                    ],
                    [
                        37.6470566,
                        55.8717475
                    ],
                    [
                        37.6643514,
                        55.8696888
                    ]
                ]
            }
        },
        {
            "id": "71",
            "type": "Feature",
            "properties":
            {
                "admin_level": null,
                "index_right": null,
                "lanes": 2,
                "lanes_length": 3573.95515906119,
                "length": 1786.977579530595,
                "name": "Москва",
                "place": null,
                "population": 12655050.0,
                "short_name": "Москва",
                "type": null
            },
            "geometry":
            {
                "type": "LineString",
                "coordinates":
                [
                    [
                        37.6082826,
                        55.8665584
                    ],
                    [
                        37.6013238,
                        55.8597971
                    ],
                    [
                        37.598872,
                        55.8585509
                    ],
                    [
                        37.5879622,
                        55.8567805
                    ]
                ]
            }
        },
        {
            "id": "72",
            "type": "Feature",
            "properties":
            {
                "admin_level": null,
                "index_right": null,
                "lanes": 2,
                "lanes_length": 4046.724022882776,
                "length": 2023.362011441388,
                "name": "Москва",
                "place": null,
                "population": 12655050.0,
                "short_name": "Москва",
                "type": null
            },
            "geometry":
            {
                "type": "LineString",
                "coordinates":
                [
                    [
                        37.6031113,
                        55.821634
                    ],
                    [
                        37.6355344,
                        55.8214303
                    ]
                ]
            }
        },
        {
            "id": "73",
            "type": "Feature",
            "properties":
            {
                "admin_level": null,
                "index_right": null,
                "lanes": 2,
                "lanes_length": 512.176488552466,
                "length": 256.088244276233,
                "name": "Москва",
                "place": null,
                "population": 12655050.0,
                "short_name": "Москва",
                "type": null
            },
            "geometry":
            {
                "type": "LineString",
                "coordinates":
                [
                    [
                        37.6396859,
                        55.8242979
                    ],
                    [
                        37.642454,
                        55.8226073
                    ]
                ]
            }
        },
        {
            "id": "74",
            "type": "Feature",
            "properties":
            {
                "admin_level": null,
                "index_right": null,
                "lanes": 2,
                "lanes_length": 4492.431433406293,
                "length": 2246.2157167031464,
                "name": "Москва",
                "place": null,
                "population": 12655050.0,
                "short_name": "Москва",
                "type": null
            },
            "geometry":
            {
                "type": "LineString",
                "coordinates":
                [
                    [
                        37.6259852,
                        55.6631356
                    ],
                    [
                        37.632637,
                        55.663644
                    ],
                    [
                        37.6606178,
                        55.6681945
                    ]
                ]
            }
        },
        {
            "id": "75",
            "type": "Feature",
            "properties":
            {
                "admin_level": null,
                "index_right": null,
                "lanes": 2,
                "lanes_length": 12313.373119213653,
                "length": 6156.686559606826,
                "name": "Москва",
                "place": null,
                "population": 12655050.0,
                "short_name": "Москва",
                "type": null
            },
            "geometry":
            {
                "type": "LineString",
                "coordinates":
                [
                    [
                        37.6165438,
                        55.6630602
                    ],
                    [
                        37.6135398,
                        55.6634688
                    ],
                    [
                        37.6033258,
                        55.664588
                    ],
                    [
                        37.6004934,
                        55.665048
                    ],
                    [
                        37.5904083,
                        55.6684366
                    ],
                    [
                        37.5807953,
                        55.6717523
                    ],
                    [
                        37.5636292,
                        55.6775844
                    ],
                    [
                        37.5612259,
                        55.6786491
                    ],
                    [
                        37.5426865,
                        55.6895847
                    ],
                    [
                        37.5366033,
                        55.693086
                    ]
                ]
            }
        },
        {
            "id": "76",
            "type": "Feature",
            "properties":
            {
                "admin_level": null,
                "index_right": null,
                "lanes": 2,
                "lanes_length": 5320.756151985232,
                "length": 2660.378075992616,
                "name": "Москва",
                "place": null,
                "population": 12655050.0,
                "short_name": "Москва",
                "type": null
            },
            "geometry":
            {
                "type": "LineString",
                "coordinates":
                [
                    [
                        37.5358844,
                        55.6934307
                    ],
                    [
                        37.5062526,
                        55.7104851
                    ]
                ]
            }
        },
        {
            "id": "77",
            "type": "Feature",
            "properties":
            {
                "admin_level": null,
                "index_right": null,
                "lanes": 2,
                "lanes_length": 1496.579955044953,
                "length": 748.2899775224765,
                "name": "Москва",
                "place": null,
                "population": 12655050.0,
                "short_name": "Москва",
                "type": null
            },
            "geometry":
            {
                "type": "LineString",
                "coordinates":
                [
                    [
                        37.6264358,
                        55.6748016
                    ],
                    [
                        37.6287532,
                        55.6682369
                    ]
                ]
            }
        },
        {
            "id": "78",
            "type": "Feature",
            "properties":
            {
                "admin_level": null,
                "index_right": null,
                "lanes": 2,
                "lanes_length": 5714.145262067064,
                "length": 2857.072631033532,
                "name": "Москва",
                "place": null,
                "population": 12655050.0,
                "short_name": "Москва",
                "type": null
            },
            "geometry":
            {
                "type": "LineString",
                "coordinates":
                [
                    [
                        37.8212929,
                        55.7182397
                    ],
                    [
                        37.8218508,
                        55.7192066
                    ],
                    [
                        37.8270435,
                        55.7241374
                    ],
                    [
                        37.8285027,
                        55.7261434
                    ],
                    [
                        37.8292751,
                        55.7285601
                    ],
                    [
                        37.8297901,
                        55.7335863
                    ],
                    [
                        37.8291035,
                        55.735471
                    ],
                    [
                        37.8265285,
                        55.7369207
                    ],
                    [
                        37.8225803,
                        55.7377905
                    ],
                    [
                        37.8179025,
                        55.7388294
                    ]
                ]
            }
        },
        {
            "id": "79",
            "type": "Feature",
            "properties":
            {
                "admin_level": null,
                "index_right": null,
                "lanes": 2,
                "lanes_length": 1501.239544515303,
                "length": 750.6197722576514,
                "name": "Москва",
                "place": null,
                "population": 12655050.0,
                "short_name": "Москва",
                "type": null
            },
            "geometry":
            {
                "type": "LineString",
                "coordinates":
                [
                    [
                        37.8155422,
                        55.7476951
                    ],
                    [
                        37.818203,
                        55.7542404
                    ]
                ]
            }
        },
        {
            "id": "80",
            "type": "Feature",
            "properties":
            {
                "admin_level": null,
                "index_right": null,
                "lanes": 2,
                "lanes_length": 464.82050675158024,
                "length": 232.41025337579012,
                "name": "Москва",
                "place": null,
                "population": 12655050.0,
                "short_name": "Москва",
                "type": null
            },
            "geometry":
            {
                "type": "LineString",
                "coordinates":
                [
                    [
                        37.8214646,
                        55.7685951
                    ],
                    [
                        37.8204775,
                        55.7705988
                    ]
                ]
            }
        },
        {
            "id": "81",
            "type": "Feature",
            "properties":
            {
                "admin_level": null,
                "index_right": null,
                "lanes": 2,
                "lanes_length": 439.80255249326353,
                "length": 219.90127624663177,
                "name": "Москва",
                "place": null,
                "population": 12655050.0,
                "short_name": "Москва",
                "type": null
            },
            "geometry":
            {
                "type": "LineString",
                "coordinates":
                [
                    [
                        37.4530014,
                        55.7145628
                    ],
                    [
                        37.4538382,
                        55.7126529
                    ]
                ]
            }
        },
        {
            "id": "82",
            "type": "Feature",
            "properties":
            {
                "admin_level": null,
                "index_right": null,
                "lanes": 2,
                "lanes_length": 7016.4458422178595,
                "length": 3508.2229211089298,
                "name": "Москва",
                "place": null,
                "population": 12655050.0,
                "short_name": "Москва",
                "type": null
            },
            "geometry":
            {
                "type": "LineString",
                "coordinates":
                [
                    [
                        37.4836708,
                        55.7391193
                    ],
                    [
                        37.4986053,
                        55.7228322
                    ],
                    [
                        37.5062526,
                        55.7104851
                    ]
                ]
            }
        },
        {
            "id": "83",
            "type": "Feature",
            "properties":
            {
                "admin_level": null,
                "index_right": null,
                "lanes": 2,
                "lanes_length": 16841.61500070404,
                "length": 8420.80750035202,
                "name": "Москва",
                "place": null,
                "population": 12655050.0,
                "short_name": "Москва",
                "type": null
            },
            "geometry":
            {
                "type": "LineString",
                "coordinates":
                [
                    [
                        37.4849224,
                        55.6035903
                    ],
                    [
                        37.4715972,
                        55.5845788
                    ],
                    [
                        37.4518149,
                        55.569621
                    ],
                    [
                        37.4497192,
                        55.566218
                    ],
                    [
                        37.4428571,
                        55.5603182
                    ],
                    [
                        37.4404786,
                        55.5564215
                    ],
                    [
                        37.433736,
                        55.5512417
                    ],
                    [
                        37.4311141,
                        55.54997
                    ],
                    [
                        37.4275446,
                        55.5490773
                    ],
                    [
                        37.42057,
                        55.5480214
                    ],
                    [
                        37.4108076,
                        55.5439059
                    ]
                ]
            }
        },
        {
            "id": "84",
            "type": "Feature",
            "properties":
            {
                "admin_level": null,
                "index_right": null,
                "lanes": 2,
                "lanes_length": 2828.5629562330973,
                "length": 1414.2814781165487,
                "name": "Москва",
                "place": null,
                "population": 12655050.0,
                "short_name": "Москва",
                "type": null
            },
            "geometry":
            {
                "type": "LineString",
                "coordinates":
                [
                    [
                        37.4873553,
                        55.6517969
                    ],
                    [
                        37.4699745,
                        55.6437329
                    ]
                ]
            }
        },
        {
            "id": "85",
            "type": "Feature",
            "properties":
            {
                "admin_level": null,
                "index_right": null,
                "lanes": 2,
                "lanes_length": 3603.3531227726467,
                "length": 1801.6765613863233,
                "name": "Москва",
                "place": null,
                "population": 12655050.0,
                "short_name": "Москва",
                "type": null
            },
            "geometry":
            {
                "type": "LineString",
                "coordinates":
                [
                    [
                        37.5759675,
                        55.5152488
                    ],
                    [
                        37.5712469,
                        55.4993546
                    ]
                ]
            }
        },
        {
            "id": "86",
            "type": "Feature",
            "properties":
            {
                "admin_level": null,
                "index_right": null,
                "lanes": 2,
                "lanes_length": 1009.5391052573228,
                "length": 504.7695526286614,
                "name": "Москва",
                "place": null,
                "population": 12655050.0,
                "short_name": "Москва",
                "type": null
            },
            "geometry":
            {
                "type": "LineString",
                "coordinates":
                [
                    [
                        37.7060652,
                        55.7179013
                    ],
                    [
                        37.7000141,
                        55.7208866
                    ]
                ]
            }
        },
        {
            "id": "87",
            "type": "Feature",
            "properties":
            {
                "admin_level": null,
                "index_right": null,
                "lanes": 2,
                "lanes_length": 2641.9904142330843,
                "length": 1320.9952071165421,
                "name": "Москва",
                "place": null,
                "population": 12655050.0,
                "short_name": "Москва",
                "type": null
            },
            "geometry":
            {
                "type": "LineString",
                "coordinates":
                [
                    [
                        37.4705886,
                        55.5774956
                    ],
                    [
                        37.4768543,
                        55.5692222
                    ],
                    [
                        37.4808025,
                        55.5674751
                    ]
                ]
            }
        },
        {
            "id": "88",
            "type": "Feature",
            "properties":
            {
                "admin_level": null,
                "index_right": null,
                "lanes": 2,
                "lanes_length": 1146.2031685038105,
                "length": 573.1015842519053,
                "name": "Москва",
                "place": null,
                "population": 12655050.0,
                "short_name": "Москва",
                "type": null
            },
            "geometry":
            {
                "type": "LineString",
                "coordinates":
                [
                    [
                        37.592082,
                        55.788567
                    ],
                    [
                        37.5965881,
                        55.7841029
                    ]
                ]
            }
        },
        {
            "id": "89",
            "type": "Feature",
            "properties":
            {
                "admin_level": null,
                "index_right": null,
                "lanes": 2,
                "lanes_length": 3984.4472222383156,
                "length": 1992.2236111191578,
                "name": "Москва",
                "place": null,
                "population": 12655050.0,
                "short_name": "Москва",
                "type": null
            },
            "geometry":
            {
                "type": "LineString",
                "coordinates":
                [
                    [
                        37.6378298,
                        55.6027903
                    ],
                    [
                        37.6426792,
                        55.601772
                    ],
                    [
                        37.6625061,
                        55.6024508
                    ],
                    [
                        37.6686859,
                        55.6039055
                    ]
                ]
            }
        },
        {
            "id": "90",
            "type": "Feature",
            "properties":
            {
                "admin_level": null,
                "index_right": null,
                "lanes": 2,
                "lanes_length": 505.5450166753005,
                "length": 252.77250833765024,
                "name": "Москва",
                "place": null,
                "population": 12655050.0,
                "short_name": "Москва",
                "type": null
            },
            "geometry":
            {
                "type": "LineString",
                "coordinates":
                [
                    [
                        37.603968,
                        55.6110096
                    ],
                    [
                        37.6078303,
                        55.6103672
                    ]
                ]
            }
        },
        {
            "id": "91",
            "type": "Feature",
            "properties":
            {
                "admin_level": null,
                "index_right": null,
                "lanes": 2,
                "lanes_length": 1480.146488227451,
                "length": 740.0732441137255,
                "name": "Москва",
                "place": null,
                "population": 12655050.0,
                "short_name": "Москва",
                "type": null
            },
            "geometry":
            {
                "type": "LineString",
                "coordinates":
                [
                    [
                        37.4790645,
                        55.8423377
                    ],
                    [
                        37.4836779,
                        55.836241
                    ]
                ]
            }
        },
        {
            "id": "92",
            "type": "Feature",
            "properties":
            {
                "admin_level": null,
                "index_right": null,
                "lanes": 2,
                "lanes_length": 1725.671537270365,
                "length": 862.8357686351825,
                "name": "Москва",
                "place": null,
                "population": 12655050.0,
                "short_name": "Москва",
                "type": null
            },
            "geometry":
            {
                "type": "LineString",
                "coordinates":
                [
                    [
                        37.5640153,
                        55.7628129
                    ],
                    [
                        37.5700505,
                        55.7617717
                    ],
                    [
                        37.5773514,
                        55.7608388
                    ]
                ]
            }
        },
        {
            "id": "93",
            "type": "Feature",
            "properties":
            {
                "admin_level": null,
                "index_right": null,
                "lanes": 2,
                "lanes_length": 170.13153148901802,
                "length": 85.06576574450901,
                "name": "Москва",
                "place": null,
                "population": 12655050.0,
                "short_name": "Москва",
                "type": null
            },
            "geometry":
            {
                "type": "LineString",
                "coordinates":
                [
                    [
                        37.6141942,
                        55.5898647
                    ],
                    [
                        37.6140762,
                        55.5891068
                    ]
                ]
            }
        },
        {
            "id": "94",
            "type": "Feature",
            "properties":
            {
                "admin_level": null,
                "index_right": null,
                "lanes": 2,
                "lanes_length": 803.0187496236593,
                "length": 401.5093748118297,
                "name": "Москва",
                "place": null,
                "population": 12655050.0,
                "short_name": "Москва",
                "type": null
            },
            "geometry":
            {
                "type": "LineString",
                "coordinates":
                [
                    [
                        37.6427114,
                        55.7504909
                    ],
                    [
                        37.6442563,
                        55.7496455
                    ],
                    [
                        37.6451468,
                        55.7489496
                    ],
                    [
                        37.6465416,
                        55.7476377
                    ]
                ]
            }
        },
        {
            "id": "95",
            "type": "Feature",
            "properties":
            {
                "admin_level": null,
                "index_right": null,
                "lanes": 2,
                "lanes_length": 36679.299478994755,
                "length": 18339.649739497378,
                "name": "Москва",
                "place": null,
                "population": 12655050.0,
                "short_name": "Москва",
                "type": null
            },
            "geometry":
            {
                "type": "LineString",
                "coordinates":
                [
                    [
                        37.4104643,
                        55.543833
                    ],
                    [
                        37.3923111,
                        55.5360139
                    ],
                    [
                        37.3885345,
                        55.5272703
                    ],
                    [
                        37.3809814,
                        55.520857
                    ],
                    [
                        37.3615837,
                        55.5146371
                    ],
                    [
                        37.3336029,
                        55.5018054
                    ],
                    [
                        37.317913,
                        55.477292
                    ],
                    [
                        37.298584,
                        55.4627013
                    ],
                    [
                        37.2889709,
                        55.4399213
                    ],
                    [
                        37.256012,
                        55.4115253
                    ]
                ]
            }
        },
        {
            "id": "96",
            "type": "Feature",
            "properties":
            {
                "admin_level": null,
                "index_right": null,
                "lanes": 2,
                "lanes_length": 1167.896617173743,
                "length": 583.9483085868715,
                "name": "Москва",
                "place": null,
                "population": 12655050.0,
                "short_name": "Москва",
                "type": null
            },
            "geometry":
            {
                "type": "LineString",
                "coordinates":
                [
                    [
                        37.5683928,
                        55.7452795
                    ],
                    [
                        37.5766325,
                        55.7454969
                    ],
                    [
                        37.5777054,
                        55.7456056
                    ]
                ]
            }
        },
        {
            "id": "97",
            "type": "Feature",
            "properties":
            {
                "admin_level": null,
                "index_right": null,
                "lanes": 2,
                "lanes_length": 1072.189076250541,
                "length": 536.0945381252704,
                "name": "Москва",
                "place": null,
                "population": 12655050.0,
                "short_name": "Москва",
                "type": null
            },
            "geometry":
            {
                "type": "LineString",
                "coordinates":
                [
                    [
                        37.4108505,
                        55.7373677
                    ],
                    [
                        37.4163866,
                        55.7410279
                    ]
                ]
            }
        },
        {
            "id": "98",
            "type": "Feature",
            "properties":
            {
                "admin_level": null,
                "index_right": null,
                "lanes": 2,
                "lanes_length": 1818.0269318190744,
                "length": 909.0134659095372,
                "name": "Москва",
                "place": null,
                "population": 12655050.0,
                "short_name": "Москва",
                "type": null
            },
            "geometry":
            {
                "type": "LineString",
                "coordinates":
                [
                    [
                        37.8293577,
                        55.8129262
                    ],
                    [
                        37.8318897,
                        55.8132277
                    ],
                    [
                        37.8346041,
                        55.8133783
                    ],
                    [
                        37.8414598,
                        55.8142102
                    ],
                    [
                        37.8434125,
                        55.8148131
                    ]
                ]
            }
        },
        {
            "id": "99",
            "type": "Feature",
            "properties":
            {
                "admin_level": null,
                "index_right": null,
                "lanes": 1,
                "lanes_length": 1307.9787789895981,
                "length": 1307.9787789895981,
                "name": "Москва",
                "place": null,
                "population": 12655050.0,
                "short_name": "Москва",
                "type": null
            },
            "geometry":
            {
                "type": "LineString",
                "coordinates":
                [
                    [
                        37.660661,
                        55.730928
                    ],
                    [
                        37.65659,
                        55.735583
                    ],
                    [
                        37.6530328,
                        55.7400647
                    ],
                    [
                        37.6550544,
                        55.7412124
                    ]
                ]
            }
        },
        {
            "id": "100",
            "type": "Feature",
            "properties":
            {
                "admin_level": null,
                "index_right": null,
                "lanes": 1,
                "lanes_length": 833.1804958214013,
                "length": 833.1804958214013,
                "name": "Москва",
                "place": null,
                "population": 12655050.0,
                "short_name": "Москва",
                "type": null
            },
            "geometry":
            {
                "type": "LineString",
                "coordinates":
                [
                    [
                        37.657614,
                        55.737996
                    ],
                    [
                        37.659631,
                        55.736365
                    ],
                    [
                        37.663042,
                        55.73361
                    ],
                    [
                        37.664716,
                        55.732728
                    ],
                    [
                        37.66609,
                        55.732414
                    ]
                ]
            }
        },
        {
            "id": "101",
            "type": "Feature",
            "properties":
            {
                "admin_level": null,
                "index_right": null,
                "lanes": 1,
                "lanes_length": 1239.439613603628,
                "length": 1239.439613603628,
                "name": "Москва",
                "place": null,
                "population": 12655050.0,
                "short_name": "Москва",
                "type": null
            },
            "geometry":
            {
                "type": "LineString",
                "coordinates":
                [
                    [
                        37.615482,
                        55.782365
                    ],
                    [
                        37.615235,
                        55.783267
                    ],
                    [
                        37.615374,
                        55.783747
                    ],
                    [
                        37.615771,
                        55.784495
                    ],
                    [
                        37.616683,
                        55.786124
                    ],
                    [
                        37.616758,
                        55.786691
                    ],
                    [
                        37.6162647,
                        55.793314
                    ]
                ]
            }
        },
        {
            "id": "102",
            "type": "Feature",
            "properties":
            {
                "admin_level": null,
                "index_right": null,
                "lanes": 1,
                "lanes_length": 1120.6962159023203,
                "length": 1120.6962159023203,
                "name": "Москва",
                "place": null,
                "population": 12655050.0,
                "short_name": "Москва",
                "type": null
            },
            "geometry":
            {
                "type": "LineString",
                "coordinates":
                [
                    [
                        37.61678,
                        55.821357
                    ],
                    [
                        37.616844,
                        55.820019
                    ],
                    [
                        37.618647,
                        55.81287
                    ],
                    [
                        37.61884,
                        55.811411
                    ]
                ]
            }
        },
        {
            "id": "103",
            "type": "Feature",
            "properties":
            {
                "admin_level": null,
                "index_right": null,
                "lanes": 1,
                "lanes_length": 601.3822824925209,
                "length": 601.3822824925209,
                "name": "Москва",
                "place": null,
                "population": 12655050.0,
                "short_name": "Москва",
                "type": null
            },
            "geometry":
            {
                "type": "LineString",
                "coordinates":
                [
                    [
                        37.493892,
                        55.851373
                    ],
                    [
                        37.497153,
                        55.848783
                    ],
                    [
                        37.498655,
                        55.847494
                    ],
                    [
                        37.4992022,
                        55.8468912
                    ]
                ]
            }
        },
        {
            "id": "104",
            "type": "Feature",
            "properties":
            {
                "admin_level": null,
                "index_right": null,
                "lanes": 1,
                "lanes_length": 1740.852969308391,
                "length": 1740.852969308391,
                "name": "Москва",
                "place": null,
                "population": 12655050.0,
                "short_name": "Москва",
                "type": null
            },
            "geometry":
            {
                "type": "LineString",
                "coordinates":
                [
                    [
                        37.6313603,
                        55.7573316
                    ],
                    [
                        37.6336237,
                        55.7577238
                    ],
                    [
                        37.6357057,
                        55.7578266
                    ],
                    [
                        37.6375077,
                        55.7580439
                    ],
                    [
                        37.6387529,
                        55.7582612
                    ],
                    [
                        37.6430439,
                        55.7591062
                    ],
                    [
                        37.6473567,
                        55.7598432
                    ],
                    [
                        37.6486448,
                        55.7602533
                    ],
                    [
                        37.6528507,
                        55.7628971
                    ],
                    [
                        37.6555754,
                        55.7640083
                    ]
                ]
            }
        },
        {
            "id": "105",
            "type": "Feature",
            "properties":
            {
                "admin_level": null,
                "index_right": null,
                "lanes": 1,
                "lanes_length": 437.57166004376694,
                "length": 437.57166004376694,
                "name": "Москва",
                "place": null,
                "population": 12655050.0,
                "short_name": "Москва",
                "type": null
            },
            "geometry":
            {
                "type": "LineString",
                "coordinates":
                [
                    [
                        37.70967,
                        55.657011
                    ],
                    [
                        37.710764,
                        55.657616
                    ],
                    [
                        37.711666,
                        55.657652
                    ],
                    [
                        37.712696,
                        55.658657
                    ],
                    [
                        37.714477,
                        55.658149
                    ],
                    [
                        37.714477,
                        55.657883
                    ]
                ]
            }
        },
        {
            "id": "106",
            "type": "Feature",
            "properties":
            {
                "admin_level": null,
                "index_right": null,
                "lanes": 1,
                "lanes_length": 230.2322890286252,
                "length": 230.2322890286252,
                "name": "Москва",
                "place": null,
                "population": 12655050.0,
                "short_name": "Москва",
                "type": null
            },
            "geometry":
            {
                "type": "LineString",
                "coordinates":
                [
                    [
                        37.733939,
                        55.681746
                    ],
                    [
                        37.731814,
                        55.681843
                    ],
                    [
                        37.730827,
                        55.682508
                    ]
                ]
            }
        },
        {
            "id": "107",
            "type": "Feature",
            "properties":
            {
                "admin_level": null,
                "index_right": null,
                "lanes": 1,
                "lanes_length": 211.3305188748641,
                "length": 211.3305188748641,
                "name": "Москва",
                "place": null,
                "population": 12655050.0,
                "short_name": "Москва",
                "type": null
            },
            "geometry":
            {
                "type": "LineString",
                "coordinates":
                [
                    [
                        37.6533678,
                        55.7695819
                    ],
                    [
                        37.6517209,
                        55.7692544
                    ],
                    [
                        37.6506722,
                        55.7689995
                    ],
                    [
                        37.6505408,
                        55.769007
                    ],
                    [
                        37.6504469,
                        55.7690417
                    ],
                    [
                        37.6503986,
                        55.7691074
                    ],
                    [
                        37.6503825,
                        55.769173
                    ]
                ]
            }
        },
        {
            "id": "108",
            "type": "Feature",
            "properties":
            {
                "admin_level": null,
                "index_right": null,
                "lanes": 1,
                "lanes_length": 408.1585652382579,
                "length": 408.1585652382579,
                "name": "Москва",
                "place": null,
                "population": 12655050.0,
                "short_name": "Москва",
                "type": null
            },
            "geometry":
            {
                "type": "LineString",
                "coordinates":
                [
                    [
                        37.5788426,
                        55.7736826
                    ],
                    [
                        37.580688,
                        55.7723429
                    ],
                    [
                        37.5830376,
                        55.7708885
                    ]
                ]
            }
        },
        {
            "id": "109",
            "type": "Feature",
            "properties":
            {
                "admin_level": null,
                "index_right": null,
                "lanes": 1,
                "lanes_length": 92.6350352393166,
                "length": 92.6350352393166,
                "name": "Москва",
                "place": null,
                "population": 12655050.0,
                "short_name": "Москва",
                "type": null
            },
            "geometry":
            {
                "type": "LineString",
                "coordinates":
                [
                    [
                        37.6646787,
                        55.7326651
                    ],
                    [
                        37.6648664,
                        55.7326681
                    ],
                    [
                        37.6660627,
                        55.7323933
                    ]
                ]
            }
        },
        {
            "id": "110",
            "type": "Feature",
            "properties":
            {
                "admin_level": null,
                "index_right": null,
                "lanes": 1,
                "lanes_length": 64.64145947247167,
                "length": 64.64145947247167,
                "name": "Москва",
                "place": null,
                "population": 12655050.0,
                "short_name": "Москва",
                "type": null
            },
            "geometry":
            {
                "type": "LineString",
                "coordinates":
                [
                    [
                        37.6361293,
                        55.7308558
                    ],
                    [
                        37.6365423,
                        55.7303695
                    ],
                    [
                        37.6365638,
                        55.7303317
                    ]
                ]
            }
        },
        {
            "id": "111",
            "type": "Feature",
            "properties":
            {
                "admin_level": null,
                "index_right": null,
                "lanes": 1,
                "lanes_length": 144.8904946768557,
                "length": 144.8904946768557,
                "name": "Москва",
                "place": null,
                "population": 12655050.0,
                "short_name": "Москва",
                "type": null
            },
            "geometry":
            {
                "type": "LineString",
                "coordinates":
                [
                    [
                        37.6512248,
                        55.7701296
                    ],
                    [
                        37.653341,
                        55.7696
                    ]
                ]
            }
        },
        {
            "id": "112",
            "type": "Feature",
            "properties":
            {
                "admin_level": null,
                "index_right": null,
                "lanes": 1,
                "lanes_length": 1230.5537460251467,
                "length": 1230.5537460251467,
                "name": "Москва",
                "place": null,
                "population": 12655050.0,
                "short_name": "Москва",
                "type": null
            },
            "geometry":
            {
                "type": "LineString",
                "coordinates":
                [
                    [
                        37.6147413,
                        55.7274001
                    ],
                    [
                        37.6153316,
                        55.7262701
                    ],
                    [
                        37.6166943,
                        55.7234724
                    ],
                    [
                        37.617853,
                        55.7202517
                    ],
                    [
                        37.6194191,
                        55.7167168
                    ]
                ]
            }
        },
        {
            "id": "113",
            "type": "Feature",
            "properties":
            {
                "admin_level": null,
                "index_right": null,
                "lanes": 1,
                "lanes_length": 1265.7678847354503,
                "length": 1265.7678847354503,
                "name": "Москва",
                "place": null,
                "population": 12655050.0,
                "short_name": "Москва",
                "type": null
            },
            "geometry":
            {
                "type": "LineString",
                "coordinates":
                [
                    [
                        37.6237535,
                        55.7300825
                    ],
                    [
                        37.620492,
                        55.7318466
                    ],
                    [
                        37.619462,
                        55.7334172
                    ],
                    [
                        37.6195478,
                        55.7357851
                    ],
                    [
                        37.6188612,
                        55.7375972
                    ],
                    [
                        37.6170588,
                        55.7403031
                    ]
                ]
            }
        },
        {
            "id": "114",
            "type": "Feature",
            "properties":
            {
                "admin_level": null,
                "index_right": null,
                "lanes": 1,
                "lanes_length": 888.4174399860603,
                "length": 888.4174399860603,
                "name": "Москва",
                "place": null,
                "population": 12655050.0,
                "short_name": "Москва",
                "type": null
            },
            "geometry":
            {
                "type": "LineString",
                "coordinates":
                [
                    [
                        37.5051999,
                        55.819434
                    ],
                    [
                        37.5181282,
                        55.822761
                    ]
                ]
            }
        },
        {
            "id": "115",
            "type": "Feature",
            "properties":
            {
                "admin_level": null,
                "index_right": null,
                "lanes": 1,
                "lanes_length": 757.6931244338016,
                "length": 757.6931244338016,
                "name": "Москва",
                "place": null,
                "population": 12655050.0,
                "short_name": "Москва",
                "type": null
            },
            "geometry":
            {
                "type": "LineString",
                "coordinates":
                [
                    [
                        37.5615156,
                        55.8450364
                    ],
                    [
                        37.5657642,
                        55.8422895
                    ],
                    [
                        37.5694335,
                        55.839898
                    ]
                ]
            }
        },
        {
            "id": "116",
            "type": "Feature",
            "properties":
            {
                "admin_level": null,
                "index_right": null,
                "lanes": 1,
                "lanes_length": 84.5713122009012,
                "length": 84.5713122009012,
                "name": "Москва",
                "place": null,
                "population": 12655050.0,
                "short_name": "Москва",
                "type": null
            },
            "geometry":
            {
                "type": "LineString",
                "coordinates":
                [
                    [
                        37.5100172,
                        55.7922118
                    ],
                    [
                        37.5111035,
                        55.792334
                    ],
                    [
                        37.5112644,
                        55.792438
                    ]
                ]
            }
        },
        {
            "id": "117",
            "type": "Feature",
            "properties":
            {
                "admin_level": null,
                "index_right": null,
                "lanes": 1,
                "lanes_length": 2677.8358207436077,
                "length": 2677.8358207436077,
                "name": "Москва",
                "place": null,
                "population": 12655050.0,
                "short_name": "Москва",
                "type": null
            },
            "geometry":
            {
                "type": "LineString",
                "coordinates":
                [
                    [
                        37.7377475,
                        55.6837846
                    ],
                    [
                        37.7370071,
                        55.6876494
                    ],
                    [
                        37.7339602,
                        55.6957285
                    ],
                    [
                        37.7308595,
                        55.7074029
                    ]
                ]
            }
        },
        {
            "id": "118",
            "type": "Feature",
            "properties":
            {
                "admin_level": null,
                "index_right": null,
                "lanes": 1,
                "lanes_length": 450.30632330993933,
                "length": 450.30632330993933,
                "name": "Москва",
                "place": null,
                "population": 12655050.0,
                "short_name": "Москва",
                "type": null
            },
            "geometry":
            {
                "type": "LineString",
                "coordinates":
                [
                    [
                        37.725023,
                        55.5964318
                    ],
                    [
                        37.7259135,
                        55.5950011
                    ],
                    [
                        37.7261817,
                        55.5947586
                    ],
                    [
                        37.7266324,
                        55.5946495
                    ],
                    [
                        37.7272654,
                        55.5946313
                    ],
                    [
                        37.7278125,
                        55.5946495
                    ],
                    [
                        37.7286494,
                        55.5948677
                    ],
                    [
                        37.7296364,
                        55.5954012
                    ]
                ]
            }
        },
        {
            "id": "119",
            "type": "Feature",
            "properties":
            {
                "admin_level": null,
                "index_right": null,
                "lanes": 1,
                "lanes_length": 191.2503448896708,
                "length": 191.2503448896708,
                "name": "Москва",
                "place": null,
                "population": 12655050.0,
                "short_name": "Москва",
                "type": null
            },
            "geometry":
            {
                "type": "LineString",
                "coordinates":
                [
                    [
                        37.7278125,
                        55.5946495
                    ],
                    [
                        37.7280378,
                        55.5948859
                    ],
                    [
                        37.7280271,
                        55.5951405
                    ],
                    [
                        37.7269757,
                        55.5961711
                    ]
                ]
            }
        },
        {
            "id": "120",
            "type": "Feature",
            "properties":
            {
                "admin_level": null,
                "index_right": null,
                "lanes": 1,
                "lanes_length": 804.5363053409073,
                "length": 804.5363053409073,
                "name": "Москва",
                "place": null,
                "population": 12655050.0,
                "short_name": "Москва",
                "type": null
            },
            "geometry":
            {
                "type": "LineString",
                "coordinates":
                [
                    [
                        37.5520742,
                        55.745959
                    ],
                    [
                        37.5582862,
                        55.74627
                    ],
                    [
                        37.5648094,
                        55.7456057
                    ]
                ]
            }
        },
        {
            "id": "121",
            "type": "Feature",
            "properties":
            {
                "admin_level": null,
                "index_right": null,
                "lanes": 1,
                "lanes_length": 152.68868130151665,
                "length": 152.68868130151665,
                "name": "Москва",
                "place": null,
                "population": 12655050.0,
                "short_name": "Москва",
                "type": null
            },
            "geometry":
            {
                "type": "LineString",
                "coordinates":
                [
                    [
                        37.5652706,
                        55.7455573
                    ],
                    [
                        37.5676309,
                        55.7452071
                    ]
                ]
            }
        },
        {
            "id": "122",
            "type": "Feature",
            "properties":
            {
                "admin_level": null,
                "index_right": null,
                "lanes": 1,
                "lanes_length": 980.4224410185236,
                "length": 980.4224410185236,
                "name": "Москва",
                "place": null,
                "population": 12655050.0,
                "short_name": "Москва",
                "type": null
            },
            "geometry":
            {
                "type": "LineString",
                "coordinates":
                [
                    [
                        37.471683,
                        55.8535738
                    ],
                    [
                        37.4768539,
                        55.8549258
                    ],
                    [
                        37.4852868,
                        55.8579367
                    ]
                ]
            }
        },
        {
            "id": "123",
            "type": "Feature",
            "properties":
            {
                "admin_level": null,
                "index_right": null,
                "lanes": 1,
                "lanes_length": 66.56698547762716,
                "length": 66.56698547762716,
                "name": "Москва",
                "place": null,
                "population": 12655050.0,
                "short_name": "Москва",
                "type": null
            },
            "geometry":
            {
                "type": "LineString",
                "coordinates":
                [
                    [
                        37.476908,
                        55.8553111
                    ],
                    [
                        37.4759746,
                        55.8550221
                    ]
                ]
            }
        },
        {
            "id": "124",
            "type": "Feature",
            "properties":
            {
                "admin_level": null,
                "index_right": null,
                "lanes": 1,
                "lanes_length": 443.1953114239368,
                "length": 443.1953114239368,
                "name": "Москва",
                "place": null,
                "population": 12655050.0,
                "short_name": "Москва",
                "type": null
            },
            "geometry":
            {
                "type": "LineString",
                "coordinates":
                [
                    [
                        37.6306736,
                        55.8183792
                    ],
                    [
                        37.6371539,
                        55.8200006
                    ]
                ]
            }
        },
        {
            "id": "125",
            "type": "Feature",
            "properties":
            {
                "admin_level": null,
                "index_right": null,
                "lanes": 1,
                "lanes_length": 1206.0361433858452,
                "length": 1206.0361433858452,
                "name": "Москва",
                "place": null,
                "population": 12655050.0,
                "short_name": "Москва",
                "type": null
            },
            "geometry":
            {
                "type": "LineString",
                "coordinates":
                [
                    [
                        37.6642013,
                        55.8208022
                    ],
                    [
                        37.6543307,
                        55.8115311
                    ]
                ]
            }
        },
        {
            "id": "126",
            "type": "Feature",
            "properties":
            {
                "admin_level": null,
                "index_right": null,
                "lanes": 1,
                "lanes_length": 1037.7373438433253,
                "length": 1037.7373438433253,
                "name": "Москва",
                "place": null,
                "population": 12655050.0,
                "short_name": "Москва",
                "type": null
            },
            "geometry":
            {
                "type": "LineString",
                "coordinates":
                [
                    [
                        37.6198912,
                        55.8902948
                    ],
                    [
                        37.6066518,
                        55.884663
                    ]
                ]
            }
        },
        {
            "id": "127",
            "type": "Feature",
            "properties":
            {
                "admin_level": null,
                "index_right": null,
                "lanes": 1,
                "lanes_length": 115.59614498602512,
                "length": 115.59614498602512,
                "name": "Москва",
                "place": null,
                "population": 12655050.0,
                "short_name": "Москва",
                "type": null
            },
            "geometry":
            {
                "type": "LineString",
                "coordinates":
                [
                    [
                        37.6888132,
                        55.7840305
                    ],
                    [
                        37.6872253,
                        55.7845614
                    ]
                ]
            }
        },
        {
            "id": "128",
            "type": "Feature",
            "properties":
            {
                "admin_level": null,
                "index_right": null,
                "lanes": 1,
                "lanes_length": 280.0562372338713,
                "length": 280.0562372338713,
                "name": "Москва",
                "place": null,
                "population": 12655050.0,
                "short_name": "Москва",
                "type": null
            },
            "geometry":
            {
                "type": "LineString",
                "coordinates":
                [
                    [
                        37.8196299,
                        55.7889411
                    ],
                    [
                        37.8195012,
                        55.7914443
                    ]
                ]
            }
        },
        {
            "id": "129",
            "type": "Feature",
            "properties":
            {
                "admin_level": null,
                "index_right": null,
                "lanes": 1,
                "lanes_length": 376.63604980232515,
                "length": 376.63604980232515,
                "name": "Москва",
                "place": null,
                "population": 12655050.0,
                "short_name": "Москва",
                "type": null
            },
            "geometry":
            {
                "type": "LineString",
                "coordinates":
                [
                    [
                        37.7535081,
                        55.7536064
                    ],
                    [
                        37.7591729,
                        55.7547535
                    ]
                ]
            }
        },
        {
            "id": "130",
            "type": "Feature",
            "properties":
            {
                "admin_level": null,
                "index_right": null,
                "lanes": 1,
                "lanes_length": 181.35208788656624,
                "length": 181.35208788656624,
                "name": "Москва",
                "place": null,
                "population": 12655050.0,
                "short_name": "Москва",
                "type": null
            },
            "geometry":
            {
                "type": "LineString",
                "coordinates":
                [
                    [
                        37.7399469,
                        55.7689663
                    ],
                    [
                        37.7373612,
                        55.7682299
                    ]
                ]
            }
        },
        {
            "id": "131",
            "type": "Feature",
            "properties":
            {
                "admin_level": null,
                "index_right": null,
                "lanes": 1,
                "lanes_length": 708.7006868719036,
                "length": 708.7006868719036,
                "name": "Москва",
                "place": null,
                "population": 12655050.0,
                "short_name": "Москва",
                "type": null
            },
            "geometry":
            {
                "type": "LineString",
                "coordinates":
                [
                    [
                        37.831893,
                        55.7434316
                    ],
                    [
                        37.8284489,
                        55.7379776
                    ],
                    [
                        37.8278804,
                        55.7375247
                    ]
                ]
            }
        },
        {
            "id": "132",
            "type": "Feature",
            "properties":
            {
                "admin_level": null,
                "index_right": null,
                "lanes": 1,
                "lanes_length": 838.4397167264503,
                "length": 838.4397167264503,
                "name": "Москва",
                "place": null,
                "population": 12655050.0,
                "short_name": "Москва",
                "type": null
            },
            "geometry":
            {
                "type": "LineString",
                "coordinates":
                [
                    [
                        37.6932892,
                        55.7188474
                    ],
                    [
                        37.6813245,
                        55.7154719
                    ]
                ]
            }
        },
        {
            "id": "133",
            "type": "Feature",
            "properties":
            {
                "admin_level": null,
                "index_right": null,
                "lanes": 1,
                "lanes_length": 255.37473769215296,
                "length": 255.37473769215296,
                "name": "Москва",
                "place": null,
                "population": 12655050.0,
                "short_name": "Москва",
                "type": null
            },
            "geometry":
            {
                "type": "LineString",
                "coordinates":
                [
                    [
                        37.7233171,
                        55.608972
                    ],
                    [
                        37.7221477,
                        55.6111596
                    ]
                ]
            }
        },
        {
            "id": "134",
            "type": "Feature",
            "properties":
            {
                "admin_level": null,
                "index_right": null,
                "lanes": 1,
                "lanes_length": 1607.3106219810124,
                "length": 1607.3106219810124,
                "name": "Москва",
                "place": null,
                "population": 12655050.0,
                "short_name": "Москва",
                "type": null
            },
            "geometry":
            {
                "type": "LineString",
                "coordinates":
                [
                    [
                        37.6233243,
                        55.7123744
                    ],
                    [
                        37.627616,
                        55.7181914
                    ],
                    [
                        37.6277018,
                        55.7216238
                    ],
                    [
                        37.6272727,
                        55.7225906
                    ],
                    [
                        37.625556,
                        55.7261132
                    ]
                ]
            }
        },
        {
            "id": "135",
            "type": "Feature",
            "properties":
            {
                "admin_level": null,
                "index_right": null,
                "lanes": 1,
                "lanes_length": 1979.7531821760206,
                "length": 1979.7531821760206,
                "name": "Москва",
                "place": null,
                "population": 12655050.0,
                "short_name": "Москва",
                "type": null
            },
            "geometry":
            {
                "type": "LineString",
                "coordinates":
                [
                    [
                        37.6235926,
                        55.729424
                    ],
                    [
                        37.6223803,
                        55.723799
                    ],
                    [
                        37.6224232,
                        55.7117609
                    ]
                ]
            }
        },
        {
            "id": "136",
            "type": "Feature",
            "properties":
            {
                "admin_level": null,
                "index_right": null,
                "lanes": 1,
                "lanes_length": 182.11644393516676,
                "length": 182.11644393516676,
                "name": "Москва",
                "place": null,
                "population": 12655050.0,
                "short_name": "Москва",
                "type": null
            },
            "geometry":
            {
                "type": "LineString",
                "coordinates":
                [
                    [
                        37.617799,
                        55.7055229
                    ],
                    [
                        37.6205671,
                        55.7060246
                    ]
                ]
            }
        },
        {
            "id": "137",
            "type": "Feature",
            "properties":
            {
                "admin_level": null,
                "index_right": null,
                "lanes": 1,
                "lanes_length": 346.3906659560952,
                "length": 346.3906659560952,
                "name": "Москва",
                "place": null,
                "population": 12655050.0,
                "short_name": "Москва",
                "type": null
            },
            "geometry":
            {
                "type": "LineString",
                "coordinates":
                [
                    [
                        37.6576996,
                        55.710407
                    ],
                    [
                        37.6574636,
                        55.7073122
                    ]
                ]
            }
        },
        {
            "id": "138",
            "type": "Feature",
            "properties":
            {
                "admin_level": null,
                "index_right": null,
                "lanes": 1,
                "lanes_length": 285.2821180320022,
                "length": 285.2821180320022,
                "name": "Москва",
                "place": null,
                "population": 12655050.0,
                "short_name": "Москва",
                "type": null
            },
            "geometry":
            {
                "type": "LineString",
                "coordinates":
                [
                    [
                        37.5864065,
                        55.706345
                    ],
                    [
                        37.5834346,
                        55.7082793
                    ]
                ]
            }
        },
        {
            "id": "139",
            "type": "Feature",
            "properties":
            {
                "admin_level": null,
                "index_right": null,
                "lanes": 1,
                "lanes_length": 898.2160872627629,
                "length": 898.2160872627629,
                "name": "Москва",
                "place": null,
                "population": 12655050.0,
                "short_name": "Москва",
                "type": null
            },
            "geometry":
            {
                "type": "LineString",
                "coordinates":
                [
                    [
                        37.5138903,
                        55.7464632
                    ],
                    [
                        37.5014126,
                        55.7424834
                    ]
                ]
            }
        },
        {
            "id": "140",
            "type": "Feature",
            "properties":
            {
                "admin_level": null,
                "index_right": null,
                "lanes": 1,
                "lanes_length": 204.4291786473186,
                "length": 204.4291786473186,
                "name": "Москва",
                "place": null,
                "population": 12655050.0,
                "short_name": "Москва",
                "type": null
            },
            "geometry":
            {
                "type": "LineString",
                "coordinates":
                [
                    [
                        37.5155103,
                        55.7383341
                    ],
                    [
                        37.5163257,
                        55.7368482
                    ],
                    [
                        37.5162077,
                        55.7365825
                    ]
                ]
            }
        },
        {
            "id": "141",
            "type": "Feature",
            "properties":
            {
                "admin_level": null,
                "index_right": null,
                "lanes": 1,
                "lanes_length": 113.56488450206456,
                "length": 113.56488450206456,
                "name": "Москва",
                "place": null,
                "population": 12655050.0,
                "short_name": "Москва",
                "type": null
            },
            "geometry":
            {
                "type": "LineString",
                "coordinates":
                [
                    [
                        37.424798,
                        55.7318888
                    ],
                    [
                        37.4247336,
                        55.7308739
                    ]
                ]
            }
        },
        {
            "id": "142",
            "type": "Feature",
            "properties":
            {
                "admin_level": null,
                "index_right": null,
                "lanes": 1,
                "lanes_length": 277.6014850196512,
                "length": 277.6014850196512,
                "name": "Москва",
                "place": null,
                "population": 12655050.0,
                "short_name": "Москва",
                "type": null
            },
            "geometry":
            {
                "type": "LineString",
                "coordinates":
                [
                    [
                        37.4800515,
                        55.6638256
                    ],
                    [
                        37.4794185,
                        55.6613685
                    ]
                ]
            }
        },
        {
            "id": "143",
            "type": "Feature",
            "properties":
            {
                "admin_level": null,
                "index_right": null,
                "lanes": 1,
                "lanes_length": 44.123416048285215,
                "length": 44.123416048285215,
                "name": "Москва",
                "place": null,
                "population": 12655050.0,
                "short_name": "Москва",
                "type": null
            },
            "geometry":
            {
                "type": "LineString",
                "coordinates":
                [
                    [
                        37.4356583,
                        55.8635919
                    ],
                    [
                        37.4358622,
                        55.8639697
                    ]
                ]
            }
        },
        {
            "id": "144",
            "type": "Feature",
            "properties":
            {
                "admin_level": null,
                "index_right": null,
                "lanes": 1,
                "lanes_length": 53.443622469089625,
                "length": 53.443622469089625,
                "name": "Москва",
                "place": null,
                "population": 12655050.0,
                "short_name": "Москва",
                "type": null
            },
            "geometry":
            {
                "type": "LineString",
                "coordinates":
                [
                    [
                        37.434293,
                        55.8632954
                    ],
                    [
                        37.4351379,
                        55.8633767
                    ]
                ]
            }
        },
        {
            "id": "145",
            "type": "Feature",
            "properties":
            {
                "admin_level": null,
                "index_right": null,
                "lanes": 1,
                "lanes_length": 753.5295662230138,
                "length": 753.5295662230138,
                "name": "Москва",
                "place": null,
                "population": 12655050.0,
                "short_name": "Москва",
                "type": null
            },
            "geometry":
            {
                "type": "LineString",
                "coordinates":
                [
                    [
                        37.4394965,
                        55.8506258
                    ],
                    [
                        37.4513626,
                        55.8519026
                    ]
                ]
            }
        },
        {
            "id": "146",
            "type": "Feature",
            "properties":
            {
                "admin_level": null,
                "index_right": null,
                "lanes": 1,
                "lanes_length": 656.1688041503718,
                "length": 656.1688041503718,
                "name": "Москва",
                "place": null,
                "population": 12655050.0,
                "short_name": "Москва",
                "type": null
            },
            "geometry":
            {
                "type": "LineString",
                "coordinates":
                [
                    [
                        37.6247728,
                        55.7510585
                    ],
                    [
                        37.6253414,
                        55.751946
                    ],
                    [
                        37.6261353,
                        55.7522961
                    ],
                    [
                        37.629,
                        55.7526282
                    ],
                    [
                        37.631017,
                        55.7524894
                    ],
                    [
                        37.6324761,
                        55.7527672
                    ],
                    [
                        37.6335463,
                        55.7531792
                    ]
                ]
            }
        },
        {
            "id": "147",
            "type": "Feature",
            "properties":
            {
                "admin_level": null,
                "index_right": null,
                "lanes": 1,
                "lanes_length": 31.500166158689005,
                "length": 31.500166158689005,
                "name": "Москва",
                "place": null,
                "population": 12655050.0,
                "short_name": "Москва",
                "type": null
            },
            "geometry":
            {
                "type": "LineString",
                "coordinates":
                [
                    [
                        37.4843967,
                        55.6649753
                    ],
                    [
                        37.4842358,
                        55.6651085
                    ],
                    [
                        37.4840212,
                        55.6650964
                    ]
                ]
            }
        },
        {
            "id": "148",
            "type": "Feature",
            "properties":
            {
                "admin_level": null,
                "index_right": null,
                "lanes": 1,
                "lanes_length": 48.200406822928244,
                "length": 48.200406822928244,
                "name": "Москва",
                "place": null,
                "population": 12655050.0,
                "short_name": "Москва",
                "type": null
            },
            "geometry":
            {
                "type": "LineString",
                "coordinates":
                [
                    [
                        37.48209,
                        55.6620766
                    ],
                    [
                        37.482326,
                        55.6619011
                    ],
                    [
                        37.4826801,
                        55.6619737
                    ]
                ]
            }
        },
        {
            "id": "149",
            "type": "Feature",
            "properties":
            {
                "admin_level": null,
                "index_right": null,
                "lanes": 1,
                "lanes_length": 84.31046402339523,
                "length": 84.31046402339523,
                "name": "Москва",
                "place": null,
                "population": 12655050.0,
                "short_name": "Москва",
                "type": null
            },
            "geometry":
            {
                "type": "LineString",
                "coordinates":
                [
                    [
                        37.5529647,
                        55.746282
                    ],
                    [
                        37.5516236,
                        55.7462035
                    ]
                ]
            }
        },
        {
            "id": "150",
            "type": "Feature",
            "properties":
            {
                "admin_level": null,
                "index_right": null,
                "lanes": 1,
                "lanes_length": 30.789460745088235,
                "length": 30.789460745088235,
                "name": "Москва",
                "place": null,
                "population": 12655050.0,
                "short_name": "Москва",
                "type": null
            },
            "geometry":
            {
                "type": "LineString",
                "coordinates":
                [
                    [
                        37.6227236,
                        55.7115615
                    ],
                    [
                        37.6229006,
                        55.7118184
                    ]
                ]
            }
        },
        {
            "id": "151",
            "type": "Feature",
            "properties":
            {
                "admin_level": null,
                "index_right": null,
                "lanes": 1,
                "lanes_length": 92.95692672561835,
                "length": 92.95692672561835,
                "name": "Москва",
                "place": null,
                "population": 12655050.0,
                "short_name": "Москва",
                "type": null
            },
            "geometry":
            {
                "type": "LineString",
                "coordinates":
                [
                    [
                        37.633903,
                        55.7534314
                    ],
                    [
                        37.635228,
                        55.7538087
                    ]
                ]
            }
        },
        {
            "id": "152",
            "type": "Feature",
            "properties":
            {
                "admin_level": null,
                "index_right": null,
                "lanes": 1,
                "lanes_length": 542.5139591380885,
                "length": 542.5139591380885,
                "name": "Москва",
                "place": null,
                "population": 12655050.0,
                "short_name": "Москва",
                "type": null
            },
            "geometry":
            {
                "type": "LineString",
                "coordinates":
                [
                    [
                        37.6369071,
                        55.7541528
                    ],
                    [
                        37.6377225,
                        55.7535611
                    ],
                    [
                        37.6391119,
                        55.7530751
                    ],
                    [
                        37.6424593,
                        55.7504939
                    ]
                ]
            }
        },
        {
            "id": "153",
            "type": "Feature",
            "properties":
            {
                "admin_level": null,
                "index_right": null,
                "lanes": 1,
                "lanes_length": 97.04985092496315,
                "length": 97.04985092496315,
                "name": "Москва",
                "place": null,
                "population": 12655050.0,
                "short_name": "Москва",
                "type": null
            },
            "geometry":
            {
                "type": "LineString",
                "coordinates":
                [
                    [
                        37.6354104,
                        55.7538539
                    ],
                    [
                        37.6368535,
                        55.7541739
                    ]
                ]
            }
        },
        {
            "id": "154",
            "type": "Feature",
            "properties":
            {
                "admin_level": null,
                "index_right": null,
                "lanes": 1,
                "lanes_length": 1162.5231422743927,
                "length": 1162.5231422743927,
                "name": "Москва",
                "place": null,
                "population": 12655050.0,
                "short_name": "Москва",
                "type": null
            },
            "geometry":
            {
                "type": "LineString",
                "coordinates":
                [
                    [
                        37.6731411,
                        55.7391389
                    ],
                    [
                        37.6647243,
                        55.739764
                    ],
                    [
                        37.6600909,
                        55.740692
                    ],
                    [
                        37.6552721,
                        55.7417511
                    ]
                ]
            }
        },
        {
            "id": "155",
            "type": "Feature",
            "properties":
            {
                "admin_level": null,
                "index_right": null,
                "lanes": 1,
                "lanes_length": 130.94941878229562,
                "length": 130.94941878229562,
                "name": "Москва",
                "place": null,
                "population": 12655050.0,
                "short_name": "Москва",
                "type": null
            },
            "geometry":
            {
                "type": "LineString",
                "coordinates":
                [
                    [
                        37.1935058,
                        56.016376
                    ],
                    [
                        37.193892,
                        56.016274
                    ],
                    [
                        37.1940905,
                        56.016334
                    ],
                    [
                        37.1944875,
                        56.0167658
                    ],
                    [
                        37.1944231,
                        56.0168467
                    ],
                    [
                        37.1940423,
                        56.0169487
                    ]
                ]
            }
        },
        {
            "id": "156",
            "type": "Feature",
            "properties":
            {
                "admin_level": null,
                "index_right": null,
                "lanes": 1,
                "lanes_length": 186.95933647903354,
                "length": 186.95933647903354,
                "name": "Москва",
                "place": null,
                "population": 12655050.0,
                "short_name": "Москва",
                "type": null
            },
            "geometry":
            {
                "type": "LineString",
                "coordinates":
                [
                    [
                        37.5571382,
                        55.7704117
                    ],
                    [
                        37.5601208,
                        55.7702789
                    ]
                ]
            }
        },
        {
            "id": "157",
            "type": "Feature",
            "properties":
            {
                "admin_level": null,
                "index_right": null,
                "lanes": 1,
                "lanes_length": 146.32945527491688,
                "length": 146.32945527491688,
                "name": "Москва",
                "place": null,
                "population": 12655050.0,
                "short_name": "Москва",
                "type": null
            },
            "geometry":
            {
                "type": "LineString",
                "coordinates":
                [
                    [
                        37.6365799,
                        55.7452705
                    ],
                    [
                        37.6381463,
                        55.7462427
                    ]
                ]
            }
        },
        {
            "id": "158",
            "type": "Feature",
            "properties":
            {
                "admin_level": null,
                "index_right": null,
                "lanes": 1,
                "lanes_length": 1935.4232102918718,
                "length": 1935.4232102918718,
                "name": "Москва",
                "place": null,
                "population": 12655050.0,
                "short_name": "Москва",
                "type": null
            },
            "geometry":
            {
                "type": "LineString",
                "coordinates":
                [
                    [
                        37.62591,
                        55.7598851
                    ],
                    [
                        37.6175952,
                        55.7585992
                    ],
                    [
                        37.6148271,
                        55.7568726
                    ],
                    [
                        37.6120806,
                        55.7545543
                    ],
                    [
                        37.6105785,
                        55.7524652
                    ],
                    [
                        37.6089263,
                        55.7493738
                    ],
                    [
                        37.6089209,
                        55.7491383
                    ],
                    [
                        37.6092696,
                        55.7489511
                    ],
                    [
                        37.6106215,
                        55.7485405
                    ],
                    [
                        37.6110399,
                        55.7480514
                    ]
                ]
            }
        },
        {
            "id": "159",
            "type": "Feature",
            "properties":
            {
                "admin_level": null,
                "index_right": null,
                "lanes": 1,
                "lanes_length": 1077.8829223036644,
                "length": 1077.8829223036644,
                "name": "Москва",
                "place": null,
                "population": 12655050.0,
                "short_name": "Москва",
                "type": null
            },
            "geometry":
            {
                "type": "LineString",
                "coordinates":
                [
                    [
                        37.6552963,
                        55.7416198
                    ],
                    [
                        37.6646733,
                        55.7396629
                    ],
                    [
                        37.6718294,
                        55.7390952
                    ]
                ]
            }
        },
        {
            "id": "160",
            "type": "Feature",
            "properties":
            {
                "admin_level": null,
                "index_right": null,
                "lanes": 1,
                "lanes_length": 218.38882365421864,
                "length": 218.38882365421864,
                "name": "Москва",
                "place": null,
                "population": 12655050.0,
                "short_name": "Москва",
                "type": null
            },
            "geometry":
            {
                "type": "LineString",
                "coordinates":
                [
                    [
                        37.5851136,
                        55.758077
                    ],
                    [
                        37.585634,
                        55.7586958
                    ],
                    [
                        37.5835794,
                        55.7592361
                    ]
                ]
            }
        },
        {
            "id": "161",
            "type": "Feature",
            "properties":
            {
                "admin_level": null,
                "index_right": null,
                "lanes": 1,
                "lanes_length": 123.29753854551551,
                "length": 123.29753854551551,
                "name": "Москва",
                "place": null,
                "population": 12655050.0,
                "short_name": "Москва",
                "type": null
            },
            "geometry":
            {
                "type": "LineString",
                "coordinates":
                [
                    [
                        37.6045382,
                        55.7721135
                    ],
                    [
                        37.60427,
                        55.7732058
                    ]
                ]
            }
        },
        {
            "id": "162",
            "type": "Feature",
            "properties":
            {
                "admin_level": null,
                "index_right": null,
                "lanes": 1,
                "lanes_length": 77.01966893014537,
                "length": 77.01966893014537,
                "name": "Москва",
                "place": null,
                "population": 12655050.0,
                "short_name": "Москва",
                "type": null
            },
            "geometry":
            {
                "type": "LineString",
                "coordinates":
                [
                    [
                        37.6066947,
                        55.7663861
                    ],
                    [
                        37.606523,
                        55.7670681
                    ]
                ]
            }
        },
        {
            "id": "163",
            "type": "Feature",
            "properties":
            {
                "admin_level": null,
                "index_right": null,
                "lanes": 1,
                "lanes_length": 75.04791080304959,
                "length": 75.04791080304959,
                "name": "Москва",
                "place": null,
                "population": 12655050.0,
                "short_name": "Москва",
                "type": null
            },
            "geometry":
            {
                "type": "LineString",
                "coordinates":
                [
                    [
                        37.5030756,
                        55.6202057
                    ],
                    [
                        37.5035906,
                        55.6195999
                    ]
                ]
            }
        },
        {
            "id": "164",
            "type": "Feature",
            "properties":
            {
                "admin_level": null,
                "index_right": null,
                "lanes": 1,
                "lanes_length": 109.8506090141733,
                "length": 109.8506090141733,
                "name": "Москва",
                "place": null,
                "population": 12655050.0,
                "short_name": "Москва",
                "type": null
            },
            "geometry":
            {
                "type": "LineString",
                "coordinates":
                [
                    [
                        37.5064015,
                        55.6183276
                    ],
                    [
                        37.5057364,
                        55.6192364
                    ]
                ]
            }
        },
        {
            "id": "165",
            "type": "Feature",
            "properties":
            {
                "admin_level": null,
                "index_right": null,
                "lanes": 1,
                "lanes_length": 360.5952752647994,
                "length": 360.5952752647994,
                "name": "Москва",
                "place": null,
                "population": 12655050.0,
                "short_name": "Москва",
                "type": null
            },
            "geometry":
            {
                "type": "LineString",
                "coordinates":
                [
                    [
                        37.177273,
                        55.9827095
                    ],
                    [
                        37.1745801,
                        55.98144
                    ],
                    [
                        37.1743548,
                        55.9811429
                    ],
                    [
                        37.1745372,
                        55.9808457
                    ],
                    [
                        37.1752775,
                        55.9803745
                    ]
                ]
            }
        },
        {
            "id": "166",
            "type": "Feature",
            "properties":
            {
                "admin_level": null,
                "index_right": null,
                "lanes": 1,
                "lanes_length": 237.26147230493626,
                "length": 237.26147230493626,
                "name": "Москва",
                "place": null,
                "population": 12655050.0,
                "short_name": "Москва",
                "type": null
            },
            "geometry":
            {
                "type": "LineString",
                "coordinates":
                [
                    [
                        37.6179492,
                        55.6724965
                    ],
                    [
                        37.6217365,
                        55.6724904
                    ]
                ]
            }
        },
        {
            "id": "167",
            "type": "Feature",
            "properties":
            {
                "admin_level": null,
                "index_right": null,
                "lanes": 1,
                "lanes_length": 209.59002611621673,
                "length": 209.59002611621673,
                "name": "Москва",
                "place": null,
                "population": 12655050.0,
                "short_name": "Москва",
                "type": null
            },
            "geometry":
            {
                "type": "LineString",
                "coordinates":
                [
                    [
                        37.2436523,
                        55.9999109
                    ],
                    [
                        37.2464473,
                        55.9988609
                    ]
                ]
            }
        },
        {
            "id": "168",
            "type": "Feature",
            "properties":
            {
                "admin_level": null,
                "index_right": null,
                "lanes": 1,
                "lanes_length": 63.585894379226836,
                "length": 63.585894379226836,
                "name": "Москва",
                "place": null,
                "population": 12655050.0,
                "short_name": "Москва",
                "type": null
            },
            "geometry":
            {
                "type": "LineString",
                "coordinates":
                [
                    [
                        37.5849259,
                        55.7762743
                    ],
                    [
                        37.5842446,
                        55.7758519
                    ]
                ]
            }
        },
        {
            "id": "169",
            "type": "Feature",
            "properties":
            {
                "admin_level": null,
                "index_right": null,
                "lanes": 1,
                "lanes_length": 243.6626346775614,
                "length": 243.6626346775614,
                "name": "Москва",
                "place": null,
                "population": 12655050.0,
                "short_name": "Москва",
                "type": null
            },
            "geometry":
            {
                "type": "LineString",
                "coordinates":
                [
                    [
                        37.6320684,
                        55.7690598
                    ],
                    [
                        37.6314083,
                        55.7669124
                    ]
                ]
            }
        },
        {
            "id": "170",
            "type": "Feature",
            "properties":
            {
                "admin_level": null,
                "index_right": null,
                "lanes": 1,
                "lanes_length": 273.03744873684263,
                "length": 273.03744873684263,
                "name": "Москва",
                "place": null,
                "population": 12655050.0,
                "short_name": "Москва",
                "type": null
            },
            "geometry":
            {
                "type": "LineString",
                "coordinates":
                [
                    [
                        37.5977362,
                        55.7433199
                    ],
                    [
                        37.5989485,
                        55.7437939
                    ],
                    [
                        37.600311,
                        55.7442469
                    ],
                    [
                        37.6014697,
                        55.7445791
                    ]
                ]
            }
        },
        {
            "id": "171",
            "type": "Feature",
            "properties":
            {
                "admin_level": null,
                "index_right": null,
                "lanes": 1,
                "lanes_length": 394.78106177042673,
                "length": 394.78106177042673,
                "name": "Москва",
                "place": null,
                "population": 12655050.0,
                "short_name": "Москва",
                "type": null
            },
            "geometry":
            {
                "type": "LineString",
                "coordinates":
                [
                    [
                        37.5917615,
                        55.7407886
                    ],
                    [
                        37.5865245,
                        55.7388173
                    ]
                ]
            }
        },
        {
            "id": "172",
            "type": "Feature",
            "properties":
            {
                "admin_level": null,
                "index_right": null,
                "lanes": 1,
                "lanes_length": 110.99054496196656,
                "length": 110.99054496196656,
                "name": "Москва",
                "place": null,
                "population": 12655050.0,
                "short_name": "Москва",
                "type": null
            },
            "geometry":
            {
                "type": "LineString",
                "coordinates":
                [
                    [
                        37.6278734,
                        55.7596315
                    ],
                    [
                        37.6268756,
                        55.7604525
                    ]
                ]
            }
        },
        {
            "id": "173",
            "type": "Feature",
            "properties":
            {
                "admin_level": null,
                "index_right": null,
                "lanes": 1,
                "lanes_length": 84.52132237955931,
                "length": 84.52132237955931,
                "name": "Москва",
                "place": null,
                "population": 12655050.0,
                "short_name": "Москва",
                "type": null
            },
            "geometry":
            {
                "type": "LineString",
                "coordinates":
                [
                    [
                        37.6268649,
                        55.7601688
                    ],
                    [
                        37.6265216,
                        55.7600662
                    ],
                    [
                        37.6262212,
                        55.7598006
                    ],
                    [
                        37.6261246,
                        55.7595832
                    ]
                ]
            }
        },
        {
            "id": "174",
            "type": "Feature",
            "properties":
            {
                "admin_level": null,
                "index_right": null,
                "lanes": 1,
                "lanes_length": 760.6826519197616,
                "length": 760.6826519197616,
                "name": "Москва",
                "place": null,
                "population": 12655050.0,
                "short_name": "Москва",
                "type": null
            },
            "geometry":
            {
                "type": "LineString",
                "coordinates":
                [
                    [
                        37.4788928,
                        55.842398
                    ],
                    [
                        37.4791932,
                        55.8415787
                    ],
                    [
                        37.483077,
                        55.8364459
                    ],
                    [
                        37.4835062,
                        55.8361326
                    ]
                ]
            }
        },
        {
            "id": "175",
            "type": "Feature",
            "properties":
            {
                "admin_level": null,
                "index_right": null,
                "lanes": 1,
                "lanes_length": 750.9640081161892,
                "length": 750.9640081161892,
                "name": "Москва",
                "place": null,
                "population": 12655050.0,
                "short_name": "Москва",
                "type": null
            },
            "geometry":
            {
                "type": "LineString",
                "coordinates":
                [
                    [
                        37.4791718,
                        55.8424702
                    ],
                    [
                        37.480073,
                        55.8417233
                    ],
                    [
                        37.4836135,
                        55.8370001
                    ],
                    [
                        37.4839139,
                        55.8363254
                    ]
                ]
            }
        },
        {
            "id": "176",
            "type": "Feature",
            "properties":
            {
                "admin_level": null,
                "index_right": null,
                "lanes": 1,
                "lanes_length": 393.43482367731406,
                "length": 393.43482367731406,
                "name": "Москва",
                "place": null,
                "population": 12655050.0,
                "short_name": "Москва",
                "type": null
            },
            "geometry":
            {
                "type": "LineString",
                "coordinates":
                [
                    [
                        37.6260495,
                        55.7594021
                    ],
                    [
                        37.6300621,
                        55.7566915
                    ]
                ]
            }
        },
        {
            "id": "177",
            "type": "Feature",
            "properties":
            {
                "admin_level": null,
                "index_right": null,
                "lanes": 1,
                "lanes_length": 490.16754723834026,
                "length": 490.16754723834026,
                "name": "Москва",
                "place": null,
                "population": 12655050.0,
                "short_name": "Москва",
                "type": null
            },
            "geometry":
            {
                "type": "LineString",
                "coordinates":
                [
                    [
                        37.6304214,
                        55.7565636
                    ],
                    [
                        37.632594,
                        55.755086
                    ],
                    [
                        37.63371,
                        55.754144
                    ],
                    [
                        37.6342248,
                        55.7536425
                    ],
                    [
                        37.6339887,
                        55.753899
                    ],
                    [
                        37.6347397,
                        55.7541192
                    ]
                ]
            }
        },
        {
            "id": "178",
            "type": "Feature",
            "properties":
            {
                "admin_level": null,
                "index_right": null,
                "lanes": 1,
                "lanes_length": 59.32288700341336,
                "length": 59.32288700341336,
                "name": "Москва",
                "place": null,
                "population": 12655050.0,
                "short_name": "Москва",
                "type": null
            },
            "geometry":
            {
                "type": "LineString",
                "coordinates":
                [
                    [
                        37.6337314,
                        55.754189
                    ],
                    [
                        37.6346272,
                        55.7543641
                    ]
                ]
            }
        },
        {
            "id": "179",
            "type": "Feature",
            "properties":
            {
                "admin_level": null,
                "index_right": null,
                "lanes": 1,
                "lanes_length": 779.6151490028509,
                "length": 779.6151490028509,
                "name": "Москва",
                "place": null,
                "population": 12655050.0,
                "short_name": "Москва",
                "type": null
            },
            "geometry":
            {
                "type": "LineString",
                "coordinates":
                [
                    [
                        37.6279593,
                        55.7595409
                    ],
                    [
                        37.631607,
                        55.75715
                    ],
                    [
                        37.634461,
                        55.754832
                    ],
                    [
                        37.635083,
                        55.753878
                    ]
                ]
            }
        },
        {
            "id": "180",
            "type": "Feature",
            "properties":
            {
                "admin_level": null,
                "index_right": null,
                "lanes": 1,
                "lanes_length": 65.26936364177716,
                "length": 65.26936364177716,
                "name": "Москва",
                "place": null,
                "population": 12655050.0,
                "short_name": "Москва",
                "type": null
            },
            "geometry":
            {
                "type": "LineString",
                "coordinates":
                [
                    [
                        37.6024085,
                        55.7443329
                    ],
                    [
                        37.6029597,
                        55.7441117
                    ],
                    [
                        37.6031294,
                        55.7441325
                    ],
                    [
                        37.6031944,
                        55.7442333
                    ]
                ]
            }
        },
        {
            "id": "181",
            "type": "Feature",
            "properties":
            {
                "admin_level": null,
                "index_right": null,
                "lanes": 1,
                "lanes_length": 43.299115931522955,
                "length": 43.299115931522955,
                "name": "Москва",
                "place": null,
                "population": 12655050.0,
                "short_name": "Москва",
                "type": null
            },
            "geometry":
            {
                "type": "LineString",
                "coordinates":
                [
                    [
                        37.6024139,
                        55.7448508
                    ],
                    [
                        37.6017809,
                        55.7446938
                    ]
                ]
            }
        },
        {
            "id": "182",
            "type": "Feature",
            "properties":
            {
                "admin_level": null,
                "index_right": null,
                "lanes": 1,
                "lanes_length": 187.9861550062234,
                "length": 187.9861550062234,
                "name": "Москва",
                "place": null,
                "population": 12655050.0,
                "short_name": "Москва",
                "type": null
            },
            "geometry":
            {
                "type": "LineString",
                "coordinates":
                [
                    [
                        37.5838208,
                        55.7561421
                    ],
                    [
                        37.5834239,
                        55.7544758
                    ]
                ]
            }
        },
        {
            "id": "183",
            "type": "Feature",
            "properties":
            {
                "admin_level": null,
                "index_right": null,
                "lanes": 1,
                "lanes_length": 340.1357825812383,
                "length": 340.1357825812383,
                "name": "Москва",
                "place": null,
                "population": 12655050.0,
                "short_name": "Москва",
                "type": null
            },
            "geometry":
            {
                "type": "LineString",
                "coordinates":
                [
                    [
                        37.6115656,
                        55.7301973
                    ],
                    [
                        37.6067912,
                        55.7316532
                    ]
                ]
            }
        },
        {
            "id": "184",
            "type": "Feature",
            "properties":
            {
                "admin_level": null,
                "index_right": null,
                "lanes": 1,
                "lanes_length": 143.75158039235703,
                "length": 143.75158039235703,
                "name": "Москва",
                "place": null,
                "population": 12655050.0,
                "short_name": "Москва",
                "type": null
            },
            "geometry":
            {
                "type": "LineString",
                "coordinates":
                [
                    [
                        37.6062226,
                        55.7315203
                    ],
                    [
                        37.6072419,
                        55.7310491
                    ],
                    [
                        37.6081002,
                        55.7307894
                    ]
                ]
            }
        },
        {
            "id": "185",
            "type": "Feature",
            "properties":
            {
                "admin_level": null,
                "index_right": null,
                "lanes": 1,
                "lanes_length": 296.97224229652056,
                "length": 296.97224229652056,
                "name": "Москва",
                "place": null,
                "population": 12655050.0,
                "short_name": "Москва",
                "type": null
            },
            "geometry":
            {
                "type": "LineString",
                "coordinates":
                [
                    [
                        37.6145267,
                        55.7291703
                    ],
                    [
                        37.6154602,
                        55.7291522
                    ],
                    [
                        37.6159215,
                        55.7290072
                    ],
                    [
                        37.6191938,
                        55.7291642
                    ]
                ]
            }
        },
        {
            "id": "186",
            "type": "Feature",
            "properties":
            {
                "admin_level": null,
                "index_right": null,
                "lanes": 1,
                "lanes_length": 119.20363863089463,
                "length": 119.20363863089463,
                "name": "Москва",
                "place": null,
                "population": 12655050.0,
                "short_name": "Москва",
                "type": null
            },
            "geometry":
            {
                "type": "LineString",
                "coordinates":
                [
                    [
                        37.6144302,
                        55.7302426
                    ],
                    [
                        37.6125258,
                        55.7302819
                    ]
                ]
            }
        },
        {
            "id": "187",
            "type": "Feature",
            "properties":
            {
                "admin_level": null,
                "index_right": null,
                "lanes": 1,
                "lanes_length": 167.39280154633775,
                "length": 167.39280154633775,
                "name": "Москва",
                "place": null,
                "population": 12655050.0,
                "short_name": "Москва",
                "type": null
            },
            "geometry":
            {
                "type": "LineString",
                "coordinates":
                [
                    [
                        37.6372397,
                        55.7310793
                    ],
                    [
                        37.6381839,
                        55.731333
                    ],
                    [
                        37.639466,
                        55.7318948
                    ]
                ]
            }
        },
        {
            "id": "188",
            "type": "Feature",
            "properties":
            {
                "admin_level": null,
                "index_right": null,
                "lanes": 1,
                "lanes_length": 116.02920406584239,
                "length": 116.02920406584239,
                "name": "Москва",
                "place": null,
                "population": 12655050.0,
                "short_name": "Москва",
                "type": null
            },
            "geometry":
            {
                "type": "LineString",
                "coordinates":
                [
                    [
                        37.6377547,
                        55.7314237
                    ],
                    [
                        37.6360166,
                        55.7310612
                    ]
                ]
            }
        },
        {
            "id": "189",
            "type": "Feature",
            "properties":
            {
                "admin_level": null,
                "index_right": null,
                "lanes": 1,
                "lanes_length": 200.17219220894623,
                "length": 200.17219220894623,
                "name": "Москва",
                "place": null,
                "population": 12655050.0,
                "short_name": "Москва",
                "type": null
            },
            "geometry":
            {
                "type": "LineString",
                "coordinates":
                [
                    [
                        37.6204652,
                        55.7293485
                    ],
                    [
                        37.6226485,
                        55.7296415
                    ],
                    [
                        37.6236033,
                        55.7296445
                    ]
                ]
            }
        },
        {
            "id": "190",
            "type": "Feature",
            "properties":
            {
                "admin_level": null,
                "index_right": null,
                "lanes": 1,
                "lanes_length": 90.93791813171171,
                "length": 90.93791813171171,
                "name": "Москва",
                "place": null,
                "population": 12655050.0,
                "short_name": "Москва",
                "type": null
            },
            "geometry":
            {
                "type": "LineString",
                "coordinates":
                [
                    [
                        37.6239467,
                        55.7296415
                    ],
                    [
                        37.6254004,
                        55.7296506
                    ]
                ]
            }
        },
        {
            "id": "191",
            "type": "Feature",
            "properties":
            {
                "admin_level": null,
                "index_right": null,
                "lanes": 1,
                "lanes_length": 10.733862737605394,
                "length": 10.733862737605394,
                "name": "Москва",
                "place": null,
                "population": 12655050.0,
                "short_name": "Москва",
                "type": null
            },
            "geometry":
            {
                "type": "LineString",
                "coordinates":
                [
                    [
                        37.625792,
                        55.7300403
                    ],
                    [
                        37.6256204,
                        55.7300402
                    ]
                ]
            }
        },
        {
            "id": "192",
            "type": "Feature",
            "properties":
            {
                "admin_level": null,
                "index_right": null,
                "lanes": 1,
                "lanes_length": 82.85697213167639,
                "length": 82.85697213167639,
                "name": "Москва",
                "place": null,
                "population": 12655050.0,
                "short_name": "Москва",
                "type": null
            },
            "geometry":
            {
                "type": "LineString",
                "coordinates":
                [
                    [
                        37.6031381,
                        55.7719324
                    ],
                    [
                        37.6043236,
                        55.7722644
                    ]
                ]
            }
        },
        {
            "id": "193",
            "type": "Feature",
            "properties":
            {
                "admin_level": null,
                "index_right": null,
                "lanes": 1,
                "lanes_length": 33.596458122483945,
                "length": 33.596458122483945,
                "name": "Москва",
                "place": null,
                "population": 12655050.0,
                "short_name": "Москва",
                "type": null
            },
            "geometry":
            {
                "type": "LineString",
                "coordinates":
                [
                    [
                        37.6183006,
                        55.7737942
                    ],
                    [
                        37.6183758,
                        55.7736584
                    ],
                    [
                        37.6183221,
                        55.773503
                    ]
                ]
            }
        },
        {
            "id": "194",
            "type": "Feature",
            "properties":
            {
                "admin_level": null,
                "index_right": null,
                "lanes": 1,
                "lanes_length": 33.29326946568424,
                "length": 33.29326946568424,
                "name": "Москва",
                "place": null,
                "population": 12655050.0,
                "short_name": "Москва",
                "type": null
            },
            "geometry":
            {
                "type": "LineString",
                "coordinates":
                [
                    [
                        37.6188532,
                        55.7738183
                    ],
                    [
                        37.6188478,
                        55.7736675
                    ],
                    [
                        37.6189256,
                        55.7735272
                    ]
                ]
            }
        },
        {
            "id": "195",
            "type": "Feature",
            "properties":
            {
                "admin_level": null,
                "index_right": null,
                "lanes": 1,
                "lanes_length": 164.6560904990199,
                "length": 164.6560904990199,
                "name": "Москва",
                "place": null,
                "population": 12655050.0,
                "short_name": "Москва",
                "type": null
            },
            "geometry":
            {
                "type": "LineString",
                "coordinates":
                [
                    [
                        37.6550281,
                        55.7454728
                    ],
                    [
                        37.6548135,
                        55.7440053
                    ]
                ]
            }
        },
        {
            "id": "196",
            "type": "Feature",
            "properties":
            {
                "admin_level": null,
                "index_right": null,
                "lanes": 1,
                "lanes_length": 1724.7826642134432,
                "length": 1724.7826642134432,
                "name": "Москва",
                "place": null,
                "population": 12655050.0,
                "short_name": "Москва",
                "type": null
            },
            "geometry":
            {
                "type": "LineString",
                "coordinates":
                [
                    [
                        37.6745224,
                        55.8490599
                    ],
                    [
                        37.6580429,
                        55.8366748
                    ]
                ]
            }
        },
        {
            "id": "197",
            "type": "Feature",
            "properties":
            {
                "admin_level": null,
                "index_right": null,
                "lanes": 1,
                "lanes_length": 1083.699303538634,
                "length": 1083.699303538634,
                "name": "Москва",
                "place": null,
                "population": 12655050.0,
                "short_name": "Москва",
                "type": null
            },
            "geometry":
            {
                "type": "LineString",
                "coordinates":
                [
                    [
                        37.4273622,
                        55.6615682
                    ],
                    [
                        37.4101961,
                        55.6603942
                    ]
                ]
            }
        },
        {
            "id": "198",
            "type": "Feature",
            "properties":
            {
                "admin_level": null,
                "index_right": null,
                "lanes": 1,
                "lanes_length": 74.24589902056792,
                "length": 74.24589902056792,
                "name": "Москва",
                "place": null,
                "population": 12655050.0,
                "short_name": "Москва",
                "type": null
            },
            "geometry":
            {
                "type": "LineString",
                "coordinates":
                [
                    [
                        37.4383271,
                        55.663287
                    ],
                    [
                        37.4381876,
                        55.6635351
                    ],
                    [
                        37.4378657,
                        55.6636743
                    ],
                    [
                        37.4375546,
                        55.6636985
                    ]
                ]
            }
        },
        {
            "id": "199",
            "type": "Feature",
            "properties":
            {
                "admin_level": null,
                "index_right": null,
                "lanes": 1,
                "lanes_length": 349.2301279666991,
                "length": 349.2301279666991,
                "name": "Москва",
                "place": null,
                "population": 12655050.0,
                "short_name": "Москва",
                "type": null
            },
            "geometry":
            {
                "type": "LineString",
                "coordinates":
                [
                    [
                        37.8519237,
                        55.7009887
                    ],
                    [
                        37.8477716,
                        55.7030746
                    ]
                ]
            }
        },
        {
            "id": "200",
            "type": "Feature",
            "properties":
            {
                "admin_level": null,
                "index_right": null,
                "lanes": 1,
                "lanes_length": 538.6051163574922,
                "length": 538.6051163574922,
                "name": "Москва",
                "place": null,
                "population": 12655050.0,
                "short_name": "Москва",
                "type": null
            },
            "geometry":
            {
                "type": "LineString",
                "coordinates":
                [
                    [
                        37.8557324,
                        55.6995015
                    ],
                    [
                        37.8494668,
                        55.7028025
                    ]
                ]
            }
        },
        {
            "id": "201",
            "type": "Feature",
            "properties":
            {
                "admin_level": null,
                "index_right": null,
                "lanes": 1,
                "lanes_length": 1013.8220092135982,
                "length": 1013.8220092135982,
                "name": "Москва",
                "place": null,
                "population": 12655050.0,
                "short_name": "Москва",
                "type": null
            },
            "geometry":
            {
                "type": "LineString",
                "coordinates":
                [
                    [
                        37.8113901,
                        55.7134654
                    ],
                    [
                        37.8191686,
                        55.7111807
                    ],
                    [
                        37.8260136,
                        55.709585
                    ]
                ]
            }
        },
        {
            "id": "202",
            "type": "Feature",
            "properties":
            {
                "admin_level": null,
                "index_right": null,
                "lanes": 1,
                "lanes_length": 1006.708344652103,
                "length": 1006.708344652103,
                "name": "Москва",
                "place": null,
                "population": 12655050.0,
                "short_name": "Москва",
                "type": null
            },
            "geometry":
            {
                "type": "LineString",
                "coordinates":
                [
                    [
                        37.8261209,
                        55.709863
                    ],
                    [
                        37.8192329,
                        55.7117247
                    ],
                    [
                        37.8113901,
                        55.7134654
                    ]
                ]
            }
        },
        {
            "id": "203",
            "type": "Feature",
            "properties":
            {
                "admin_level": null,
                "index_right": null,
                "lanes": 1,
                "lanes_length": 169.75386499646865,
                "length": 169.75386499646865,
                "name": "Москва",
                "place": null,
                "population": 12655050.0,
                "short_name": "Москва",
                "type": null
            },
            "geometry":
            {
                "type": "LineString",
                "coordinates":
                [
                    [
                        37.719444,
                        55.6107294
                    ],
                    [
                        37.7220538,
                        55.6111293
                    ]
                ]
            }
        },
        {
            "id": "204",
            "type": "Feature",
            "properties":
            {
                "admin_level": null,
                "index_right": null,
                "lanes": 1,
                "lanes_length": 155.06408985647283,
                "length": 155.06408985647283,
                "name": "Москва",
                "place": null,
                "population": 12655050.0,
                "short_name": "Москва",
                "type": null
            },
            "geometry":
            {
                "type": "LineString",
                "coordinates":
                [
                    [
                        37.743187,
                        55.6483305
                    ],
                    [
                        37.740773,
                        55.6480278
                    ]
                ]
            }
        },
        {
            "id": "205",
            "type": "Feature",
            "properties":
            {
                "admin_level": null,
                "index_right": null,
                "lanes": 1,
                "lanes_length": 455.73412446757783,
                "length": 455.73412446757783,
                "name": "Москва",
                "place": null,
                "population": 12655050.0,
                "short_name": "Москва",
                "type": null
            },
            "geometry":
            {
                "type": "LineString",
                "coordinates":
                [
                    [
                        37.7533793,
                        55.7536728
                    ],
                    [
                        37.7510619,
                        55.7575367
                    ]
                ]
            }
        },
        {
            "id": "206",
            "type": "Feature",
            "properties":
            {
                "admin_level": null,
                "index_right": null,
                "lanes": 1,
                "lanes_length": 285.5323938397216,
                "length": 285.5323938397216,
                "name": "Москва",
                "place": null,
                "population": 12655050.0,
                "short_name": "Москва",
                "type": null
            },
            "geometry":
            {
                "type": "LineString",
                "coordinates":
                [
                    [
                        37.4047029,
                        55.830987
                    ],
                    [
                        37.4003792,
                        55.8318245
                    ]
                ]
            }
        },
        {
            "id": "207",
            "type": "Feature",
            "properties":
            {
                "admin_level": null,
                "index_right": null,
                "lanes": 1,
                "lanes_length": 510.1269568471886,
                "length": 510.1269568471886,
                "name": "Москва",
                "place": null,
                "population": 12655050.0,
                "short_name": "Москва",
                "type": null
            },
            "geometry":
            {
                "type": "LineString",
                "coordinates":
                [
                    [
                        37.7627027,
                        55.8054296
                    ],
                    [
                        37.7590334,
                        55.8044407
                    ],
                    [
                        37.7552569,
                        55.8035543
                    ]
                ]
            }
        },
        {
            "id": "208",
            "type": "Feature",
            "properties":
            {
                "admin_level": null,
                "index_right": null,
                "lanes": 1,
                "lanes_length": 1014.4088630691717,
                "length": 1014.4088630691717,
                "name": "Москва",
                "place": null,
                "population": 12655050.0,
                "short_name": "Москва",
                "type": null
            },
            "geometry":
            {
                "type": "LineString",
                "coordinates":
                [
                    [
                        37.7719831,
                        55.7624023
                    ],
                    [
                        37.7566624,
                        55.7594082
                    ]
                ]
            }
        },
        {
            "id": "209",
            "type": "Feature",
            "properties":
            {
                "admin_level": null,
                "index_right": null,
                "lanes": 1,
                "lanes_length": 97.00591450439215,
                "length": 97.00591450439215,
                "name": "Москва",
                "place": null,
                "population": 12655050.0,
                "short_name": "Москва",
                "type": null
            },
            "geometry":
            {
                "type": "LineString",
                "coordinates":
                [
                    [
                        37.7645803,
                        55.7604646
                    ],
                    [
                        37.7660394,
                        55.7607603
                    ]
                ]
            }
        },
        {
            "id": "210",
            "type": "Feature",
            "properties":
            {
                "admin_level": null,
                "index_right": null,
                "lanes": 1,
                "lanes_length": 402.3475479846337,
                "length": 402.3475479846337,
                "name": "Москва",
                "place": null,
                "population": 12655050.0,
                "short_name": "Москва",
                "type": null
            },
            "geometry":
            {
                "type": "LineString",
                "coordinates":
                [
                    [
                        37.5247908,
                        55.7373556
                    ],
                    [
                        37.5307345,
                        55.7387327
                    ]
                ]
            }
        },
        {
            "id": "211",
            "type": "Feature",
            "properties":
            {
                "admin_level": null,
                "index_right": null,
                "lanes": 1,
                "lanes_length": 443.6258570360244,
                "length": 443.6258570360244,
                "name": "Москва",
                "place": null,
                "population": 12655050.0,
                "short_name": "Москва",
                "type": null
            },
            "geometry":
            {
                "type": "LineString",
                "coordinates":
                [
                    [
                        37.5280523,
                        55.7387327
                    ],
                    [
                        37.5345431,
                        55.7403334
                    ]
                ]
            }
        },
        {
            "id": "212",
            "type": "Feature",
            "properties":
            {
                "admin_level": null,
                "index_right": null,
                "lanes": 1,
                "lanes_length": 876.8425023219675,
                "length": 876.8425023219675,
                "name": "Москва",
                "place": null,
                "population": 12655050.0,
                "short_name": "Москва",
                "type": null
            },
            "geometry":
            {
                "type": "LineString",
                "coordinates":
                [
                    [
                        37.5644124,
                        55.7499232
                    ],
                    [
                        37.551806,
                        55.7464873
                    ]
                ]
            }
        },
        {
            "id": "213",
            "type": "Feature",
            "properties":
            {
                "admin_level": null,
                "index_right": null,
                "lanes": 1,
                "lanes_length": 447.61865319882907,
                "length": 447.61865319882907,
                "name": "Москва",
                "place": null,
                "population": 12655050.0,
                "short_name": "Москва",
                "type": null
            },
            "geometry":
            {
                "type": "LineString",
                "coordinates":
                [
                    [
                        37.5570846,
                        55.7475984
                    ],
                    [
                        37.5635433,
                        55.7493255
                    ]
                ]
            }
        },
        {
            "id": "214",
            "type": "Feature",
            "properties":
            {
                "admin_level": null,
                "index_right": null,
                "lanes": 1,
                "lanes_length": 133.50275235289047,
                "length": 133.50275235289047,
                "name": "Москва",
                "place": null,
                "population": 12655050.0,
                "short_name": "Москва",
                "type": null
            },
            "geometry":
            {
                "type": "LineString",
                "coordinates":
                [
                    [
                        37.5390923,
                        55.7416258
                    ],
                    [
                        37.5373113,
                        55.7409675
                    ]
                ]
            }
        },
        {
            "id": "215",
            "type": "Feature",
            "properties":
            {
                "admin_level": null,
                "index_right": null,
                "lanes": 1,
                "lanes_length": 73.86516441450689,
                "length": 73.86516441450689,
                "name": "Москва",
                "place": null,
                "population": 12655050.0,
                "short_name": "Москва",
                "type": null
            },
            "geometry":
            {
                "type": "LineString",
                "coordinates":
                [
                    [
                        37.4449897,
                        55.8778387
                    ],
                    [
                        37.4461591,
                        55.8777303
                    ]
                ]
            }
        },
        {
            "id": "216",
            "type": "Feature",
            "properties":
            {
                "admin_level": null,
                "index_right": null,
                "lanes": 1,
                "lanes_length": 82.79285047583431,
                "length": 82.79285047583431,
                "name": "Москва",
                "place": null,
                "population": 12655050.0,
                "short_name": "Москва",
                "type": null
            },
            "geometry":
            {
                "type": "LineString",
                "coordinates":
                [
                    [
                        37.4482298,
                        55.8777484
                    ],
                    [
                        37.4476022,
                        55.8776461
                    ],
                    [
                        37.4469316,
                        55.8776882
                    ]
                ]
            }
        },
        {
            "id": "217",
            "type": "Feature",
            "properties":
            {
                "admin_level": null,
                "index_right": null,
                "lanes": 1,
                "lanes_length": 205.30066174121094,
                "length": 205.30066174121094,
                "name": "Москва",
                "place": null,
                "population": 12655050.0,
                "short_name": "Москва",
                "type": null
            },
            "geometry":
            {
                "type": "LineString",
                "coordinates":
                [
                    [
                        37.5786281,
                        55.7588286
                    ],
                    [
                        37.5787139,
                        55.7606638
                    ]
                ]
            }
        },
        {
            "id": "218",
            "type": "Feature",
            "properties":
            {
                "admin_level": null,
                "index_right": null,
                "lanes": 1,
                "lanes_length": 154.11899205596123,
                "length": 154.11899205596123,
                "name": "Москва",
                "place": null,
                "population": 12655050.0,
                "short_name": "Москва",
                "type": null
            },
            "geometry":
            {
                "type": "LineString",
                "coordinates":
                [
                    [
                        37.5763857,
                        55.6870567
                    ],
                    [
                        37.5749481,
                        55.6875526
                    ],
                    [
                        37.5746369,
                        55.6873893
                    ],
                    [
                        37.5746155,
                        55.6871958
                    ]
                ]
            }
        },
        {
            "id": "219",
            "type": "Feature",
            "properties":
            {
                "admin_level": null,
                "index_right": null,
                "lanes": 1,
                "lanes_length": 230.59902293585438,
                "length": 230.59902293585438,
                "name": "Москва",
                "place": null,
                "population": 12655050.0,
                "short_name": "Москва",
                "type": null
            },
            "geometry":
            {
                "type": "LineString",
                "coordinates":
                [
                    [
                        37.6248586,
                        55.7275058
                    ],
                    [
                        37.6240754,
                        55.7292398
                    ],
                    [
                        37.6238421,
                        55.7292821
                    ],
                    [
                        37.6236356,
                        55.7292095
                    ]
                ]
            }
        },
        {
            "id": "220",
            "type": "Feature",
            "properties":
            {
                "admin_level": null,
                "index_right": null,
                "lanes": 1,
                "lanes_length": 160.63011906171272,
                "length": 160.63011906171272,
                "name": "Москва",
                "place": null,
                "population": 12655050.0,
                "short_name": "Москва",
                "type": null
            },
            "geometry":
            {
                "type": "LineString",
                "coordinates":
                [
                    [
                        37.8207779,
                        55.7179497
                    ],
                    [
                        37.82022,
                        55.7165476
                    ]
                ]
            }
        },
        {
            "id": "221",
            "type": "Feature",
            "properties":
            {
                "admin_level": null,
                "index_right": null,
                "lanes": 1,
                "lanes_length": 148.11172082879588,
                "length": 148.11172082879588,
                "name": "Москва",
                "place": null,
                "population": 12655050.0,
                "short_name": "Москва",
                "type": null
            },
            "geometry":
            {
                "type": "LineString",
                "coordinates":
                [
                    [
                        37.766726,
                        55.7049063
                    ],
                    [
                        37.76443,
                        55.7052267
                    ]
                ]
            }
        },
        {
            "id": "222",
            "type": "Feature",
            "properties":
            {
                "admin_level": null,
                "index_right": null,
                "lanes": 1,
                "lanes_length": 122.78464406923565,
                "length": 122.78464406923565,
                "name": "Москва",
                "place": null,
                "population": 12655050.0,
                "short_name": "Москва",
                "type": null
            },
            "geometry":
            {
                "type": "LineString",
                "coordinates":
                [
                    [
                        37.580688,
                        55.7603922
                    ],
                    [
                        37.579776,
                        55.7607121
                    ],
                    [
                        37.5789177,
                        55.7608389
                    ]
                ]
            }
        },
        {
            "id": "223",
            "type": "Feature",
            "properties":
            {
                "admin_level": null,
                "index_right": null,
                "lanes": 1,
                "lanes_length": 80.09024765055622,
                "length": 80.09024765055622,
                "name": "Москва",
                "place": null,
                "population": 12655050.0,
                "short_name": "Москва",
                "type": null
            },
            "geometry":
            {
                "type": "LineString",
                "coordinates":
                [
                    [
                        37.6090014,
                        55.7486069
                    ],
                    [
                        37.6093152,
                        55.7488967
                    ],
                    [
                        37.6091677,
                        55.749265
                    ]
                ]
            }
        },
        {
            "id": "224",
            "type": "Feature",
            "properties":
            {
                "admin_level": null,
                "index_right": null,
                "lanes": 1,
                "lanes_length": 661.970903866315,
                "length": 661.970903866315,
                "name": "Москва",
                "place": null,
                "population": 12655050.0,
                "short_name": "Москва",
                "type": null
            },
            "geometry":
            {
                "type": "LineString",
                "coordinates":
                [
                    [
                        37.6426363,
                        55.7505874
                    ],
                    [
                        37.6392889,
                        55.7531415
                    ],
                    [
                        37.6378083,
                        55.7536366
                    ],
                    [
                        37.63695,
                        55.7542947
                    ],
                    [
                        37.6353407,
                        55.7539204
                    ]
                ]
            }
        },
        {
            "id": "225",
            "type": "Feature",
            "properties":
            {
                "admin_level": null,
                "index_right": null,
                "lanes": 1,
                "lanes_length": 41.64542667626287,
                "length": 41.64542667626287,
                "name": "Москва",
                "place": null,
                "population": 12655050.0,
                "short_name": "Москва",
                "type": null
            },
            "geometry":
            {
                "type": "LineString",
                "coordinates":
                [
                    [
                        37.6496529,
                        55.7479125
                    ],
                    [
                        37.6490306,
                        55.7480453
                    ]
                ]
            }
        },
        {
            "id": "226",
            "type": "Feature",
            "properties":
            {
                "admin_level": null,
                "index_right": null,
                "lanes": 1,
                "lanes_length": 322.8392458846478,
                "length": 322.8392458846478,
                "name": "Москва",
                "place": null,
                "population": 12655050.0,
                "short_name": "Москва",
                "type": null
            },
            "geometry":
            {
                "type": "LineString",
                "coordinates":
                [
                    [
                        37.6497388,
                        55.7477011
                    ],
                    [
                        37.6512623,
                        55.747381
                    ],
                    [
                        37.6547384,
                        55.7470187
                    ]
                ]
            }
        },
        {
            "id": "227",
            "type": "Feature",
            "properties":
            {
                "admin_level": null,
                "index_right": null,
                "lanes": 1,
                "lanes_length": 210.18128253656033,
                "length": 210.18128253656033,
                "name": "Москва",
                "place": null,
                "population": 12655050.0,
                "short_name": "Москва",
                "type": null
            },
            "geometry":
            {
                "type": "LineString",
                "coordinates":
                [
                    [
                        37.659266,
                        55.7473569
                    ],
                    [
                        37.6565516,
                        55.7472603
                    ],
                    [
                        37.65594,
                        55.7471516
                    ]
                ]
            }
        },
        {
            "id": "228",
            "type": "Feature",
            "properties":
            {
                "admin_level": null,
                "index_right": null,
                "lanes": 1,
                "lanes_length": 444.9053666518378,
                "length": 444.9053666518378,
                "name": "Москва",
                "place": null,
                "population": 12655050.0,
                "short_name": "Москва",
                "type": null
            },
            "geometry":
            {
                "type": "LineString",
                "coordinates":
                [
                    [
                        37.6594806,
                        55.7471578
                    ],
                    [
                        37.6617175,
                        55.7470702
                    ],
                    [
                        37.6664757,
                        55.7464813
                    ]
                ]
            }
        },
        {
            "id": "229",
            "type": "Feature",
            "properties":
            {
                "admin_level": null,
                "index_right": null,
                "lanes": 1,
                "lanes_length": 759.6495920760509,
                "length": 759.6495920760509,
                "name": "Москва",
                "place": null,
                "population": 12655050.0,
                "short_name": "Москва",
                "type": null
            },
            "geometry":
            {
                "type": "LineString",
                "coordinates":
                [
                    [
                        37.6464134,
                        55.7477613
                    ],
                    [
                        37.648323,
                        55.74598
                    ],
                    [
                        37.649138,
                        55.744519
                    ],
                    [
                        37.6537941,
                        55.7426829
                    ]
                ]
            }
        },
        {
            "id": "230",
            "type": "Feature",
            "properties":
            {
                "admin_level": null,
                "index_right": null,
                "lanes": 1,
                "lanes_length": 221.5168529049509,
                "length": 221.5168529049509,
                "name": "Москва",
                "place": null,
                "population": 12655050.0,
                "short_name": "Москва",
                "type": null
            },
            "geometry":
            {
                "type": "LineString",
                "coordinates":
                [
                    [
                        37.6516913,
                        55.7433288
                    ],
                    [
                        37.6531933,
                        55.7415348
                    ]
                ]
            }
        },
        {
            "id": "231",
            "type": "Feature",
            "properties":
            {
                "admin_level": null,
                "index_right": null,
                "lanes": 1,
                "lanes_length": 50.49746502142631,
                "length": 50.49746502142631,
                "name": "Москва",
                "place": null,
                "population": 12655050.0,
                "short_name": "Москва",
                "type": null
            },
            "geometry":
            {
                "type": "LineString",
                "coordinates":
                [
                    [
                        37.570281,
                        55.8399883
                    ],
                    [
                        37.56953,
                        55.8398196
                    ]
                ]
            }
        },
        {
            "id": "232",
            "type": "Feature",
            "properties":
            {
                "admin_level": null,
                "index_right": null,
                "lanes": 1,
                "lanes_length": 1165.984450540448,
                "length": 1165.984450540448,
                "name": "Москва",
                "place": null,
                "population": 12655050.0,
                "short_name": "Москва",
                "type": null
            },
            "geometry":
            {
                "type": "LineString",
                "coordinates":
                [
                    [
                        37.698909,
                        55.7941404
                    ],
                    [
                        37.6918817,
                        55.7931573
                    ],
                    [
                        37.6823329,
                        55.7896528
                    ]
                ]
            }
        },
        {
            "id": "233",
            "type": "Feature",
            "properties":
            {
                "admin_level": null,
                "index_right": null,
                "lanes": 1,
                "lanes_length": 635.2272484653012,
                "length": 635.2272484653012,
                "name": "Москва",
                "place": null,
                "population": 12655050.0,
                "short_name": "Москва",
                "type": null
            },
            "geometry":
            {
                "type": "LineString",
                "coordinates":
                [
                    [
                        37.5278807,
                        55.6976513
                    ],
                    [
                        37.5350368,
                        55.6936243
                    ]
                ]
            }
        },
        {
            "id": "234",
            "type": "Feature",
            "properties":
            {
                "admin_level": null,
                "index_right": null,
                "lanes": 1,
                "lanes_length": 239.1901338101315,
                "length": 239.1901338101315,
                "name": "Москва",
                "place": null,
                "population": 12655050.0,
                "short_name": "Москва",
                "type": null
            },
            "geometry":
            {
                "type": "LineString",
                "coordinates":
                [
                    [
                        37.5185252,
                        55.7029234
                    ],
                    [
                        37.5212073,
                        55.7013999
                    ]
                ]
            }
        },
        {
            "id": "235",
            "type": "Feature",
            "properties":
            {
                "admin_level": null,
                "index_right": null,
                "lanes": 1,
                "lanes_length": 145.7980617265203,
                "length": 145.7980617265203,
                "name": "Москва",
                "place": null,
                "population": 12655050.0,
                "short_name": "Москва",
                "type": null
            },
            "geometry":
            {
                "type": "LineString",
                "coordinates":
                [
                    [
                        37.5160575,
                        55.7052206
                    ],
                    [
                        37.5143838,
                        55.7061274
                    ]
                ]
            }
        },
        {
            "id": "236",
            "type": "Feature",
            "properties":
            {
                "admin_level": null,
                "index_right": null,
                "lanes": 1,
                "lanes_length": 232.49969942635443,
                "length": 232.49969942635443,
                "name": "Москва",
                "place": null,
                "population": 12655050.0,
                "short_name": "Москва",
                "type": null
            },
            "geometry":
            {
                "type": "LineString",
                "coordinates":
                [
                    [
                        37.5107201,
                        55.7076355
                    ],
                    [
                        37.5121872,
                        55.706815
                    ],
                    [
                        37.5130749,
                        55.7060427
                    ]
                ]
            }
        },
        {
            "id": "237",
            "type": "Feature",
            "properties":
            {
                "admin_level": null,
                "index_right": null,
                "lanes": 1,
                "lanes_length": 549.3013254630059,
                "length": 549.3013254630059,
                "name": "Москва",
                "place": null,
                "population": 12655050.0,
                "short_name": "Москва",
                "type": null
            },
            "geometry":
            {
                "type": "LineString",
                "coordinates":
                [
                    [
                        37.6343965,
                        55.8230201
                    ],
                    [
                        37.6347507,
                        55.8227488
                    ],
                    [
                        37.6384628,
                        55.8186684
                    ]
                ]
            }
        },
        {
            "id": "238",
            "type": "Feature",
            "properties":
            {
                "admin_level": null,
                "index_right": null,
                "lanes": 1,
                "lanes_length": 257.3197973547039,
                "length": 257.3197973547039,
                "name": "Москва",
                "place": null,
                "population": 12655050.0,
                "short_name": "Москва",
                "type": null
            },
            "geometry":
            {
                "type": "LineString",
                "coordinates":
                [
                    [
                        37.6424432,
                        55.8227128
                    ],
                    [
                        37.6432479,
                        55.8235475
                    ],
                    [
                        37.6416331,
                        55.824557
                    ]
                ]
            }
        },
        {
            "id": "239",
            "type": "Feature",
            "properties":
            {
                "admin_level": null,
                "index_right": null,
                "lanes": 1,
                "lanes_length": 101.68712542345001,
                "length": 101.68712542345001,
                "name": "Москва",
                "place": null,
                "population": 12655050.0,
                "short_name": "Москва",
                "type": null
            },
            "geometry":
            {
                "type": "LineString",
                "coordinates":
                [
                    [
                        37.6408445,
                        55.825021
                    ],
                    [
                        37.6396536,
                        55.8244003
                    ]
                ]
            }
        },
        {
            "id": "240",
            "type": "Feature",
            "properties":
            {
                "admin_level": null,
                "index_right": null,
                "lanes": 1,
                "lanes_length": 839.013010334833,
                "length": 839.013010334833,
                "name": "Москва",
                "place": null,
                "population": 12655050.0,
                "short_name": "Москва",
                "type": null
            },
            "geometry":
            {
                "type": "LineString",
                "coordinates":
                [
                    [
                        37.6087117,
                        55.8667752
                    ],
                    [
                        37.6105571,
                        55.8674735
                    ],
                    [
                        37.6214147,
                        55.8690748
                    ]
                ]
            }
        },
        {
            "id": "241",
            "type": "Feature",
            "properties":
            {
                "admin_level": null,
                "index_right": null,
                "lanes": 1,
                "lanes_length": 302.0980515733652,
                "length": 302.0980515733652,
                "name": "Москва",
                "place": null,
                "population": 12655050.0,
                "short_name": "Москва",
                "type": null
            },
            "geometry":
            {
                "type": "LineString",
                "coordinates":
                [
                    [
                        37.6128101,
                        55.8679672
                    ],
                    [
                        37.6105785,
                        55.8675819
                    ],
                    [
                        37.6084971,
                        55.8667993
                    ]
                ]
            }
        },
        {
            "id": "242",
            "type": "Feature",
            "properties":
            {
                "admin_level": null,
                "index_right": null,
                "lanes": 1,
                "lanes_length": 743.1762977691128,
                "length": 743.1762977691128,
                "name": "Москва",
                "place": null,
                "population": 12655050.0,
                "short_name": "Москва",
                "type": null
            },
            "geometry":
            {
                "type": "LineString",
                "coordinates":
                [
                    [
                        37.6773548,
                        55.6761567
                    ],
                    [
                        37.6683051,
                        55.6768919
                    ],
                    [
                        37.665596,
                        55.6770279
                    ]
                ]
            }
        },
        {
            "id": "243",
            "type": "Feature",
            "properties":
            {
                "admin_level": null,
                "index_right": null,
                "lanes": 1,
                "lanes_length": 43.409536960489525,
                "length": 43.409536960489525,
                "name": "Москва",
                "place": null,
                "population": 12655050.0,
                "short_name": "Москва",
                "type": null
            },
            "geometry":
            {
                "type": "LineString",
                "coordinates":
                [
                    [
                        37.6316822,
                        55.6629118
                    ],
                    [
                        37.632165,
                        55.6626334
                    ]
                ]
            }
        },
        {
            "id": "244",
            "type": "Feature",
            "properties":
            {
                "admin_level": null,
                "index_right": null,
                "lanes": 1,
                "lanes_length": 873.3464998658463,
                "length": 873.3464998658463,
                "name": "Москва",
                "place": null,
                "population": 12655050.0,
                "short_name": "Москва",
                "type": null
            },
            "geometry":
            {
                "type": "LineString",
                "coordinates":
                [
                    [
                        37.5433302,
                        55.9193677
                    ],
                    [
                        37.543416,
                        55.9166622
                    ],
                    [
                        37.5440061,
                        55.9145698
                    ],
                    [
                        37.54421,
                        55.9115874
                    ]
                ]
            }
        },
        {
            "id": "245",
            "type": "Feature",
            "properties":
            {
                "admin_level": null,
                "index_right": null,
                "lanes": 1,
                "lanes_length": 1673.3577038993258,
                "length": 1673.3577038993258,
                "name": "Москва",
                "place": null,
                "population": 12655050.0,
                "short_name": "Москва",
                "type": null
            },
            "geometry":
            {
                "type": "LineString",
                "coordinates":
                [
                    [
                        37.5449824,
                        55.9125375
                    ],
                    [
                        37.5446712,
                        55.919608
                    ],
                    [
                        37.547493,
                        55.9273388
                    ]
                ]
            }
        },
        {
            "id": "246",
            "type": "Feature",
            "properties":
            {
                "admin_level": null,
                "index_right": null,
                "lanes": 1,
                "lanes_length": 377.1474127910554,
                "length": 377.1474127910554,
                "name": "Москва",
                "place": null,
                "population": 12655050.0,
                "short_name": "Москва",
                "type": null
            },
            "geometry":
            {
                "type": "LineString",
                "coordinates":
                [
                    [
                        37.5466561,
                        55.9270924
                    ],
                    [
                        37.5455188,
                        55.9237803
                    ]
                ]
            }
        },
        {
            "id": "247",
            "type": "Feature",
            "properties":
            {
                "admin_level": null,
                "index_right": null,
                "lanes": 1,
                "lanes_length": 927.5616434363994,
                "length": 927.5616434363994,
                "name": "Москва",
                "place": null,
                "population": 12655050.0,
                "short_name": "Москва",
                "type": null
            },
            "geometry":
            {
                "type": "LineString",
                "coordinates":
                [
                    [
                        37.7507615,
                        55.7581887
                    ],
                    [
                        37.7367711,
                        55.7554237
                    ]
                ]
            }
        },
        {
            "id": "248",
            "type": "Feature",
            "properties":
            {
                "admin_level": null,
                "index_right": null,
                "lanes": 1,
                "lanes_length": 134.0050683350845,
                "length": 134.0050683350845,
                "name": "Москва",
                "place": null,
                "population": 12655050.0,
                "short_name": "Москва",
                "type": null
            },
            "geometry":
            {
                "type": "LineString",
                "coordinates":
                [
                    [
                        37.7563941,
                        55.7593297
                    ],
                    [
                        37.7543879,
                        55.7589071
                    ]
                ]
            }
        },
        {
            "id": "249",
            "type": "Feature",
            "properties":
            {
                "admin_level": null,
                "index_right": null,
                "lanes": 1,
                "lanes_length": 179.1246802330884,
                "length": 179.1246802330884,
                "name": "Москва",
                "place": null,
                "population": 12655050.0,
                "short_name": "Москва",
                "type": null
            },
            "geometry":
            {
                "type": "LineString",
                "coordinates":
                [
                    [
                        37.8150272,
                        55.7471999
                    ],
                    [
                        37.814362,
                        55.7456419
                    ]
                ]
            }
        },
        {
            "id": "250",
            "type": "Feature",
            "properties":
            {
                "admin_level": null,
                "index_right": null,
                "lanes": 1,
                "lanes_length": 91.36824685613244,
                "length": 91.36824685613244,
                "name": "Москва",
                "place": null,
                "population": 12655050.0,
                "short_name": "Москва",
                "type": null
            },
            "geometry":
            {
                "type": "LineString",
                "coordinates":
                [
                    [
                        37.8176451,
                        55.7391193
                    ],
                    [
                        37.8167653,
                        55.7397716
                    ]
                ]
            }
        },
        {
            "id": "251",
            "type": "Feature",
            "properties":
            {
                "admin_level": null,
                "index_right": null,
                "lanes": 1,
                "lanes_length": 511.2848447308457,
                "length": 511.2848447308457,
                "name": "Москва",
                "place": null,
                "population": 12655050.0,
                "short_name": "Москва",
                "type": null
            },
            "geometry":
            {
                "type": "LineString",
                "coordinates":
                [
                    [
                        37.4506209,
                        55.7190768
                    ],
                    [
                        37.4511198,
                        55.7178862
                    ],
                    [
                        37.4520452,
                        55.7158526
                    ],
                    [
                        37.452422,
                        55.7155187
                    ],
                    [
                        37.4527988,
                        55.7146892
                    ]
                ]
            }
        },
        {
            "id": "252",
            "type": "Feature",
            "properties":
            {
                "admin_level": null,
                "index_right": null,
                "lanes": 1,
                "lanes_length": 1542.5639294337739,
                "length": 1542.5639294337739,
                "name": "Москва",
                "place": null,
                "population": 12655050.0,
                "short_name": "Москва",
                "type": null
            },
            "geometry":
            {
                "type": "LineString",
                "coordinates":
                [
                    [
                        37.4551686,
                        55.7076547
                    ],
                    [
                        37.4560593,
                        55.7058169
                    ],
                    [
                        37.4607644,
                        55.6987131
                    ],
                    [
                        37.4650821,
                        55.69514
                    ]
                ]
            }
        },
        {
            "id": "253",
            "type": "Feature",
            "properties":
            {
                "admin_level": null,
                "index_right": null,
                "lanes": 1,
                "lanes_length": 539.513268260858,
                "length": 539.513268260858,
                "name": "Москва",
                "place": null,
                "population": 12655050.0,
                "short_name": "Москва",
                "type": null
            },
            "geometry":
            {
                "type": "LineString",
                "coordinates":
                [
                    [
                        37.4587685,
                        55.7028031
                    ],
                    [
                        37.457245,
                        55.7050157
                    ],
                    [
                        37.4561507,
                        55.7073914
                    ]
                ]
            }
        },
        {
            "id": "254",
            "type": "Feature",
            "properties":
            {
                "admin_level": null,
                "index_right": null,
                "lanes": 1,
                "lanes_length": 154.15557446164604,
                "length": 154.15557446164604,
                "name": "Москва",
                "place": null,
                "population": 12655050.0,
                "short_name": "Москва",
                "type": null
            },
            "geometry":
            {
                "type": "LineString",
                "coordinates":
                [
                    [
                        37.449832,
                        55.722272
                    ],
                    [
                        37.4492205,
                        55.7236074
                    ]
                ]
            }
        },
        {
            "id": "255",
            "type": "Feature",
            "properties":
            {
                "admin_level": null,
                "index_right": null,
                "lanes": 1,
                "lanes_length": 543.371403412496,
                "length": 543.371403412496,
                "name": "Москва",
                "place": null,
                "population": 12655050.0,
                "short_name": "Москва",
                "type": null
            },
            "geometry":
            {
                "type": "LineString",
                "coordinates":
                [
                    [
                        37.5757944,
                        55.8479259
                    ],
                    [
                        37.5750005,
                        55.8480283
                    ],
                    [
                        37.5741636,
                        55.8483234
                    ],
                    [
                        37.5732088,
                        55.8483535
                    ],
                    [
                        37.5720179,
                        55.8483716
                    ],
                    [
                        37.5674366,
                        55.8490944
                    ]
                ]
            }
        },
        {
            "id": "256",
            "type": "Feature",
            "properties":
            {
                "admin_level": null,
                "index_right": null,
                "lanes": 1,
                "lanes_length": 322.24696951005217,
                "length": 322.24696951005217,
                "name": "Москва",
                "place": null,
                "population": 12655050.0,
                "short_name": "Москва",
                "type": null
            },
            "geometry":
            {
                "type": "LineString",
                "coordinates":
                [
                    [
                        37.3501087,
                        55.5940553
                    ],
                    [
                        37.3473514,
                        55.5964863
                    ]
                ]
            }
        },
        {
            "id": "257",
            "type": "Feature",
            "properties":
            {
                "admin_level": null,
                "index_right": null,
                "lanes": 1,
                "lanes_length": 493.5545837905434,
                "length": 493.5545837905434,
                "name": "Москва",
                "place": null,
                "population": 12655050.0,
                "short_name": "Москва",
                "type": null
            },
            "geometry":
            {
                "type": "LineString",
                "coordinates":
                [
                    [
                        37.6578094,
                        55.6515206
                    ],
                    [
                        37.6548482,
                        55.6531913
                    ],
                    [
                        37.6536037,
                        55.6551283
                    ]
                ]
            }
        },
        {
            "id": "258",
            "type": "Feature",
            "properties":
            {
                "admin_level": null,
                "index_right": null,
                "lanes": 1,
                "lanes_length": 172.06592844770847,
                "length": 172.06592844770847,
                "name": "Москва",
                "place": null,
                "population": 12655050.0,
                "short_name": "Москва",
                "type": null
            },
            "geometry":
            {
                "type": "LineString",
                "coordinates":
                [
                    [
                        37.5100064,
                        55.6169947
                    ],
                    [
                        37.5111679,
                        55.6165569
                    ],
                    [
                        37.5121147,
                        55.6160222
                    ]
                ]
            }
        },
        {
            "id": "259",
            "type": "Feature",
            "properties":
            {
                "admin_level": null,
                "index_right": null,
                "lanes": 1,
                "lanes_length": 39.98326439020138,
                "length": 39.98326439020138,
                "name": "Москва",
                "place": null,
                "population": 12655050.0,
                "short_name": "Москва",
                "type": null
            },
            "geometry":
            {
                "type": "LineString",
                "coordinates":
                [
                    [
                        37.6113671,
                        55.7298771
                    ],
                    [
                        37.6119465,
                        55.7297261
                    ]
                ]
            }
        },
        {
            "id": "260",
            "type": "Feature",
            "properties":
            {
                "admin_level": null,
                "index_right": null,
                "lanes": 1,
                "lanes_length": 259.0274324820466,
                "length": 259.0274324820466,
                "name": "Москва",
                "place": null,
                "population": 12655050.0,
                "short_name": "Москва",
                "type": null
            },
            "geometry":
            {
                "type": "LineString",
                "coordinates":
                [
                    [
                        37.6518881,
                        55.6533289
                    ],
                    [
                        37.6530468,
                        55.6526267
                    ],
                    [
                        37.654978,
                        55.6518035
                    ]
                ]
            }
        },
        {
            "id": "261",
            "type": "Feature",
            "properties":
            {
                "admin_level": null,
                "index_right": null,
                "lanes": 1,
                "lanes_length": 1229.0370622139842,
                "length": 1229.0370622139842,
                "name": "Москва",
                "place": null,
                "population": 12655050.0,
                "short_name": "Москва",
                "type": null
            },
            "geometry":
            {
                "type": "LineString",
                "coordinates":
                [
                    [
                        37.7524996,
                        55.7072638
                    ],
                    [
                        37.7505469,
                        55.7077595
                    ],
                    [
                        37.7379298,
                        55.7093069
                    ],
                    [
                        37.7333593,
                        55.7094399
                    ]
                ]
            }
        },
        {
            "id": "262",
            "type": "Feature",
            "properties":
            {
                "admin_level": null,
                "index_right": null,
                "lanes": 1,
                "lanes_length": 1291.2859594512468,
                "length": 1291.2859594512468,
                "name": "Москва",
                "place": null,
                "population": 12655050.0,
                "short_name": "Москва",
                "type": null
            },
            "geometry":
            {
                "type": "LineString",
                "coordinates":
                [
                    [
                        37.7326619,
                        55.7090772
                    ],
                    [
                        37.736342,
                        55.7089624
                    ],
                    [
                        37.7520919,
                        55.706889
                    ],
                    [
                        37.7528429,
                        55.7069737
                    ]
                ]
            }
        },
        {
            "id": "263",
            "type": "Feature",
            "properties":
            {
                "admin_level": null,
                "index_right": null,
                "lanes": 1,
                "lanes_length": 161.88880764986038,
                "length": 161.88880764986038,
                "name": "Москва",
                "place": null,
                "population": 12655050.0,
                "short_name": "Москва",
                "type": null
            },
            "geometry":
            {
                "type": "LineString",
                "coordinates":
                [
                    [
                        37.6967714,
                        55.7196277
                    ],
                    [
                        37.6977155,
                        55.7199178
                    ],
                    [
                        37.6989064,
                        55.7204375
                    ]
                ]
            }
        },
        {
            "id": "264",
            "type": "Feature",
            "properties":
            {
                "admin_level": null,
                "index_right": null,
                "lanes": 1,
                "lanes_length": 549.3681645652476,
                "length": 549.3681645652476,
                "name": "Москва",
                "place": null,
                "population": 12655050.0,
                "short_name": "Москва",
                "type": null
            },
            "geometry":
            {
                "type": "LineString",
                "coordinates":
                [
                    [
                        37.8261744,
                        55.6568838
                    ],
                    [
                        37.83494,
                        55.656914
                    ]
                ]
            }
        },
        {
            "id": "265",
            "type": "Feature",
            "properties":
            {
                "admin_level": null,
                "index_right": null,
                "lanes": 1,
                "lanes_length": 538.2336083392566,
                "length": 538.2336083392566,
                "name": "Москва",
                "place": null,
                "population": 12655050.0,
                "short_name": "Москва",
                "type": null
            },
            "geometry":
            {
                "type": "LineString",
                "coordinates":
                [
                    [
                        37.1861458,
                        55.963843
                    ],
                    [
                        37.1853518,
                        55.9686348
                    ]
                ]
            }
        },
        {
            "id": "266",
            "type": "Feature",
            "properties":
            {
                "admin_level": null,
                "index_right": null,
                "lanes": 1,
                "lanes_length": 296.6153496141758,
                "length": 296.6153496141758,
                "name": "Москва",
                "place": null,
                "population": 12655050.0,
                "short_name": "Москва",
                "type": null
            },
            "geometry":
            {
                "type": "LineString",
                "coordinates":
                [
                    [
                        37.3997462,
                        55.8317462
                    ],
                    [
                        37.4042201,
                        55.8308484
                    ]
                ]
            }
        },
        {
            "id": "267",
            "type": "Feature",
            "properties":
            {
                "admin_level": null,
                "index_right": null,
                "lanes": 1,
                "lanes_length": 626.0205593923639,
                "length": 626.0205593923639,
                "name": "Москва",
                "place": null,
                "population": 12655050.0,
                "short_name": "Москва",
                "type": null
            },
            "geometry":
            {
                "type": "LineString",
                "coordinates":
                [
                    [
                        37.449131,
                        55.8785368
                    ],
                    [
                        37.4434939,
                        55.8831703
                    ]
                ]
            }
        },
        {
            "id": "268",
            "type": "Feature",
            "properties":
            {
                "admin_level": null,
                "index_right": null,
                "lanes": 1,
                "lanes_length": 429.16300215819746,
                "length": 429.16300215819746,
                "name": "Москва",
                "place": null,
                "population": 12655050.0,
                "short_name": "Москва",
                "type": null
            },
            "geometry":
            {
                "type": "LineString",
                "coordinates":
                [
                    [
                        37.6332439,
                        55.7932389
                    ],
                    [
                        37.6331581,
                        55.7928951
                    ],
                    [
                        37.6331903,
                        55.7920325
                    ],
                    [
                        37.6327397,
                        55.7919722
                    ],
                    [
                        37.6313664,
                        55.7922376
                    ],
                    [
                        37.6303901,
                        55.7925935
                    ],
                    [
                        37.62877,
                        55.7926478
                    ]
                ]
            }
        },
        {
            "id": "269",
            "type": "Feature",
            "properties":
            {
                "admin_level": null,
                "index_right": null,
                "lanes": 1,
                "lanes_length": 1910.4642158432962,
                "length": 1910.4642158432962,
                "name": "Москва",
                "place": null,
                "population": 12655050.0,
                "short_name": "Москва",
                "type": null
            },
            "geometry":
            {
                "type": "LineString",
                "coordinates":
                [
                    [
                        37.4498838,
                        55.7232996
                    ],
                    [
                        37.4599689,
                        55.7255956
                    ],
                    [
                        37.4786799,
                        55.7289548
                    ]
                ]
            }
        },
        {
            "id": "270",
            "type": "Feature",
            "properties":
            {
                "admin_level": null,
                "index_right": null,
                "lanes": 1,
                "lanes_length": 1115.7405639860806,
                "length": 1115.7405639860806,
                "name": "Москва",
                "place": null,
                "population": 12655050.0,
                "short_name": "Москва",
                "type": null
            },
            "geometry":
            {
                "type": "LineString",
                "coordinates":
                [
                    [
                        37.4942153,
                        55.7315646
                    ],
                    [
                        37.5111007,
                        55.7347824
                    ]
                ]
            }
        },
        {
            "id": "271",
            "type": "Feature",
            "properties":
            {
                "admin_level": null,
                "index_right": null,
                "lanes": 1,
                "lanes_length": 1342.8222986495352,
                "length": 1342.8222986495352,
                "name": "Москва",
                "place": null,
                "population": 12655050.0,
                "short_name": "Москва",
                "type": null
            },
            "geometry":
            {
                "type": "LineString",
                "coordinates":
                [
                    [
                        37.5159485,
                        55.7365422
                    ],
                    [
                        37.4955637,
                        55.7327728
                    ]
                ]
            }
        },
        {
            "id": "272",
            "type": "Feature",
            "properties":
            {
                "admin_level": null,
                "index_right": null,
                "lanes": 1,
                "lanes_length": 569.1481626775674,
                "length": 569.1481626775674,
                "name": "Москва",
                "place": null,
                "population": 12655050.0,
                "short_name": "Москва",
                "type": null
            },
            "geometry":
            {
                "type": "LineString",
                "coordinates":
                [
                    [
                        37.4805005,
                        55.7300785
                    ],
                    [
                        37.471853,
                        55.7284957
                    ]
                ]
            }
        },
        {
            "id": "273",
            "type": "Feature",
            "properties":
            {
                "admin_level": null,
                "index_right": null,
                "lanes": 1,
                "lanes_length": 565.3726325016556,
                "length": 565.3726325016556,
                "name": "Москва",
                "place": null,
                "population": 12655050.0,
                "short_name": "Москва",
                "type": null
            },
            "geometry":
            {
                "type": "LineString",
                "coordinates":
                [
                    [
                        37.4689133,
                        55.7279499
                    ],
                    [
                        37.4603088,
                        55.7264032
                    ]
                ]
            }
        },
        {
            "id": "274",
            "type": "Feature",
            "properties":
            {
                "admin_level": null,
                "index_right": null,
                "lanes": 1,
                "lanes_length": 378.6806893434444,
                "length": 378.6806893434444,
                "name": "Москва",
                "place": null,
                "population": 12655050.0,
                "short_name": "Москва",
                "type": null
            },
            "geometry":
            {
                "type": "LineString",
                "coordinates":
                [
                    [
                        37.443958,
                        55.7220528
                    ],
                    [
                        37.4495156,
                        55.7233942
                    ]
                ]
            }
        },
        {
            "id": "275",
            "type": "Feature",
            "properties":
            {
                "admin_level": null,
                "index_right": null,
                "lanes": 1,
                "lanes_length": 369.8141481478026,
                "length": 369.8141481478026,
                "name": "Москва",
                "place": null,
                "population": 12655050.0,
                "short_name": "Москва",
                "type": null
            },
            "geometry":
            {
                "type": "LineString",
                "coordinates":
                [
                    [
                        37.4802232,
                        55.7427793
                    ],
                    [
                        37.4829054,
                        55.739832
                    ]
                ]
            }
        },
        {
            "id": "276",
            "type": "Feature",
            "properties":
            {
                "admin_level": null,
                "index_right": null,
                "lanes": 1,
                "lanes_length": 312.16310574921977,
                "length": 312.16310574921977,
                "name": "Москва",
                "place": null,
                "population": 12655050.0,
                "short_name": "Москва",
                "type": null
            },
            "geometry":
            {
                "type": "LineString",
                "coordinates":
                [
                    [
                        37.5013196,
                        55.6159301
                    ],
                    [
                        37.5042984,
                        55.6181663
                    ]
                ]
            }
        },
        {
            "id": "277",
            "type": "Feature",
            "properties":
            {
                "admin_level": null,
                "index_right": null,
                "lanes": 1,
                "lanes_length": 736.1576275072034,
                "length": 736.1576275072034,
                "name": "Москва",
                "place": null,
                "population": 12655050.0,
                "short_name": "Москва",
                "type": null
            },
            "geometry":
            {
                "type": "LineString",
                "coordinates":
                [
                    [
                        37.503662,
                        55.6186974
                    ],
                    [
                        37.5005292,
                        55.6163345
                    ],
                    [
                        37.4992417,
                        55.6152197
                    ],
                    [
                        37.4961518,
                        55.6136928
                    ]
                ]
            }
        },
        {
            "id": "278",
            "type": "Feature",
            "properties":
            {
                "admin_level": null,
                "index_right": null,
                "lanes": 1,
                "lanes_length": 198.75170708713978,
                "length": 198.75170708713978,
                "name": "Москва",
                "place": null,
                "population": 12655050.0,
                "short_name": "Москва",
                "type": null
            },
            "geometry":
            {
                "type": "LineString",
                "coordinates":
                [
                    [
                        37.5073813,
                        55.6215978
                    ],
                    [
                        37.5056218,
                        55.6201196
                    ]
                ]
            }
        },
        {
            "id": "279",
            "type": "Feature",
            "properties":
            {
                "admin_level": null,
                "index_right": null,
                "lanes": 1,
                "lanes_length": 287.4779285513791,
                "length": 287.4779285513791,
                "name": "Москва",
                "place": null,
                "population": 12655050.0,
                "short_name": "Москва",
                "type": null
            },
            "geometry":
            {
                "type": "LineString",
                "coordinates":
                [
                    [
                        37.490939,
                        55.653487
                    ],
                    [
                        37.4873986,
                        55.6518526
                    ]
                ]
            }
        },
        {
            "id": "280",
            "type": "Feature",
            "properties":
            {
                "admin_level": null,
                "index_right": null,
                "lanes": 1,
                "lanes_length": 111.01447982649096,
                "length": 111.01447982649096,
                "name": "Москва",
                "place": null,
                "population": 12655050.0,
                "short_name": "Москва",
                "type": null
            },
            "geometry":
            {
                "type": "LineString",
                "coordinates":
                [
                    [
                        37.5857694,
                        55.7794353
                    ],
                    [
                        37.5869495,
                        55.7786931
                    ]
                ]
            }
        },
        {
            "id": "281",
            "type": "Feature",
            "properties":
            {
                "admin_level": null,
                "index_right": null,
                "lanes": 1,
                "lanes_length": 597.2739782379707,
                "length": 597.2739782379707,
                "name": "Москва",
                "place": null,
                "population": 12655050.0,
                "short_name": "Москва",
                "type": null
            },
            "geometry":
            {
                "type": "LineString",
                "coordinates":
                [
                    [
                        37.4729704,
                        55.5605571
                    ],
                    [
                        37.4721229,
                        55.5613034
                    ],
                    [
                        37.4694621,
                        55.5609453
                    ],
                    [
                        37.4711144,
                        55.5596772
                    ],
                    [
                        37.4732386,
                        55.5603022
                    ]
                ]
            }
        },
        {
            "id": "282",
            "type": "Feature",
            "properties":
            {
                "admin_level": null,
                "index_right": null,
                "lanes": 1,
                "lanes_length": 215.63990018358174,
                "length": 215.63990018358174,
                "name": "Москва",
                "place": null,
                "population": 12655050.0,
                "short_name": "Москва",
                "type": null
            },
            "geometry":
            {
                "type": "LineString",
                "coordinates":
                [
                    [
                        37.4694821,
                        55.5791826
                    ],
                    [
                        37.4681732,
                        55.5809656
                    ]
                ]
            }
        },
        {
            "id": "283",
            "type": "Feature",
            "properties":
            {
                "admin_level": null,
                "index_right": null,
                "lanes": 1,
                "lanes_length": 187.53561263855448,
                "length": 187.53561263855448,
                "name": "Москва",
                "place": null,
                "population": 12655050.0,
                "short_name": "Москва",
                "type": null
            },
            "geometry":
            {
                "type": "LineString",
                "coordinates":
                [
                    [
                        37.4676582,
                        55.5803955
                    ],
                    [
                        37.4687097,
                        55.5797648
                    ],
                    [
                        37.4693105,
                        55.5790249
                    ]
                ]
            }
        },
        {
            "id": "284",
            "type": "Feature",
            "properties":
            {
                "admin_level": null,
                "index_right": null,
                "lanes": 1,
                "lanes_length": 5727.321793019502,
                "length": 5727.321793019502,
                "name": "Москва",
                "place": null,
                "population": 12655050.0,
                "short_name": "Москва",
                "type": null
            },
            "geometry":
            {
                "type": "LineString",
                "coordinates":
                [
                    [
                        37.7531433,
                        55.7069737
                    ],
                    [
                        37.7903685,
                        55.702051
                    ],
                    [
                        37.79446,
                        55.7011873
                    ],
                    [
                        37.8345859,
                        55.6855749
                    ]
                ]
            }
        },
        {
            "id": "285",
            "type": "Feature",
            "properties":
            {
                "admin_level": null,
                "index_right": null,
                "lanes": 1,
                "lanes_length": 144.81978548622445,
                "length": 144.81978548622445,
                "name": "Москва",
                "place": null,
                "population": 12655050.0,
                "short_name": "Москва",
                "type": null
            },
            "geometry":
            {
                "type": "LineString",
                "coordinates":
                [
                    [
                        37.7893209,
                        55.7019198
                    ],
                    [
                        37.7915418,
                        55.7015571
                    ]
                ]
            }
        },
        {
            "id": "286",
            "type": "Feature",
            "properties":
            {
                "admin_level": null,
                "index_right": null,
                "lanes": 1,
                "lanes_length": 239.14652303754153,
                "length": 239.14652303754153,
                "name": "Москва",
                "place": null,
                "population": 12655050.0,
                "short_name": "Москва",
                "type": null
            },
            "geometry":
            {
                "type": "LineString",
                "coordinates":
                [
                    [
                        37.7927971,
                        55.7012366
                    ],
                    [
                        37.7962518,
                        55.7003237
                    ]
                ]
            }
        },
        {
            "id": "287",
            "type": "Feature",
            "properties":
            {
                "admin_level": null,
                "index_right": null,
                "lanes": 1,
                "lanes_length": 1856.4657097901884,
                "length": 1856.4657097901884,
                "name": "Москва",
                "place": null,
                "population": 12655050.0,
                "short_name": "Москва",
                "type": null
            },
            "geometry":
            {
                "type": "LineString",
                "coordinates":
                [
                    [
                        37.674222,
                        55.7302154
                    ],
                    [
                        37.6767111,
                        55.7289226
                    ],
                    [
                        37.6991129,
                        55.721237
                    ]
                ]
            }
        },
        {
            "id": "288",
            "type": "Feature",
            "properties":
            {
                "admin_level": null,
                "index_right": null,
                "lanes": 1,
                "lanes_length": 221.60433049680313,
                "length": 221.60433049680313,
                "name": "Москва",
                "place": null,
                "population": 12655050.0,
                "short_name": "Москва",
                "type": null
            },
            "geometry":
            {
                "type": "LineString",
                "coordinates":
                [
                    [
                        37.5466589,
                        55.9271403
                    ],
                    [
                        37.547013,
                        55.9291118
                    ]
                ]
            }
        },
        {
            "id": "289",
            "type": "Feature",
            "properties":
            {
                "admin_level": null,
                "index_right": null,
                "lanes": 1,
                "lanes_length": 473.76152663746325,
                "length": 473.76152663746325,
                "name": "Москва",
                "place": null,
                "population": 12655050.0,
                "short_name": "Москва",
                "type": null
            },
            "geometry":
            {
                "type": "LineString",
                "coordinates":
                [
                    [
                        37.545433,
                        55.923648
                    ],
                    [
                        37.5436091,
                        55.9211593
                    ],
                    [
                        37.5433087,
                        55.9196202
                    ]
                ]
            }
        },
        {
            "id": "290",
            "type": "Feature",
            "properties":
            {
                "admin_level": null,
                "index_right": null,
                "lanes": 1,
                "lanes_length": 241.29210234133703,
                "length": 241.29210234133703,
                "name": "Москва",
                "place": null,
                "population": 12655050.0,
                "short_name": "Москва",
                "type": null
            },
            "geometry":
            {
                "type": "LineString",
                "coordinates":
                [
                    [
                        37.547528,
                        55.9274288
                    ],
                    [
                        37.5480215,
                        55.9295686
                    ]
                ]
            }
        },
        {
            "id": "291",
            "type": "Feature",
            "properties":
            {
                "admin_level": null,
                "index_right": null,
                "lanes": 1,
                "lanes_length": 74.3741125526947,
                "length": 74.3741125526947,
                "name": "Москва",
                "place": null,
                "population": 12655050.0,
                "short_name": "Москва",
                "type": null
            },
            "geometry":
            {
                "type": "LineString",
                "coordinates":
                [
                    [
                        37.6258343,
                        55.7598194
                    ],
                    [
                        37.6246863,
                        55.7596444
                    ]
                ]
            }
        },
        {
            "id": "292",
            "type": "Feature",
            "properties":
            {
                "admin_level": null,
                "index_right": null,
                "lanes": 1,
                "lanes_length": 335.0015464954519,
                "length": 335.0015464954519,
                "name": "Москва",
                "place": null,
                "population": 12655050.0,
                "short_name": "Москва",
                "type": null
            },
            "geometry":
            {
                "type": "LineString",
                "coordinates":
                [
                    [
                        37.7774495,
                        55.6725304
                    ],
                    [
                        37.7759261,
                        55.6738856
                    ],
                    [
                        37.7741558,
                        55.6748657
                    ]
                ]
            }
        },
        {
            "id": "293",
            "type": "Feature",
            "properties":
            {
                "admin_level": null,
                "index_right": null,
                "lanes": 1,
                "lanes_length": 364.6709222992846,
                "length": 364.6709222992846,
                "name": "Москва",
                "place": null,
                "population": 12655050.0,
                "short_name": "Москва",
                "type": null
            },
            "geometry":
            {
                "type": "LineString",
                "coordinates":
                [
                    [
                        37.6594859,
                        55.7391465
                    ],
                    [
                        37.6571202,
                        55.7405689
                    ],
                    [
                        37.6553043,
                        55.7414099
                    ]
                ]
            }
        },
        {
            "id": "294",
            "type": "Feature",
            "properties":
            {
                "admin_level": null,
                "index_right": null,
                "lanes": 1,
                "lanes_length": 317.7587331729356,
                "length": 317.7587331729356,
                "name": "Москва",
                "place": null,
                "population": 12655050.0,
                "short_name": "Москва",
                "type": null
            },
            "geometry":
            {
                "type": "LineString",
                "coordinates":
                [
                    [
                        37.6431727,
                        55.651545
                    ],
                    [
                        37.6466005,
                        55.6530734
                    ],
                    [
                        37.6471103,
                        55.6533337
                    ]
                ]
            }
        },
        {
            "id": "295",
            "type": "Feature",
            "properties":
            {
                "admin_level": null,
                "index_right": null,
                "lanes": 1,
                "lanes_length": 96.42752330330461,
                "length": 96.42752330330461,
                "name": "Москва",
                "place": null,
                "population": 12655050.0,
                "short_name": "Москва",
                "type": null
            },
            "geometry":
            {
                "type": "LineString",
                "coordinates":
                [
                    [
                        37.6483208,
                        55.6542566
                    ],
                    [
                        37.6473498,
                        55.6535877
                    ]
                ]
            }
        },
        {
            "id": "296",
            "type": "Feature",
            "properties":
            {
                "admin_level": null,
                "index_right": null,
                "lanes": 1,
                "lanes_length": 421.0043099349135,
                "length": 421.0043099349135,
                "name": "Москва",
                "place": null,
                "population": 12655050.0,
                "short_name": "Москва",
                "type": null
            },
            "geometry":
            {
                "type": "LineString",
                "coordinates":
                [
                    [
                        37.6517343,
                        55.7719385
                    ],
                    [
                        37.649374,
                        55.7717696
                    ],
                    [
                        37.648639,
                        55.7715071
                    ],
                    [
                        37.6465094,
                        55.7699651
                    ]
                ]
            }
        },
        {
            "id": "297",
            "type": "Feature",
            "properties":
            {
                "admin_level": null,
                "index_right": null,
                "lanes": 1,
                "lanes_length": 465.6757411416246,
                "length": 465.6757411416246,
                "name": "Москва",
                "place": null,
                "population": 12655050.0,
                "short_name": "Москва",
                "type": null
            },
            "geometry":
            {
                "type": "LineString",
                "coordinates":
                [
                    [
                        37.5885426,
                        55.7925547
                    ],
                    [
                        37.5890629,
                        55.7935197
                    ],
                    [
                        37.5888162,
                        55.7936796
                    ],
                    [
                        37.5871532,
                        55.7937339
                    ],
                    [
                        37.5846373,
                        55.7951784
                    ]
                ]
            }
        },
        {
            "id": "298",
            "type": "Feature",
            "properties":
            {
                "admin_level": null,
                "index_right": null,
                "lanes": 1,
                "lanes_length": 199.00271406990313,
                "length": 199.00271406990313,
                "name": "Москва",
                "place": null,
                "population": 12655050.0,
                "short_name": "Москва",
                "type": null
            },
            "geometry":
            {
                "type": "LineString",
                "coordinates":
                [
                    [
                        37.5862252,
                        55.7932604
                    ],
                    [
                        37.5866543,
                        55.7934715
                    ],
                    [
                        37.5868743,
                        55.7934655
                    ],
                    [
                        37.5878559,
                        55.7928683
                    ],
                    [
                        37.5881295,
                        55.7929286
                    ],
                    [
                        37.5884889,
                        55.7932302
                    ]
                ]
            }
        },
        {
            "id": "299",
            "type": "Feature",
            "properties":
            {
                "admin_level": null,
                "index_right": null,
                "lanes": 1,
                "lanes_length": 129.46586567161793,
                "length": 129.46586567161793,
                "name": "Москва",
                "place": null,
                "population": 12655050.0,
                "short_name": "Москва",
                "type": null
            },
            "geometry":
            {
                "type": "LineString",
                "coordinates":
                [
                    [
                        37.5862121,
                        55.7933711
                    ],
                    [
                        37.5846672,
                        55.7925991
                    ]
                ]
            }
        },
        {
            "id": "300",
            "type": "Feature",
            "properties":
            {
                "admin_level": null,
                "index_right": null,
                "lanes": 1,
                "lanes_length": 137.21271628479818,
                "length": 137.21271628479818,
                "name": "Москва",
                "place": null,
                "population": 12655050.0,
                "short_name": "Москва",
                "type": null
            },
            "geometry":
            {
                "type": "LineString",
                "coordinates":
                [
                    [
                        37.6213084,
                        55.7028596
                    ],
                    [
                        37.6211731,
                        55.7016349
                    ]
                ]
            }
        },
        {
            "id": "301",
            "type": "Feature",
            "properties":
            {
                "admin_level": null,
                "index_right": null,
                "lanes": 1,
                "lanes_length": 230.78673494316106,
                "length": 230.78673494316106,
                "name": "Москва",
                "place": null,
                "population": 12655050.0,
                "short_name": "Москва",
                "type": null
            },
            "geometry":
            {
                "type": "LineString",
                "coordinates":
                [
                    [
                        37.6210066,
                        55.707962
                    ],
                    [
                        37.621189,
                        55.7059007
                    ]
                ]
            }
        },
        {
            "id": "302",
            "type": "Feature",
            "properties":
            {
                "admin_level": null,
                "index_right": null,
                "lanes": 1,
                "lanes_length": 190.42259391684874,
                "length": 190.42259391684874,
                "name": "Москва",
                "place": null,
                "population": 12655050.0,
                "short_name": "Москва",
                "type": null
            },
            "geometry":
            {
                "type": "LineString",
                "coordinates":
                [
                    [
                        37.7301157,
                        55.7089639
                    ],
                    [
                        37.730223,
                        55.7082144
                    ],
                    [
                        37.7304805,
                        55.7076099
                    ],
                    [
                        37.7307594,
                        55.7073197
                    ]
                ]
            }
        },
        {
            "id": "303",
            "type": "Feature",
            "properties":
            {
                "admin_level": null,
                "index_right": null,
                "lanes": 1,
                "lanes_length": 403.81791663378914,
                "length": 403.81791663378914,
                "name": "Москва",
                "place": null,
                "population": 12655050.0,
                "short_name": "Москва",
                "type": null
            },
            "geometry":
            {
                "type": "LineString",
                "coordinates":
                [
                    [
                        37.6257491,
                        55.6628936
                    ],
                    [
                        37.632165,
                        55.6625547
                    ]
                ]
            }
        },
        {
            "id": "304",
            "type": "Feature",
            "properties":
            {
                "admin_level": null,
                "index_right": null,
                "lanes": 1,
                "lanes_length": 90.79245513078627,
                "length": 90.79245513078627,
                "name": "Москва",
                "place": null,
                "population": 12655050.0,
                "short_name": "Москва",
                "type": null
            },
            "geometry":
            {
                "type": "LineString",
                "coordinates":
                [
                    [
                        37.4829054,
                        55.739832
                    ],
                    [
                        37.4836057,
                        55.7391208
                    ]
                ]
            }
        },
        {
            "id": "305",
            "type": "Feature",
            "properties":
            {
                "admin_level": null,
                "index_right": null,
                "lanes": 1,
                "lanes_length": 45.09931541239304,
                "length": 45.09931541239304,
                "name": "Москва",
                "place": null,
                "population": 12655050.0,
                "short_name": "Москва",
                "type": null
            },
            "geometry":
            {
                "type": "LineString",
                "coordinates":
                [
                    [
                        37.6188349,
                        55.6626769
                    ],
                    [
                        37.6192265,
                        55.6626103
                    ],
                    [
                        37.6194197,
                        55.6624741
                    ]
                ]
            }
        },
        {
            "id": "306",
            "type": "Feature",
            "properties":
            {
                "admin_level": null,
                "index_right": null,
                "lanes": 1,
                "lanes_length": 118.28321199674073,
                "length": 118.28321199674073,
                "name": "Москва",
                "place": null,
                "population": 12655050.0,
                "short_name": "Москва",
                "type": null
            },
            "geometry":
            {
                "type": "LineString",
                "coordinates":
                [
                    [
                        37.6308858,
                        55.6645503
                    ],
                    [
                        37.6312292,
                        55.6644293
                    ],
                    [
                        37.631948,
                        55.6638968
                    ],
                    [
                        37.6320553,
                        55.6637455
                    ]
                ]
            }
        },
        {
            "id": "307",
            "type": "Feature",
            "properties":
            {
                "admin_level": null,
                "index_right": null,
                "lanes": 1,
                "lanes_length": 69.08332765556237,
                "length": 69.08332765556237,
                "name": "Москва",
                "place": null,
                "population": 12655050.0,
                "short_name": "Москва",
                "type": null
            },
            "geometry":
            {
                "type": "LineString",
                "coordinates":
                [
                    [
                        37.673083,
                        55.7390024
                    ],
                    [
                        37.6719887,
                        55.7390869
                    ]
                ]
            }
        },
        {
            "id": "308",
            "type": "Feature",
            "properties":
            {
                "admin_level": null,
                "index_right": null,
                "lanes": 1,
                "lanes_length": 136.76755386681674,
                "length": 136.76755386681674,
                "name": "Москва",
                "place": null,
                "population": 12655050.0,
                "short_name": "Москва",
                "type": null
            },
            "geometry":
            {
                "type": "LineString",
                "coordinates":
                [
                    [
                        37.6255158,
                        55.7261676
                    ],
                    [
                        37.6251738,
                        55.7268639
                    ],
                    [
                        37.625084,
                        55.7273623
                    ]
                ]
            }
        },
        {
            "id": "309",
            "type": "Feature",
            "properties":
            {
                "admin_level": null,
                "index_right": null,
                "lanes": 1,
                "lanes_length": 1093.019020176075,
                "length": 1093.019020176075,
                "name": "Москва",
                "place": null,
                "population": 12655050.0,
                "short_name": "Москва",
                "type": null
            },
            "geometry":
            {
                "type": "LineString",
                "coordinates":
                [
                    [
                        37.8194227,
                        55.7713813
                    ],
                    [
                        37.8356018,
                        55.7750986
                    ]
                ]
            }
        },
        {
            "id": "310",
            "type": "Feature",
            "properties":
            {
                "admin_level": null,
                "index_right": null,
                "lanes": 1,
                "lanes_length": 445.2707765963157,
                "length": 445.2707765963157,
                "name": "Москва",
                "place": null,
                "population": 12655050.0,
                "short_name": "Москва",
                "type": null
            },
            "geometry":
            {
                "type": "LineString",
                "coordinates":
                [
                    [
                        37.6179183,
                        55.7780474
                    ],
                    [
                        37.618503,
                        55.776216
                    ],
                    [
                        37.618798,
                        55.7741011
                    ]
                ]
            }
        },
        {
            "id": "311",
            "type": "Feature",
            "properties":
            {
                "admin_level": null,
                "index_right": null,
                "lanes": 1,
                "lanes_length": 317.8587075027749,
                "length": 317.8587075027749,
                "name": "Москва",
                "place": null,
                "population": 12655050.0,
                "short_name": "Москва",
                "type": null
            },
            "geometry":
            {
                "type": "LineString",
                "coordinates":
                [
                    [
                        37.5684311,
                        55.7450675
                    ],
                    [
                        37.5679591,
                        55.7442945
                    ],
                    [
                        37.564719,
                        55.7433886
                    ]
                ]
            }
        },
        {
            "id": "312",
            "type": "Feature",
            "properties":
            {
                "admin_level": null,
                "index_right": null,
                "lanes": 1,
                "lanes_length": 337.52104953006824,
                "length": 337.52104953006824,
                "name": "Москва",
                "place": null,
                "population": 12655050.0,
                "short_name": "Москва",
                "type": null
            },
            "geometry":
            {
                "type": "LineString",
                "coordinates":
                [
                    [
                        37.5694826,
                        55.7422472
                    ],
                    [
                        37.5683882,
                        55.7429236
                    ],
                    [
                        37.5681951,
                        55.7437328
                    ],
                    [
                        37.569032,
                        55.7449346
                    ]
                ]
            }
        },
        {
            "id": "313",
            "type": "Feature",
            "properties":
            {
                "admin_level": null,
                "index_right": null,
                "lanes": 1,
                "lanes_length": 921.4064214522186,
                "length": 921.4064214522186,
                "name": "Москва",
                "place": null,
                "population": 12655050.0,
                "short_name": "Москва",
                "type": null
            },
            "geometry":
            {
                "type": "LineString",
                "coordinates":
                [
                    [
                        37.5678992,
                        55.7455332
                    ],
                    [
                        37.5585865,
                        55.7466202
                    ],
                    [
                        37.5533831,
                        55.7463665
                    ]
                ]
            }
        },
        {
            "id": "314",
            "type": "Feature",
            "properties":
            {
                "admin_level": null,
                "index_right": null,
                "lanes": 1,
                "lanes_length": 132.2395087105415,
                "length": 132.2395087105415,
                "name": "Москва",
                "place": null,
                "population": 12655050.0,
                "short_name": "Москва",
                "type": null
            },
            "geometry":
            {
                "type": "LineString",
                "coordinates":
                [
                    [
                        37.1739438,
                        55.9789595
                    ],
                    [
                        37.1733161,
                        55.9792656
                    ],
                    [
                        37.1722272,
                        55.9796528
                    ]
                ]
            }
        },
        {
            "id": "315",
            "type": "Feature",
            "properties":
            {
                "admin_level": null,
                "index_right": null,
                "lanes": 1,
                "lanes_length": 87.05116547025524,
                "length": 87.05116547025524,
                "name": "Москва",
                "place": null,
                "population": 12655050.0,
                "short_name": "Москва",
                "type": null
            },
            "geometry":
            {
                "type": "LineString",
                "coordinates":
                [
                    [
                        37.1720688,
                        55.9796496
                    ],
                    [
                        37.1731605,
                        55.9791619
                    ]
                ]
            }
        },
        {
            "id": "316",
            "type": "Feature",
            "properties":
            {
                "admin_level": null,
                "index_right": null,
                "lanes": 1,
                "lanes_length": 636.4745219683216,
                "length": 636.4745219683216,
                "name": "Москва",
                "place": null,
                "population": 12655050.0,
                "short_name": "Москва",
                "type": null
            },
            "geometry":
            {
                "type": "LineString",
                "coordinates":
                [
                    [
                        37.4071369,
                        55.7595002
                    ],
                    [
                        37.4077162,
                        55.7551172
                    ],
                    [
                        37.4078021,
                        55.7541029
                    ],
                    [
                        37.4076733,
                        55.7538312
                    ]
                ]
            }
        },
        {
            "id": "317",
            "type": "Feature",
            "properties":
            {
                "admin_level": null,
                "index_right": null,
                "lanes": 1,
                "lanes_length": 381.73222777433625,
                "length": 381.73222777433625,
                "name": "Москва",
                "place": null,
                "population": 12655050.0,
                "short_name": "Москва",
                "type": null
            },
            "geometry":
            {
                "type": "LineString",
                "coordinates":
                [
                    [
                        37.4840915,
                        55.6485783
                    ],
                    [
                        37.4838056,
                        55.6491403
                    ],
                    [
                        37.4839773,
                        55.6497699
                    ],
                    [
                        37.4867952,
                        55.6512904
                    ]
                ]
            }
        },
        {
            "id": "318",
            "type": "Feature",
            "properties":
            {
                "admin_level": null,
                "index_right": null,
                "lanes": 1,
                "lanes_length": 316.0510235512077,
                "length": 316.0510235512077,
                "name": "Москва",
                "place": null,
                "population": 12655050.0,
                "short_name": "Москва",
                "type": null
            },
            "geometry":
            {
                "type": "LineString",
                "coordinates":
                [
                    [
                        37.6340295,
                        55.7960182
                    ],
                    [
                        37.6339865,
                        55.7950653
                    ],
                    [
                        37.6332439,
                        55.7932389
                    ]
                ]
            }
        },
        {
            "id": "319",
            "type": "Feature",
            "properties":
            {
                "admin_level": null,
                "index_right": null,
                "lanes": 1,
                "lanes_length": 220.31796359915688,
                "length": 220.31796359915688,
                "name": "Москва",
                "place": null,
                "population": 12655050.0,
                "short_name": "Москва",
                "type": null
            },
            "geometry":
            {
                "type": "LineString",
                "coordinates":
                [
                    [
                        37.638187,
                        55.8711501
                    ],
                    [
                        37.6376505,
                        55.8730972
                    ]
                ]
            }
        },
        {
            "id": "320",
            "type": "Feature",
            "properties":
            {
                "admin_level": null,
                "index_right": null,
                "lanes": 1,
                "lanes_length": 1096.013973564562,
                "length": 1096.013973564562,
                "name": "Москва",
                "place": null,
                "population": 12655050.0,
                "short_name": "Москва",
                "type": null
            },
            "geometry":
            {
                "type": "LineString",
                "coordinates":
                [
                    [
                        37.6702094,
                        55.6202906
                    ],
                    [
                        37.66639,
                        55.6180247
                    ],
                    [
                        37.658987,
                        55.6155163
                    ],
                    [
                        37.6584184,
                        55.6156071
                    ],
                    [
                        37.6573937,
                        55.6169917
                    ]
                ]
            }
        },
        {
            "id": "321",
            "type": "Feature",
            "properties":
            {
                "admin_level": null,
                "index_right": null,
                "lanes": 1,
                "lanes_length": 143.90604759608672,
                "length": 143.90604759608672,
                "name": "Москва",
                "place": null,
                "population": 12655050.0,
                "short_name": "Москва",
                "type": null
            },
            "geometry":
            {
                "type": "LineString",
                "coordinates":
                [
                    [
                        37.5288133,
                        55.6980799
                    ],
                    [
                        37.5304333,
                        55.6989929
                    ]
                ]
            }
        },
        {
            "id": "322",
            "type": "Feature",
            "properties":
            {
                "admin_level": null,
                "index_right": null,
                "lanes": 1,
                "lanes_length": 173.9083997706796,
                "length": 173.9083997706796,
                "name": "Москва",
                "place": null,
                "population": 12655050.0,
                "short_name": "Москва",
                "type": null
            },
            "geometry":
            {
                "type": "LineString",
                "coordinates":
                [
                    [
                        37.5223331,
                        55.7017015
                    ],
                    [
                        37.5243179,
                        55.7027897
                    ]
                ]
            }
        },
        {
            "id": "323",
            "type": "Feature",
            "properties":
            {
                "admin_level": null,
                "index_right": null,
                "lanes": 1,
                "lanes_length": 300.3776550469415,
                "length": 300.3776550469415,
                "name": "Москва",
                "place": null,
                "population": 12655050.0,
                "short_name": "Москва",
                "type": null
            },
            "geometry":
            {
                "type": "LineString",
                "coordinates":
                [
                    [
                        37.5786924,
                        55.7916313
                    ],
                    [
                        37.5834668,
                        55.791957
                    ]
                ]
            }
        },
        {
            "id": "324",
            "type": "Feature",
            "properties":
            {
                "admin_level": null,
                "index_right": null,
                "lanes": 1,
                "lanes_length": 324.94768290635443,
                "length": 324.94768290635443,
                "name": "Москва",
                "place": null,
                "population": 12655050.0,
                "short_name": "Москва",
                "type": null
            },
            "geometry":
            {
                "type": "LineString",
                "coordinates":
                [
                    [
                        37.5636378,
                        55.7206092
                    ],
                    [
                        37.5589814,
                        55.7218963
                    ]
                ]
            }
        },
        {
            "id": "325",
            "type": "Feature",
            "properties":
            {
                "admin_level": null,
                "index_right": null,
                "lanes": 1,
                "lanes_length": 980.7214633538109,
                "length": 980.7214633538109,
                "name": "Москва",
                "place": null,
                "population": 12655050.0,
                "short_name": "Москва",
                "type": null
            },
            "geometry":
            {
                "type": "LineString",
                "coordinates":
                [
                    [
                        37.5558814,
                        55.7226091
                    ],
                    [
                        37.5637135,
                        55.7203733
                    ],
                    [
                        37.5697323,
                        55.7185061
                    ]
                ]
            }
        },
        {
            "id": "326",
            "type": "Feature",
            "properties":
            {
                "admin_level": null,
                "index_right": null,
                "lanes": 1,
                "lanes_length": 281.6867946978065,
                "length": 281.6867946978065,
                "name": "Москва",
                "place": null,
                "population": 12655050.0,
                "short_name": "Москва",
                "type": null
            },
            "geometry":
            {
                "type": "LineString",
                "coordinates":
                [
                    [
                        37.6660003,
                        55.7323251
                    ],
                    [
                        37.6653673,
                        55.7320109
                    ],
                    [
                        37.6642408,
                        55.7316666
                    ],
                    [
                        37.6620521,
                        55.7311531
                    ]
                ]
            }
        },
        {
            "id": "327",
            "type": "Feature",
            "properties":
            {
                "admin_level": null,
                "index_right": null,
                "lanes": 1,
                "lanes_length": 163.55086597590363,
                "length": 163.55086597590363,
                "name": "Москва",
                "place": null,
                "population": 12655050.0,
                "short_name": "Москва",
                "type": null
            },
            "geometry":
            {
                "type": "LineString",
                "coordinates":
                [
                    [
                        37.6942913,
                        55.7190279
                    ],
                    [
                        37.6949565,
                        55.7191246
                    ],
                    [
                        37.6966839,
                        55.719602
                    ]
                ]
            }
        },
        {
            "id": "328",
            "type": "Feature",
            "properties":
            {
                "admin_level": null,
                "index_right": null,
                "lanes": 1,
                "lanes_length": 64.48110418505001,
                "length": 64.48110418505001,
                "name": "Москва",
                "place": null,
                "population": 12655050.0,
                "short_name": "Москва",
                "type": null
            },
            "geometry":
            {
                "type": "LineString",
                "coordinates":
                [
                    [
                        37.6999649,
                        55.7207093
                    ],
                    [
                        37.6990369,
                        55.7204585
                    ]
                ]
            }
        },
        {
            "id": "329",
            "type": "Feature",
            "properties":
            {
                "admin_level": null,
                "index_right": null,
                "lanes": 1,
                "lanes_length": 102.95008751274392,
                "length": 102.95008751274392,
                "name": "Москва",
                "place": null,
                "population": 12655050.0,
                "short_name": "Москва",
                "type": null
            },
            "geometry":
            {
                "type": "LineString",
                "coordinates":
                [
                    [
                        37.532872,
                        55.7077948
                    ],
                    [
                        37.5316704,
                        55.7071661
                    ]
                ]
            }
        },
        {
            "id": "330",
            "type": "Feature",
            "properties":
            {
                "admin_level": null,
                "index_right": null,
                "lanes": 1,
                "lanes_length": 78.1406802922671,
                "length": 78.1406802922671,
                "name": "Москва",
                "place": null,
                "population": 12655050.0,
                "short_name": "Москва",
                "type": null
            },
            "geometry":
            {
                "type": "LineString",
                "coordinates":
                [
                    [
                        37.539159,
                        55.704192
                    ],
                    [
                        37.5382793,
                        55.7036962
                    ]
                ]
            }
        },
        {
            "id": "331",
            "type": "Feature",
            "properties":
            {
                "admin_level": null,
                "index_right": null,
                "lanes": 1,
                "lanes_length": 375.0524954951784,
                "length": 375.0524954951784,
                "name": "Москва",
                "place": null,
                "population": 12655050.0,
                "short_name": "Москва",
                "type": null
            },
            "geometry":
            {
                "type": "LineString",
                "coordinates":
                [
                    [
                        37.4189992,
                        55.6235936
                    ],
                    [
                        37.4187847,
                        55.6221639
                    ],
                    [
                        37.4188812,
                        55.6219155
                    ],
                    [
                        37.4191494,
                        55.6217398
                    ],
                    [
                        37.4195571,
                        55.6216793
                    ],
                    [
                        37.4216814,
                        55.6217944
                    ]
                ]
            }
        },
        {
            "id": "332",
            "type": "Feature",
            "properties":
            {
                "admin_level": null,
                "index_right": null,
                "lanes": 1,
                "lanes_length": 375.3690981536277,
                "length": 375.3690981536277,
                "name": "Москва",
                "place": null,
                "population": 12655050.0,
                "short_name": "Москва",
                "type": null
            },
            "geometry":
            {
                "type": "LineString",
                "coordinates":
                [
                    [
                        37.4262412,
                        55.6227364
                    ],
                    [
                        37.4226899,
                        55.6200345
                    ]
                ]
            }
        },
        {
            "id": "333",
            "type": "Feature",
            "properties":
            {
                "admin_level": null,
                "index_right": null,
                "lanes": 1,
                "lanes_length": 547.0852669778543,
                "length": 547.0852669778543,
                "name": "Москва",
                "place": null,
                "population": 12655050.0,
                "short_name": "Москва",
                "type": null
            },
            "geometry":
            {
                "type": "LineString",
                "coordinates":
                [
                    [
                        37.4207802,
                        55.6187985
                    ],
                    [
                        37.4199219,
                        55.6212158
                    ],
                    [
                        37.4199541,
                        55.6214703
                    ],
                    [
                        37.4202116,
                        55.6215733
                    ],
                    [
                        37.4211879,
                        55.621652
                    ],
                    [
                        37.4232264,
                        55.6207736
                    ]
                ]
            }
        },
        {
            "id": "334",
            "type": "Feature",
            "properties":
            {
                "admin_level": null,
                "index_right": null,
                "lanes": 1,
                "lanes_length": 244.72385846860365,
                "length": 244.72385846860365,
                "name": "Москва",
                "place": null,
                "population": 12655050.0,
                "short_name": "Москва",
                "type": null
            },
            "geometry":
            {
                "type": "LineString",
                "coordinates":
                [
                    [
                        37.5644543,
                        55.7853106
                    ],
                    [
                        37.564347,
                        55.7849728
                    ],
                    [
                        37.5623407,
                        55.7835068
                    ]
                ]
            }
        },
        {
            "id": "335",
            "type": "Feature",
            "properties":
            {
                "admin_level": null,
                "index_right": null,
                "lanes": 1,
                "lanes_length": 226.96434352545893,
                "length": 226.96434352545893,
                "name": "Москва",
                "place": null,
                "population": 12655050.0,
                "short_name": "Москва",
                "type": null
            },
            "geometry":
            {
                "type": "LineString",
                "coordinates":
                [
                    [
                        37.7367574,
                        55.6994189
                    ],
                    [
                        37.733174,
                        55.6991105
                    ]
                ]
            }
        },
        {
            "id": "336",
            "type": "Feature",
            "properties":
            {
                "admin_level": null,
                "index_right": null,
                "lanes": 1,
                "lanes_length": 151.257317764338,
                "length": 151.257317764338,
                "name": "Москва",
                "place": null,
                "population": 12655050.0,
                "short_name": "Москва",
                "type": null
            },
            "geometry":
            {
                "type": "LineString",
                "coordinates":
                [
                    [
                        37.7455823,
                        55.7098852
                    ],
                    [
                        37.7455823,
                        55.7097553
                    ],
                    [
                        37.7453838,
                        55.7095891
                    ],
                    [
                        37.7438712,
                        55.7090151
                    ]
                ]
            }
        },
        {
            "id": "337",
            "type": "Feature",
            "properties":
            {
                "admin_level": null,
                "index_right": null,
                "lanes": 1,
                "lanes_length": 269.52009617241663,
                "length": 269.52009617241663,
                "name": "Москва",
                "place": null,
                "population": 12655050.0,
                "short_name": "Москва",
                "type": null
            },
            "geometry":
            {
                "type": "LineString",
                "coordinates":
                [
                    [
                        37.6791651,
                        55.8872482
                    ],
                    [
                        37.6770086,
                        55.8874587
                    ],
                    [
                        37.6748735,
                        55.8875129
                    ]
                ]
            }
        },
        {
            "id": "338",
            "type": "Feature",
            "properties":
            {
                "admin_level": null,
                "index_right": null,
                "lanes": 1,
                "lanes_length": 376.7566590777561,
                "length": 376.7566590777561,
                "name": "Москва",
                "place": null,
                "population": 12655050.0,
                "short_name": "Москва",
                "type": null
            },
            "geometry":
            {
                "type": "LineString",
                "coordinates":
                [
                    [
                        37.6857975,
                        55.8859966
                    ],
                    [
                        37.6844672,
                        55.8865863
                    ],
                    [
                        37.6834372,
                        55.886857
                    ],
                    [
                        37.6802722,
                        55.8871519
                    ]
                ]
            }
        },
        {
            "id": "339",
            "type": "Feature",
            "properties":
            {
                "admin_level": null,
                "index_right": null,
                "lanes": 1,
                "lanes_length": 366.1546345388834,
                "length": 366.1546345388834,
                "name": "Москва",
                "place": null,
                "population": 12655050.0,
                "short_name": "Москва",
                "type": null
            },
            "geometry":
            {
                "type": "LineString",
                "coordinates":
                [
                    [
                        37.6548328,
                        55.7059245
                    ],
                    [
                        37.6506325,
                        55.7036455
                    ]
                ]
            }
        },
        {
            "id": "340",
            "type": "Feature",
            "properties":
            {
                "admin_level": null,
                "index_right": null,
                "lanes": 1,
                "lanes_length": 89.88328665750717,
                "length": 89.88328665750717,
                "name": "Москва",
                "place": null,
                "population": 12655050.0,
                "short_name": "Москва",
                "type": null
            },
            "geometry":
            {
                "type": "LineString",
                "coordinates":
                [
                    [
                        37.430917,
                        55.8758984
                    ],
                    [
                        37.429651,
                        55.8762836
                    ]
                ]
            }
        },
        {
            "id": "341",
            "type": "Feature",
            "properties":
            {
                "admin_level": null,
                "index_right": null,
                "lanes": 1,
                "lanes_length": 94.07361752706765,
                "length": 94.07361752706765,
                "name": "Москва",
                "place": null,
                "population": 12655050.0,
                "short_name": "Москва",
                "type": null
            },
            "geometry":
            {
                "type": "LineString",
                "coordinates":
                [
                    [
                        37.4274295,
                        55.8769749
                    ],
                    [
                        37.4261421,
                        55.8774143
                    ]
                ]
            }
        },
        {
            "id": "342",
            "type": "Feature",
            "properties":
            {
                "admin_level": null,
                "index_right": null,
                "lanes": 1,
                "lanes_length": 104.32792940947373,
                "length": 104.32792940947373,
                "name": "Москва",
                "place": null,
                "population": 12655050.0,
                "short_name": "Москва",
                "type": null
            },
            "geometry":
            {
                "type": "LineString",
                "coordinates":
                [
                    [
                        37.429232,
                        55.8761685
                    ],
                    [
                        37.4306911,
                        55.875711
                    ]
                ]
            }
        },
        {
            "id": "343",
            "type": "Feature",
            "properties":
            {
                "admin_level": null,
                "index_right": null,
                "lanes": 1,
                "lanes_length": 1458.0229431424177,
                "length": 1458.0229431424177,
                "name": "Москва",
                "place": null,
                "population": 12655050.0,
                "short_name": "Москва",
                "type": null
            },
            "geometry":
            {
                "type": "LineString",
                "coordinates":
                [
                    [
                        37.6154522,
                        55.8065522
                    ],
                    [
                        37.6161281,
                        55.7935203
                    ]
                ]
            }
        },
        {
            "id": "344",
            "type": "Feature",
            "properties":
            {
                "admin_level": null,
                "index_right": null,
                "lanes": 1,
                "lanes_length": 844.4636847515685,
                "length": 844.4636847515685,
                "name": "Москва",
                "place": null,
                "population": 12655050.0,
                "short_name": "Москва",
                "type": null
            },
            "geometry":
            {
                "type": "LineString",
                "coordinates":
                [
                    [
                        37.5460649,
                        55.7001314
                    ],
                    [
                        37.5555063,
                        55.694738
                    ]
                ]
            }
        },
        {
            "id": "345",
            "type": "Feature",
            "properties":
            {
                "admin_level": null,
                "index_right": null,
                "lanes": 1,
                "lanes_length": 399.1568412213253,
                "length": 399.1568412213253,
                "name": "Москва",
                "place": null,
                "population": 12655050.0,
                "short_name": "Москва",
                "type": null
            },
            "geometry":
            {
                "type": "LineString",
                "coordinates":
                [
                    [
                        37.5764179,
                        55.7728679
                    ],
                    [
                        37.5818805,
                        55.7747187
                    ]
                ]
            }
        },
        {
            "id": "346",
            "type": "Feature",
            "properties":
            {
                "admin_level": null,
                "index_right": null,
                "lanes": 1,
                "lanes_length": 66.01748692202081,
                "length": 66.01748692202081,
                "name": "Москва",
                "place": null,
                "population": 12655050.0,
                "short_name": "Москва",
                "type": null
            },
            "geometry":
            {
                "type": "LineString",
                "coordinates":
                [
                    [
                        37.5843001,
                        55.7757863
                    ],
                    [
                        37.5849975,
                        55.7762298
                    ]
                ]
            }
        },
        {
            "id": "347",
            "type": "Feature",
            "properties":
            {
                "admin_level": null,
                "index_right": null,
                "lanes": 1,
                "lanes_length": 53.81887810247132,
                "length": 53.81887810247132,
                "name": "Москва",
                "place": null,
                "population": 12655050.0,
                "short_name": "Москва",
                "type": null
            },
            "geometry":
            {
                "type": "LineString",
                "coordinates":
                [
                    [
                        37.1448663,
                        55.9892979
                    ],
                    [
                        37.1446249,
                        55.98976
                    ]
                ]
            }
        },
        {
            "id": "348",
            "type": "Feature",
            "properties":
            {
                "admin_level": null,
                "index_right": null,
                "lanes": 1,
                "lanes_length": 426.8921088403612,
                "length": 426.8921088403612,
                "name": "Москва",
                "place": null,
                "population": 12655050.0,
                "short_name": "Москва",
                "type": null
            },
            "geometry":
            {
                "type": "LineString",
                "coordinates":
                [
                    [
                        37.5949362,
                        55.7923761
                    ],
                    [
                        37.5934127,
                        55.7924123
                    ],
                    [
                        37.5892928,
                        55.7923912
                    ],
                    [
                        37.5881395,
                        55.792557
                    ]
                ]
            }
        },
        {
            "id": "349",
            "type": "Feature",
            "properties":
            {
                "admin_level": null,
                "index_right": null,
                "lanes": 1,
                "lanes_length": 139.5236548182299,
                "length": 139.5236548182299,
                "name": "Москва",
                "place": null,
                "population": 12655050.0,
                "short_name": "Москва",
                "type": null
            },
            "geometry":
            {
                "type": "LineString",
                "coordinates":
                [
                    [
                        37.8077335,
                        55.559981
                    ],
                    [
                        37.8057782,
                        55.5605725
                    ]
                ]
            }
        }
    ]
}