{
"type": "FeatureCollection",
"crs": { "type": "name", "properties": { "name": "urn:ogc:def:crs:OGC:1.3:CRS84" } },
"features": [
{ "type": "Feature", "properties": { "admin_level": "6", "index_right": 310.0, "lanes": 2, "length": 9768.1217686372929, "name": "городской округ Казань", "place": null, "population": 1257341.0, "short_name": "Казань", "lanes_length": 19536.243537274586 }, "geometry": { "type": "LineString", "coordinates": [ [ 49.1796541, 55.7343596 ], [ 49.2177531, 55.7551305 ], [ 49.2190453, 55.7574011 ], [ 49.2193071, 55.7921067 ], [ 49.2186659, 55.794474 ], [ 49.201026, 55.8096742 ] ] } },
{ "type": "Feature", "properties": { "admin_level": "6", "index_right": 310.0, "lanes": 2, "length": 1572.3287888479592, "name": "городской округ Казань", "place": null, "population": 1257341.0, "short_name": "Казань", "lanes_length": 3144.6575776959185 }, "geometry": { "type": "LineString", "coordinates": [ [ 49.2007685, 55.8098189 ], [ 49.1979361, 55.8117964 ], [ 49.1963053, 55.812351 ], [ 49.1820574, 55.8152929 ], [ 49.179697, 55.8167758 ] ] } },
{ "type": "Feature", "properties": { "admin_level": "6", "index_right": 310.0, "lanes": 2, "length": 478.41743710052219, "name": "городской округ Казань", "place": null, "population": 1257341.0, "short_name": "Казань", "lanes_length": 956.83487420104439 }, "geometry": { "type": "LineString", "coordinates": [ [ 49.0701771, 55.8007985 ], [ 49.0743828, 55.803681 ], [ 49.0747047, 55.8042116 ] ] } },
{ "type": "Feature", "properties": { "admin_level": "6", "index_right": 310.0, "lanes": 2, "length": 1437.5122772122222, "name": "городской округ Казань", "place": null, "population": 1257341.0, "short_name": "Казань", "lanes_length": 2875.0245544244444 }, "geometry": { "type": "LineString", "coordinates": [ [ 49.07022, 55.8006659 ], [ 49.075048, 55.7986517 ], [ 49.0792966, 55.7978194 ], [ 49.09127, 55.7958292 ] ] } },
{ "type": "Feature", "properties": { "admin_level": "6", "index_right": 310.0, "lanes": 2, "length": 5838.4602758448327, "name": "городской округ Казань", "place": null, "population": 1257341.0, "short_name": "Казань", "lanes_length": 11676.920551689665 }, "geometry": { "type": "LineString", "coordinates": [ [ 49.179697, 55.8167758 ], [ 49.1754913, 55.8197052 ], [ 49.1493988, 55.8271785 ], [ 49.095851, 55.8270071 ], [ 49.0919137, 55.8267326 ] ] } },
{ "type": "Feature", "properties": { "admin_level": "6", "index_right": 310.0, "lanes": 2, "length": 2674.0361180392783, "name": "городской округ Казань", "place": null, "population": 1257341.0, "short_name": "Казань", "lanes_length": 5348.0722360785567 }, "geometry": { "type": "LineString", "coordinates": [ [ 49.1850078, 55.802282 ], [ 49.1804695, 55.7999543 ], [ 49.1715431, 55.7938027 ], [ 49.1573811, 55.7923068 ], [ 49.1493988, 55.7929583 ] ] } },
{ "type": "Feature", "properties": { "admin_level": "6", "index_right": 310.0, "lanes": 2, "length": 2545.4286242661065, "name": "городской округ Казань", "place": null, "population": 1257341.0, "short_name": "Казань", "lanes_length": 5090.8572485322129 }, "geometry": { "type": "LineString", "coordinates": [ [ 49.1492701, 55.7930427 ], [ 49.1471672, 55.7936579 ], [ 49.142704, 55.7945264 ], [ 49.1094875, 55.7975782 ] ] } },
{ "type": "Feature", "properties": { "admin_level": "6", "index_right": 310.0, "lanes": 2, "length": 3893.0854891751501, "name": "городской округ Казань", "place": null, "population": 1257341.0, "short_name": "Казань", "lanes_length": 7786.1709783503002 }, "geometry": { "type": "LineString", "coordinates": [ [ 49.1850078, 55.802282 ], [ 49.1855286, 55.8031438 ], [ 49.1799545, 55.8145936 ], [ 49.1861321, 55.8239832 ], [ 49.1919582, 55.8302266 ], [ 49.1924307, 55.8313174 ], [ 49.1928174, 55.8330712 ], [ 49.1931827, 55.8339391 ], [ 49.1941166, 55.835036 ] ] } },
{ "type": "Feature", "properties": { "admin_level": "6", "index_right": 310.0, "lanes": 2, "length": 2062.3836776163512, "name": "городской округ Казань", "place": null, "population": 1257341.0, "short_name": "Казань", "lanes_length": 4124.7673552327024 }, "geometry": { "type": "LineString", "coordinates": [ [ 49.2042661, 55.7526705 ], [ 49.1813278, 55.7659274 ] ] } },
{ "type": "Feature", "properties": { "admin_level": "6", "index_right": 310.0, "lanes": 2, "length": 3225.2616073286681, "name": "городской округ Казань", "place": null, "population": 1257341.0, "short_name": "Казань", "lanes_length": 6450.5232146573362 }, "geometry": { "type": "LineString", "coordinates": [ [ 49.1813278, 55.7659274 ], [ 49.1789246, 55.7674483 ], [ 49.1756415, 55.7713592 ], [ 49.1747618, 55.7762351 ], [ 49.1709423, 55.7816414 ], [ 49.1714573, 55.7934167 ] ] } },
{ "type": "Feature", "properties": { "admin_level": "6", "index_right": 310.0, "lanes": 2, "length": 1128.4878387798947, "name": "городской округ Казань", "place": null, "population": 1257341.0, "short_name": "Казань", "lanes_length": 2256.9756775597893 }, "geometry": { "type": "LineString", "coordinates": [ [ 49.2122912, 55.7479608 ], [ 49.2247152, 55.7406413 ] ] } },
{ "type": "Feature", "properties": { "admin_level": "6", "index_right": 310.0, "lanes": 2, "length": 509.06339840223205, "name": "городской округ Казань", "place": null, "population": 1257341.0, "short_name": "Казань", "lanes_length": 1018.1267968044641 }, "geometry": { "type": "LineString", "coordinates": [ [ 49.1478539, 55.8192592 ], [ 49.1396999, 55.8193918 ] ] } },
{ "type": "Feature", "properties": { "admin_level": "6", "index_right": 310.0, "lanes": 2, "length": 1814.7563526922868, "name": "городской округ Казань", "place": null, "population": 1257341.0, "short_name": "Казань", "lanes_length": 3629.5127053845736 }, "geometry": { "type": "LineString", "coordinates": [ [ 49.1266108, 55.8193918 ], [ 49.1041231, 55.8193918 ], [ 49.0980077, 55.8180175 ] ] } },
{ "type": "Feature", "properties": { "admin_level": "6", "index_right": 310.0, "lanes": 2, "length": 1153.6242815637672, "name": "городской округ Казань", "place": null, "population": 1257341.0, "short_name": "Казань", "lanes_length": 2307.2485631275345 }, "geometry": { "type": "LineString", "coordinates": [ [ 49.1336918, 55.8323849 ], [ 49.1339278, 55.8426992 ] ] } },
{ "type": "Feature", "properties": { "admin_level": "6", "index_right": 310.0, "lanes": 2, "length": 1667.4491257218478, "name": "городской округ Казань", "place": null, "population": 1257341.0, "short_name": "Казань", "lanes_length": 3334.8982514436957 }, "geometry": { "type": "LineString", "coordinates": [ [ 49.1339064, 55.8118687 ], [ 49.1344643, 55.8106992 ], [ 49.1358376, 55.8093487 ], [ 49.1376615, 55.808384 ], [ 49.1475105, 55.8055984 ], [ 49.1496993, 55.8040005 ], [ 49.1513729, 55.8016066 ] ] } },
{ "type": "Feature", "properties": { "admin_level": "6", "index_right": 310.0, "lanes": 2, "length": 2830.7969794704104, "name": "городской округ Казань", "place": null, "population": 1257341.0, "short_name": "Казань", "lanes_length": 5661.5939589408208 }, "geometry": { "type": "LineString", "coordinates": [ [ 49.1514802, 55.8013895 ], [ 49.1545272, 55.7963961 ], [ 49.1548061, 55.7941646 ], [ 49.1527462, 55.7919449 ], [ 49.1512011, 55.7868416 ], [ 49.1499138, 55.784489 ], [ 49.1469955, 55.7811587 ], [ 49.1463089, 55.7787935 ], [ 49.1453218, 55.7773333 ] ] } },
{ "type": "Feature", "properties": { "admin_level": "6", "index_right": 310.0, "lanes": 2, "length": 1573.1074907211814, "name": "городской округ Казань", "place": null, "population": 1257341.0, "short_name": "Казань", "lanes_length": 3146.2149814423628 }, "geometry": { "type": "LineString", "coordinates": [ [ 49.1452575, 55.7772488 ], [ 49.1363525, 55.7712385 ], [ 49.126997, 55.7677863 ] ] } },
{ "type": "Feature", "properties": { "admin_level": "6", "index_right": 310.0, "lanes": 2, "length": 4866.8601383202304, "name": "городской округ Казань", "place": null, "population": 1257341.0, "short_name": "Казань", "lanes_length": 9733.7202766404607 }, "geometry": { "type": "LineString", "coordinates": [ [ 49.1503859, 55.7633681 ], [ 49.1546774, 55.7588045 ], [ 49.1633463, 55.7520426 ], [ 49.1633892, 55.747381 ], [ 49.1644621, 55.7465356 ], [ 49.1674232, 55.7460042 ], [ 49.171586, 55.7444341 ], [ 49.175455, 55.7438028 ], [ 49.176574, 55.7432697 ], [ 49.1773909, 55.7399592 ], [ 49.1786798, 55.7384365 ], [ 49.1868014, 55.7333565 ], [ 49.1916275, 55.7292851 ] ] } },
{ "type": "Feature", "properties": { "admin_level": "6", "index_right": 310.0, "lanes": 2, "length": 928.99291524677301, "name": "городской округ Казань", "place": null, "population": 1257341.0, "short_name": "Казань", "lanes_length": 1857.985830493546 }, "geometry": { "type": "LineString", "coordinates": [ [ 49.1763068, 55.7437577 ], [ 49.1780018, 55.7442893 ], [ 49.1907907, 55.7452916 ] ] } },
{ "type": "Feature", "properties": { "admin_level": "6", "index_right": 310.0, "lanes": 2, "length": 1253.9896483478542, "name": "городской округ Казань", "place": null, "population": 1257341.0, "short_name": "Казань", "lanes_length": 2507.9792966957084 }, "geometry": { "type": "LineString", "coordinates": [ [ 49.1399145, 55.7729282 ], [ 49.1423607, 55.7717937 ], [ 49.1454077, 55.7690658 ], [ 49.1504288, 55.763513 ] ] } },
{ "type": "Feature", "properties": { "admin_level": "6", "index_right": 310.0, "lanes": 2, "length": 1093.5184072764253, "name": "городской округ Казань", "place": null, "population": 1257341.0, "short_name": "Казань", "lanes_length": 2187.0368145528505 }, "geometry": { "type": "LineString", "coordinates": [ [ 49.1207957, 55.7859127 ], [ 49.1339064, 55.7794331 ] ] } },
{ "type": "Feature", "properties": { "admin_level": "6", "index_right": 310.0, "lanes": 2, "length": 1737.7994121363377, "name": "городской округ Казань", "place": null, "population": 1257341.0, "short_name": "Казань", "lanes_length": 3475.5988242726753 }, "geometry": { "type": "LineString", "coordinates": [ [ 49.235487, 55.7761868 ], [ 49.2362165, 55.7808691 ], [ 49.2356586, 55.7820758 ], [ 49.2301226, 55.7877949 ], [ 49.2285562, 55.7885308 ], [ 49.2267323, 55.7887842 ], [ 49.2251229, 55.7887842 ] ] } },
{ "type": "Feature", "properties": { "admin_level": "6", "index_right": 310.0, "lanes": 2, "length": 1040.0237697474556, "name": "городской округ Казань", "place": null, "population": 1257341.0, "short_name": "Казань", "lanes_length": 2080.0475394949112 }, "geometry": { "type": "LineString", "coordinates": [ [ 49.043076, 55.8247077 ], [ 49.054985, 55.8191868 ], [ 49.056015, 55.8188614 ] ] } },
{ "type": "Feature", "properties": { "admin_level": "6", "index_right": 310.0, "lanes": 2, "length": 2105.7521713493979, "name": "городской округ Казань", "place": null, "population": 1257341.0, "short_name": "Казань", "lanes_length": 4211.5043426987959 }, "geometry": { "type": "LineString", "coordinates": [ [ 48.892808, 55.8501439 ], [ 48.9256382, 55.8457351 ] ] } },
{ "type": "Feature", "properties": { "admin_level": "6", "index_right": 310.0, "lanes": 2, "length": 252.9152262949045, "name": "городской округ Казань", "place": null, "population": 1257341.0, "short_name": "Казань", "lanes_length": 505.830452589809 }, "geometry": { "type": "LineString", "coordinates": [ [ 48.9622235, 55.8383979 ], [ 48.966043, 55.8376387 ] ] } },
{ "type": "Feature", "properties": { "admin_level": "6", "index_right": 310.0, "lanes": 2, "length": 1041.6507177913766, "name": "городской округ Казань", "place": null, "population": 1257341.0, "short_name": "Казань", "lanes_length": 2083.3014355827531 }, "geometry": { "type": "LineString", "coordinates": [ [ 49.0251052, 55.8268411 ], [ 49.0397501, 55.8251416 ], [ 49.041456, 55.8249608 ] ] } },
{ "type": "Feature", "properties": { "admin_level": "6", "index_right": 310.0, "lanes": 2, "length": 4112.9054471530808, "name": "городской округ Казань", "place": null, "population": 1257341.0, "short_name": "Казань", "lanes_length": 8225.8108943061616 }, "geometry": { "type": "LineString", "coordinates": [ [ 49.0427971, 55.8255635 ], [ 49.0430975, 55.8278776 ], [ 49.0497923, 55.8310593 ], [ 49.0573883, 55.8329392 ], [ 49.0843391, 55.8335659 ], [ 49.0900898, 55.834795 ], [ 49.1014194, 55.836 ] ] } },
{ "type": "Feature", "properties": { "admin_level": "6", "index_right": 310.0, "lanes": 2, "length": 3683.4783930944905, "name": "городской округ Казань", "place": null, "population": 1257341.0, "short_name": "Казань", "lanes_length": 7366.9567861889809 }, "geometry": { "type": "LineString", "coordinates": [ [ 49.1014194, 55.836 ], [ 49.160471, 55.8359518 ] ] } },
{ "type": "Feature", "properties": { "admin_level": "6", "index_right": 310.0, "lanes": 2, "length": 560.90598889078001, "name": "городской округ Казань", "place": null, "population": 1257341.0, "short_name": "Казань", "lanes_length": 1121.81197778156 }, "geometry": { "type": "LineString", "coordinates": [ [ 49.1521239, 55.7879578 ], [ 49.160943, 55.7870107 ] ] } },
{ "type": "Feature", "properties": { "admin_level": "6", "index_right": 310.0, "lanes": 2, "length": 1914.8963096652221, "name": "городской округ Казань", "place": null, "population": 1257341.0, "short_name": "Казань", "lanes_length": 3829.7926193304443 }, "geometry": { "type": "LineString", "coordinates": [ [ 49.1611362, 55.7869986 ], [ 49.1646123, 55.786697 ], [ 49.1711783, 55.7874209 ], [ 49.1801262, 55.7854422 ], [ 49.1895676, 55.782486 ] ] } },
{ "type": "Feature", "properties": { "admin_level": "6", "index_right": 310.0, "lanes": 2, "length": 412.84273666739199, "name": "городской округ Казань", "place": null, "population": 1257341.0, "short_name": "Казань", "lanes_length": 825.68547333478398 }, "geometry": { "type": "LineString", "coordinates": [ [ 49.2071199, 55.7824136 ], [ 49.2137289, 55.7823895 ] ] } },
{ "type": "Feature", "properties": { "admin_level": "6", "index_right": 310.0, "lanes": 2, "length": 605.14564541858203, "name": "городской округ Казань", "place": null, "population": 1257341.0, "short_name": "Казань", "lanes_length": 1210.2912908371641 }, "geometry": { "type": "LineString", "coordinates": [ [ 49.2284489, 55.7812552 ], [ 49.2312384, 55.7783591 ], [ 49.2316675, 55.7770799 ], [ 49.2317104, 55.7762592 ] ] } },
{ "type": "Feature", "properties": { "admin_level": "6", "index_right": 310.0, "lanes": 2, "length": 3331.7240566792088, "name": "городской округ Казань", "place": null, "population": 1257341.0, "short_name": "Казань", "lanes_length": 6663.4481133584177 }, "geometry": { "type": "LineString", "coordinates": [ [ 49.2178059, 55.7454003 ], [ 49.2301226, 55.7521875 ], [ 49.2311525, 55.7533951 ], [ 49.2315817, 55.7721799 ] ] } },
{ "type": "Feature", "properties": { "admin_level": "6", "index_right": 310.0, "lanes": 2, "length": 1012.3053116796824, "name": "городской округ Казань", "place": null, "population": 1257341.0, "short_name": "Казань", "lanes_length": 2024.6106233593648 }, "geometry": { "type": "LineString", "coordinates": [ [ 49.0848541, 55.8589723 ], [ 49.0842533, 55.8499271 ] ] } },
{ "type": "Feature", "properties": { "admin_level": "6", "index_right": 310.0, "lanes": 2, "length": 2779.6222674374062, "name": "городской округ Казань", "place": null, "population": 1257341.0, "short_name": "Казань", "lanes_length": 5559.2445348748124 }, "geometry": { "type": "LineString", "coordinates": [ [ 49.0863562, 55.8423618 ], [ 49.0977287, 55.8183309 ] ] } },
{ "type": "Feature", "properties": { "admin_level": "6", "index_right": 310.0, "lanes": 2, "length": 1605.2368691553204, "name": "городской округ Казань", "place": null, "population": 1257341.0, "short_name": "Казань", "lanes_length": 3210.4737383106408 }, "geometry": { "type": "LineString", "coordinates": [ [ 49.1032434, 55.7962273 ], [ 49.109745, 55.7903043 ], [ 49.1183281, 55.7846579 ] ] } },
{ "type": "Feature", "properties": { "admin_level": "6", "index_right": 310.0, "lanes": 2, "length": 1451.9345263586229, "name": "городской округ Казань", "place": null, "population": 1257341.0, "short_name": "Казань", "lanes_length": 2903.8690527172457 }, "geometry": { "type": "LineString", "coordinates": [ [ 49.1024709, 55.8090593 ], [ 49.1018915, 55.8043442 ], [ 49.1014624, 55.8027041 ], [ 49.1022992, 55.8006056 ], [ 49.1018808, 55.7983381 ], [ 49.102385, 55.797144 ], [ 49.103179, 55.7963117 ] ] } },
{ "type": "Feature", "properties": { "admin_level": "6", "index_right": 310.0, "lanes": 2, "length": 4297.3579059241711, "name": "городской округ Казань", "place": null, "population": 1257341.0, "short_name": "Казань", "lanes_length": 8594.7158118483421 }, "geometry": { "type": "LineString", "coordinates": [ [ 49.1025352, 55.8093849 ], [ 49.1027069, 55.8113141 ], [ 49.0980077, 55.8180175 ], [ 49.09554, 55.8191748 ], [ 49.0914631, 55.8198017 ], [ 49.0878153, 55.8220679 ], [ 49.0861416, 55.8249608 ], [ 49.0822367, 55.828341 ], [ 49.0800478, 55.8321549 ], [ 49.0811632, 55.84062 ], [ 49.0842533, 55.8424823 ] ] } },
{ "type": "Feature", "properties": { "admin_level": "6", "index_right": 310.0, "lanes": 2, "length": 2117.0478050490537, "name": "городской округ Казань", "place": null, "population": 1257341.0, "short_name": "Казань", "lanes_length": 4234.0956100981075 }, "geometry": { "type": "LineString", "coordinates": [ [ 49.188838, 55.7603741 ], [ 49.1890097, 55.7512456 ], [ 49.1896534, 55.7498447 ], [ 49.1916704, 55.7424049 ], [ 49.1923141, 55.741656 ] ] } },
{ "type": "Feature", "properties": { "admin_level": "6", "index_right": 310.0, "lanes": 2, "length": 539.56431112212397, "name": "городской округ Казань", "place": null, "population": 1257341.0, "short_name": "Казань", "lanes_length": 1079.1286222442479 }, "geometry": { "type": "LineString", "coordinates": [ [ 49.1197658, 55.7920053 ], [ 49.1127276, 55.7948039 ] ] } },
{ "type": "Feature", "properties": { "admin_level": "6", "index_right": 310.0, "lanes": 2, "length": 1344.5182117666629, "name": "городской округ Казань", "place": null, "population": 1257341.0, "short_name": "Казань", "lanes_length": 2689.0364235333259 }, "geometry": { "type": "LineString", "coordinates": [ [ 49.1054535, 55.7750765 ], [ 49.1185534, 55.7846157 ] ] } },
{ "type": "Feature", "properties": { "admin_level": "6", "index_right": 310.0, "lanes": 2, "length": 1340.3834570473675, "name": "городской округ Казань", "place": null, "population": 1257341.0, "short_name": "Казань", "lanes_length": 2680.7669140947351 }, "geometry": { "type": "LineString", "coordinates": [ [ 49.1189504, 55.7848751 ], [ 49.1237783, 55.7882292 ], [ 49.1247654, 55.7907506 ], [ 49.1256237, 55.7958291 ] ] } },
{ "type": "Feature", "properties": { "admin_level": "6", "index_right": 310.0, "lanes": 1, "length": 865.76550175061311, "name": "городской округ Казань", "place": null, "population": 1257341.0, "short_name": "Казань", "lanes_length": 865.76550175061311 }, "geometry": { "type": "LineString", "coordinates": [ [ 49.1282737, 55.7781358 ], [ 49.1270077, 55.7788116 ], [ 49.1238856, 55.7817379 ], [ 49.1198945, 55.7842477 ] ] } },
{ "type": "Feature", "properties": { "admin_level": "6", "index_right": 310.0, "lanes": 1, "length": 1126.347899009332, "name": "городской округ Казань", "place": null, "population": 1257341.0, "short_name": "Казань", "lanes_length": 1126.347899009332 }, "geometry": { "type": "LineString", "coordinates": [ [ 49.1253448, 55.7944058 ], [ 49.1325545, 55.7938268 ], [ 49.1413951, 55.7931875 ], [ 49.1423607, 55.7933322 ], [ 49.1429186, 55.793682 ] ] } },
{ "type": "Feature", "properties": { "admin_level": "6", "index_right": 310.0, "lanes": 1, "length": 447.65210697305724, "name": "городской округ Казань", "place": null, "population": 1257341.0, "short_name": "Казань", "lanes_length": 447.65210697305724 }, "geometry": { "type": "LineString", "coordinates": [ [ 49.0864205, 55.8639577 ], [ 49.0882874, 55.8678227 ] ] } },
{ "type": "Feature", "properties": { "admin_level": "6", "index_right": 310.0, "lanes": 1, "length": 1059.8187557120602, "name": "городской округ Казань", "place": null, "population": 1257341.0, "short_name": "Казань", "lanes_length": 1059.8187557120602 }, "geometry": { "type": "LineString", "coordinates": [ [ 49.0878153, 55.8481444 ], [ 49.0987587, 55.8553954 ] ] } },
{ "type": "Feature", "properties": { "admin_level": "6", "index_right": 392.0, "lanes": 2, "length": 687.84226338485121, "name": "Пермский городской округ", "place": null, "population": 1049199.0, "short_name": "Пермь", "lanes_length": 1375.6845267697024 }, "geometry": { "type": "LineString", "coordinates": [ [ 56.2472534, 58.0025667 ], [ 56.2524247, 57.9970575 ] ] } },
{ "type": "Feature", "properties": { "admin_level": "6", "index_right": 392.0, "lanes": 2, "length": 1768.0425042487864, "name": "Пермский городской округ", "place": null, "population": 1049199.0, "short_name": "Пермь", "lanes_length": 3536.0850084975727 }, "geometry": { "type": "LineString", "coordinates": [ [ 56.2617803, 57.968264 ], [ 56.2589965, 57.9788401 ], [ 56.2588918, 57.9822848 ], [ 56.2581861, 57.9839093 ] ] } },
{ "type": "Feature", "properties": { "admin_level": "6", "index_right": 392.0, "lanes": 2, "length": 1042.2097630257344, "name": "Пермский городской округ", "place": null, "population": 1049199.0, "short_name": "Пермь", "lanes_length": 2084.4195260514689 }, "geometry": { "type": "LineString", "coordinates": [ [ 56.2382115, 58.0035715 ], [ 56.2471808, 58.0025482 ], [ 56.2546695, 58.0047084 ] ] } },
{ "type": "Feature", "properties": { "admin_level": "6", "index_right": 392.0, "lanes": 2, "length": 3422.2111350828154, "name": "Пермский городской округ", "place": null, "population": 1049199.0, "short_name": "Пермь", "lanes_length": 6844.4222701656308 }, "geometry": { "type": "LineString", "coordinates": [ [ 56.0474771, 57.9387479 ], [ 56.1010738, 57.9505435 ] ] } },
{ "type": "Feature", "properties": { "admin_level": "6", "index_right": 392.0, "lanes": 2, "length": 1532.993736844765, "name": "Пермский городской округ", "place": null, "population": 1049199.0, "short_name": "Пермь", "lanes_length": 3065.9874736895299 }, "geometry": { "type": "LineString", "coordinates": [ [ 56.2619518, 57.9662177 ], [ 56.262338, 57.9642145 ], [ 56.2650417, 57.9605947 ], [ 56.2650846, 57.9528077 ] ] } },
{ "type": "Feature", "properties": { "admin_level": "6", "index_right": 392.0, "lanes": 1, "length": 725.65609373686789, "name": "Пермский городской округ", "place": null, "population": 1049199.0, "short_name": "Пермь", "lanes_length": 725.65609373686789 }, "geometry": { "type": "LineString", "coordinates": [ [ 56.2319112, 58.0039027 ], [ 56.2376189, 58.0048236 ], [ 56.2433588, 58.0062732 ] ] } },
{ "type": "Feature", "properties": { "admin_level": "6", "index_right": 392.0, "lanes": 1, "length": 1888.3146016441663, "name": "Пермский городской округ", "place": null, "population": 1049199.0, "short_name": "Пермь", "lanes_length": 1888.3146016441663 }, "geometry": { "type": "LineString", "coordinates": [ [ 56.190412, 58.0382564 ], [ 56.2166119, 58.0298046 ], [ 56.2170839, 58.0291229 ] ] } },
{ "type": "Feature", "properties": { "admin_level": "6", "index_right": 392.0, "lanes": 1, "length": 533.04972342132783, "name": "Пермский городской округ", "place": null, "population": 1049199.0, "short_name": "Пермь", "lanes_length": 533.04972342132783 }, "geometry": { "type": "LineString", "coordinates": [ [ 56.2713504, 57.9990703 ], [ 56.2708997, 57.9986466 ], [ 56.2638295, 57.996995 ], [ 56.263454, 57.9970689 ] ] } },
{ "type": "Feature", "properties": { "admin_level": "6", "index_right": 392.0, "lanes": 1, "length": 252.85755642539215, "name": "Пермский городской округ", "place": null, "population": 1049199.0, "short_name": "Пермь", "lanes_length": 252.85755642539215 }, "geometry": { "type": "LineString", "coordinates": [ [ 56.2542165, 57.9955052 ], [ 56.2581218, 57.9964491 ] ] } },
{ "type": "Feature", "properties": { "admin_level": "6", "index_right": 392.0, "lanes": 1, "length": 680.51427553807991, "name": "Пермский городской округ", "place": null, "population": 1049199.0, "short_name": "Пермь", "lanes_length": 680.51427553807991 }, "geometry": { "type": "LineString", "coordinates": [ [ 56.1793131, 58.0014752 ], [ 56.1884058, 57.997717 ] ] } },
{ "type": "Feature", "properties": { "admin_level": "6", "index_right": 392.0, "lanes": 1, "length": 120.73538853680557, "name": "Пермский городской округ", "place": null, "population": 1049199.0, "short_name": "Пермь", "lanes_length": 120.73538853680557 }, "geometry": { "type": "LineString", "coordinates": [ [ 56.1779827, 58.0006508 ], [ 56.1792594, 58.0014951 ] ] } },
{ "type": "Feature", "properties": { "admin_level": "6", "index_right": 392.0, "lanes": 1, "length": 538.537413132236, "name": "Пермский городской округ", "place": null, "population": 1049199.0, "short_name": "Пермь", "lanes_length": 538.537413132236 }, "geometry": { "type": "LineString", "coordinates": [ [ 56.1939096, 58.0041812 ], [ 56.1930192, 58.0041528 ], [ 56.1886203, 58.0044029 ], [ 56.1873436, 58.0045337 ], [ 56.1866891, 58.0046815 ], [ 56.1851764, 58.0047611 ], [ 56.1849296, 58.0046644 ] ] } },
{ "type": "Feature", "properties": { "admin_level": "6", "index_right": 392.0, "lanes": 1, "length": 351.66910704703633, "name": "Пермский городской округ", "place": null, "population": 1049199.0, "short_name": "Пермь", "lanes_length": 351.66910704703633 }, "geometry": { "type": "LineString", "coordinates": [ [ 56.2878513, 57.9946239 ], [ 56.2874436, 57.9977569 ] ] } },
{ "type": "Feature", "properties": { "admin_level": "6", "index_right": 392.0, "lanes": 1, "length": 458.13890684246167, "name": "Пермский городской округ", "place": null, "population": 1049199.0, "short_name": "Пермь", "lanes_length": 458.13890684246167 }, "geometry": { "type": "LineString", "coordinates": [ [ 56.2433588, 58.0062732 ], [ 56.2469423, 58.0026406 ] ] } },
{ "type": "Feature", "properties": { "admin_level": "6", "index_right": 392.0, "lanes": 1, "length": 395.00996644338636, "name": "Пермский городской округ", "place": null, "population": 1049199.0, "short_name": "Пермь", "lanes_length": 395.00996644338636 }, "geometry": { "type": "LineString", "coordinates": [ [ 56.2301731, 58.0038231 ], [ 56.2237787, 58.0027429 ] ] } },
{ "type": "Feature", "properties": { "admin_level": "6", "index_right": 392.0, "lanes": 1, "length": 60.736935850339428, "name": "Пермский городской округ", "place": null, "population": 1049199.0, "short_name": "Пермь", "lanes_length": 60.736935850339428 }, "geometry": { "type": "LineString", "coordinates": [ [ 56.1950684, 58.0043688 ], [ 56.1959481, 58.0040846 ] ] } },
{ "type": "Feature", "properties": { "admin_level": "6", "index_right": 392.0, "lanes": 1, "length": 247.69913417437385, "name": "Пермский городской округ", "place": null, "population": 1049199.0, "short_name": "Пермь", "lanes_length": 247.69913417437385 }, "geometry": { "type": "LineString", "coordinates": [ [ 56.1014171, 57.9504866 ], [ 56.1053278, 57.9513007 ] ] } },
{ "type": "Feature", "properties": { "admin_level": "6", "index_right": 392.0, "lanes": 1, "length": 299.19290556876837, "name": "Пермский городской округ", "place": null, "population": 1049199.0, "short_name": "Пермь", "lanes_length": 299.19290556876837 }, "geometry": { "type": "LineString", "coordinates": [ [ 56.0426251, 57.9375949 ], [ 56.0473457, 57.9385801 ] ] } },
{ "type": "Feature", "properties": { "admin_level": "6", "index_right": 392.0, "lanes": 1, "length": 1105.7925695312974, "name": "Пермский городской округ", "place": null, "population": 1049199.0, "short_name": "Пермь", "lanes_length": 1105.7925695312974 }, "geometry": { "type": "LineString", "coordinates": [ [ 56.2262726, 57.9850206 ], [ 56.227839, 57.9849751 ], [ 56.2359032, 57.9858797 ], [ 56.2384996, 57.9857773 ], [ 56.2435851, 57.9852029 ], [ 56.2447545, 57.985146 ] ] } },
{ "type": "Feature", "properties": { "admin_level": "6", "index_right": 392.0, "lanes": 1, "length": 364.57534062953607, "name": "Пермский городской округ", "place": null, "population": 1049199.0, "short_name": "Пермь", "lanes_length": 364.57534062953607 }, "geometry": { "type": "LineString", "coordinates": [ [ 56.2262891, 58.0108722 ], [ 56.2243472, 58.013964 ] ] } },
{ "type": "Feature", "properties": { "admin_level": "6", "index_right": 392.0, "lanes": 1, "length": 59.84094332245261, "name": "Пермский городской округ", "place": null, "population": 1049199.0, "short_name": "Пермь", "lanes_length": 59.84094332245261 }, "geometry": { "type": "LineString", "coordinates": [ [ 56.2472347, 58.0027656 ], [ 56.2468002, 58.0032488 ] ] } },
{ "type": "Feature", "properties": { "admin_level": "6", "index_right": 392.0, "lanes": 1, "length": 47.832898060723892, "name": "Пермский городской округ", "place": null, "population": 1049199.0, "short_name": "Пермь", "lanes_length": 47.832898060723892 }, "geometry": { "type": "LineString", "coordinates": [ [ 56.2533353, 57.9961365 ], [ 56.2530872, 57.9961849 ], [ 56.2527935, 57.9961757 ], [ 56.2525681, 57.9961138 ] ] } },
{ "type": "Feature", "properties": { "admin_level": "6", "index_right": 392.0, "lanes": 1, "length": 197.27950795703362, "name": "Пермский городской округ", "place": null, "population": 1049199.0, "short_name": "Пермь", "lanes_length": 197.27950795703362 }, "geometry": { "type": "LineString", "coordinates": [ [ 56.1981289, 57.975671 ], [ 56.1970345, 57.975368 ], [ 56.1966161, 57.9753623 ], [ 56.1954601, 57.9755359 ], [ 56.195149, 57.9755444 ], [ 56.194988, 57.9754989 ] ] } },
{ "type": "Feature", "properties": { "admin_level": "6", "index_right": 392.0, "lanes": 1, "length": 1004.2352481140169, "name": "Пермский городской округ", "place": null, "population": 1049199.0, "short_name": "Пермь", "lanes_length": 1004.2352481140169 }, "geometry": { "type": "LineString", "coordinates": [ [ 56.1678421, 58.0395106 ], [ 56.1764251, 58.040192 ], [ 56.1842572, 58.0418049 ] ] } },
{ "type": "Feature", "properties": { "admin_level": "6", "index_right": 294.0, "lanes": 2, "length": 1008.5050920390983, "name": "городской округ Самара", "place": null, "population": 1144759.0, "short_name": "Самара", "lanes_length": 2017.0101840781965 }, "geometry": { "type": "LineString", "coordinates": [ [ 50.2671289, 53.215953 ], [ 50.2758837, 53.2085771 ] ] } },
{ "type": "Feature", "properties": { "admin_level": "6", "index_right": 294.0, "lanes": 1, "length": 147.88729095728402, "name": "городской округ Самара", "place": null, "population": 1144759.0, "short_name": "Самара", "lanes_length": 147.88729095728402 }, "geometry": { "type": "LineString", "coordinates": [ [ 50.1236523, 53.1949657 ], [ 50.1228127, 53.193738 ] ] } },
{ "type": "Feature", "properties": { "admin_level": "6", "index_right": 294.0, "lanes": 1, "length": 561.39096883218281, "name": "городской округ Самара", "place": null, "population": 1144759.0, "short_name": "Самара", "lanes_length": 561.39096883218281 }, "geometry": { "type": "LineString", "coordinates": [ [ 50.2238688, 53.251427 ], [ 50.229877, 53.2549574 ] ] } },
{ "type": "Feature", "properties": { "admin_level": "6", "index_right": 294.0, "lanes": 1, "length": 247.83000838833584, "name": "городской округ Самара", "place": null, "population": 1144759.0, "short_name": "Самара", "lanes_length": 247.83000838833584 }, "geometry": { "type": "LineString", "coordinates": [ [ 50.2314756, 53.255933 ], [ 50.2340612, 53.2575312 ] ] } },
{ "type": "Feature", "properties": { "admin_level": "6", "index_right": 294.0, "lanes": 1, "length": 277.1226254980993, "name": "городской округ Самара", "place": null, "population": 1144759.0, "short_name": "Самара", "lanes_length": 277.1226254980993 }, "geometry": { "type": "LineString", "coordinates": [ [ 50.2349946, 53.2580895 ], [ 50.2379129, 53.2598609 ] ] } },
{ "type": "Feature", "properties": { "admin_level": "6", "index_right": 294.0, "lanes": 1, "length": 493.35767146834269, "name": "городской округ Самара", "place": null, "population": 1144759.0, "short_name": "Самара", "lanes_length": 493.35767146834269 }, "geometry": { "type": "LineString", "coordinates": [ [ 50.2656507, 53.2747307 ], [ 50.2683006, 53.2761678 ], [ 50.2713799, 53.2775278 ] ] } },
{ "type": "Feature", "properties": { "admin_level": "6", "index_right": 294.0, "lanes": 1, "length": 188.4781647980675, "name": "городской округ Самара", "place": null, "population": 1144759.0, "short_name": "Самара", "lanes_length": 188.4781647980675 }, "geometry": { "type": "LineString", "coordinates": [ [ 50.2732789, 53.2784324 ], [ 50.2757036, 53.2793048 ] ] } },
{ "type": "Feature", "properties": { "admin_level": "6", "index_right": 294.0, "lanes": 1, "length": 289.93640110083777, "name": "городской округ Самара", "place": null, "population": 1144759.0, "short_name": "Самара", "lanes_length": 289.93640110083777 }, "geometry": { "type": "LineString", "coordinates": [ [ 50.2879479, 53.3016801 ], [ 50.287111, 53.2991282 ] ] } },
{ "type": "Feature", "properties": { "admin_level": "6", "index_right": 294.0, "lanes": 1, "length": 2908.2353880804776, "name": "городской округ Самара", "place": null, "population": 1144759.0, "short_name": "Самара", "lanes_length": 2908.2353880804776 }, "geometry": { "type": "LineString", "coordinates": [ [ 50.286478, 53.2971084 ], [ 50.2835323, 53.2878827 ], [ 50.2828753, 53.2858738 ], [ 50.2813668, 53.2837405 ], [ 50.2778357, 53.281023 ], [ 50.2696118, 53.2777011 ], [ 50.2659377, 53.2757133 ] ] } },
{ "type": "Feature", "properties": { "admin_level": "6", "index_right": 294.0, "lanes": 1, "length": 1532.9224300248316, "name": "городской округ Самара", "place": null, "population": 1144759.0, "short_name": "Самара", "lanes_length": 1532.9224300248316 }, "geometry": { "type": "LineString", "coordinates": [ [ 50.2636895, 53.274535 ], [ 50.2465662, 53.2653468 ] ] } },
{ "type": "Feature", "properties": { "admin_level": "6", "index_right": 294.0, "lanes": 1, "length": 316.07359532674917, "name": "городской округ Самара", "place": null, "population": 1144759.0, "short_name": "Самара", "lanes_length": 316.07359532674917 }, "geometry": { "type": "LineString", "coordinates": [ [ 50.2436219, 53.2637397 ], [ 50.2400706, 53.2618594 ] ] } },
{ "type": "Feature", "properties": { "admin_level": "6", "index_right": 294.0, "lanes": 1, "length": 242.48034704193995, "name": "городской округ Самара", "place": null, "population": 1144759.0, "short_name": "Самара", "lanes_length": 242.48034704193995 }, "geometry": { "type": "LineString", "coordinates": [ [ 50.2371811, 53.2602537 ], [ 50.2346384, 53.2586974 ] ] } },
{ "type": "Feature", "properties": { "admin_level": "6", "index_right": 294.0, "lanes": 1, "length": 196.72400064291193, "name": "городской округ Самара", "place": null, "population": 1144759.0, "short_name": "Самара", "lanes_length": 196.72400064291193 }, "geometry": { "type": "LineString", "coordinates": [ [ 50.229277, 53.2554375 ], [ 50.2271956, 53.2541859 ] ] } },
{ "type": "Feature", "properties": { "admin_level": "6", "index_right": 294.0, "lanes": 1, "length": 139.59300970348559, "name": "городской округ Самара", "place": null, "population": 1144759.0, "short_name": "Самара", "lanes_length": 139.59300970348559 }, "geometry": { "type": "LineString", "coordinates": [ [ 50.2251464, 53.2529471 ], [ 50.223655, 53.2520677 ] ] } },
{ "type": "Feature", "properties": { "admin_level": "6", "index_right": 91.0, "lanes": 2, "length": 1829.3668635550846, "name": "городской округ Краснодар", "place": null, "population": 948827.0, "short_name": "Краснодар", "lanes_length": 3658.7337271101692 }, "geometry": { "type": "LineString", "coordinates": [ [ 38.9703727, 45.0378232 ], [ 38.9648151, 45.0216119 ] ] } },
{ "type": "Feature", "properties": { "admin_level": "6", "index_right": 91.0, "lanes": 2, "length": 1601.8963718581424, "name": "городской округ Краснодар", "place": null, "population": 948827.0, "short_name": "Краснодар", "lanes_length": 3203.7927437162848 }, "geometry": { "type": "LineString", "coordinates": [ [ 38.9648151, 45.0216119 ], [ 38.9807367, 45.0189727 ], [ 38.9844275, 45.0190334 ] ] } },
{ "type": "Feature", "properties": { "admin_level": "6", "index_right": 91.0, "lanes": 2, "length": 1195.6472694872778, "name": "городской округ Краснодар", "place": null, "population": 948827.0, "short_name": "Краснодар", "lanes_length": 2391.2945389745555 }, "geometry": { "type": "LineString", "coordinates": [ [ 38.9566672, 45.0431413 ], [ 38.9712531, 45.0407533 ] ] } },
{ "type": "Feature", "properties": { "admin_level": "6", "index_right": 91.0, "lanes": 2, "length": 677.87256279482312, "name": "городской округ Краснодар", "place": null, "population": 948827.0, "short_name": "Краснодар", "lanes_length": 1355.7451255896462 }, "geometry": { "type": "LineString", "coordinates": [ [ 39.0963829, 45.0391197 ], [ 39.0976917, 45.0330013 ] ] } },
{ "type": "Feature", "properties": { "admin_level": "6", "index_right": 91.0, "lanes": 2, "length": 1636.0800983851711, "name": "городской округ Краснодар", "place": null, "population": 948827.0, "short_name": "Краснодар", "lanes_length": 3272.1601967703423 }, "geometry": { "type": "LineString", "coordinates": [ [ 38.905356, 45.0251002 ], [ 38.906579, 45.0276784 ], [ 38.908639, 45.0291949 ], [ 38.9207732, 45.0339869 ] ] } },
{ "type": "Feature", "properties": { "admin_level": "6", "index_right": 91.0, "lanes": 1, "length": 256.94084191584864, "name": "городской округ Краснодар", "place": null, "population": 948827.0, "short_name": "Краснодар", "lanes_length": 256.94084191584864 }, "geometry": { "type": "LineString", "coordinates": [ [ 38.9710165, 45.040416 ], [ 38.9703083, 45.0381265 ] ] } },
{ "type": "Feature", "properties": { "admin_level": "6", "index_right": 91.0, "lanes": 1, "length": 205.20797523686642, "name": "городской округ Краснодар", "place": null, "population": 948827.0, "short_name": "Краснодар", "lanes_length": 205.20797523686642 }, "geometry": { "type": "LineString", "coordinates": [ [ 38.9728189, 45.0683303 ], [ 38.9728618, 45.0668603 ], [ 38.9731032, 45.0664966 ] ] } },
{ "type": "Feature", "properties": { "admin_level": "6", "index_right": 91.0, "lanes": 1, "length": 577.52444241241244, "name": "городской округ Краснодар", "place": null, "population": 948827.0, "short_name": "Краснодар", "lanes_length": 577.52444241241244 }, "geometry": { "type": "LineString", "coordinates": [ [ 38.9845669, 45.019041 ], [ 38.9872049, 45.0187197 ], [ 38.9873437, 45.018521 ], [ 38.9876434, 45.0185196 ], [ 38.9891203, 45.0190924 ], [ 38.9890308, 45.0193316 ], [ 38.9887766, 45.0193472 ], [ 38.9873135, 45.0187566 ] ] } },
{ "type": "Feature", "properties": { "admin_level": "6", "index_right": 91.0, "lanes": 1, "length": 153.45160749860767, "name": "городской округ Краснодар", "place": null, "population": 948827.0, "short_name": "Краснодар", "lanes_length": 153.45160749860767 }, "geometry": { "type": "LineString", "coordinates": [ [ 38.9313519, 45.0470377 ], [ 38.9332348, 45.0467686 ] ] } },
{ "type": "Feature", "properties": { "admin_level": "6", "index_right": 91.0, "lanes": 1, "length": 2501.08142513852, "name": "городской округ Краснодар", "place": null, "population": 948827.0, "short_name": "Краснодар", "lanes_length": 2501.08142513852 }, "geometry": { "type": "LineString", "coordinates": [ [ 39.0924025, 45.0161059 ], [ 39.0756011, 45.012708 ], [ 39.0658916, 45.0126475 ], [ 39.064293, 45.0132693 ], [ 39.0626836, 45.0144677 ] ] } },
{ "type": "Feature", "properties": { "admin_level": "6", "index_right": 91.0, "lanes": 1, "length": 470.37467725302696, "name": "городской округ Краснодар", "place": null, "population": 948827.0, "short_name": "Краснодар", "lanes_length": 470.37467725302696 }, "geometry": { "type": "LineString", "coordinates": [ [ 39.0621472, 45.0148697 ], [ 39.0565574, 45.0135424 ] ] } },
{ "type": "Feature", "properties": { "admin_level": "6", "index_right": 91.0, "lanes": 1, "length": 672.10757748952221, "name": "городской округ Краснодар", "place": null, "population": 948827.0, "short_name": "Краснодар", "lanes_length": 672.10757748952221 }, "geometry": { "type": "LineString", "coordinates": [ [ 39.1343201, 45.0325387 ], [ 39.1359294, 45.0328648 ], [ 39.1385472, 45.033096 ], [ 39.1387296, 45.0334259 ], [ 39.1386116, 45.0344039 ], [ 39.1384077, 45.034548 ], [ 39.1378284, 45.0344873 ], [ 39.1376674, 45.0343357 ], [ 39.1377318, 45.0335093 ] ] } },
{ "type": "Feature", "properties": { "admin_level": "6", "index_right": 91.0, "lanes": 1, "length": 154.51936455727832, "name": "городской округ Краснодар", "place": null, "population": 948827.0, "short_name": "Краснодар", "lanes_length": 154.51936455727832 }, "geometry": { "type": "LineString", "coordinates": [ [ 38.9996034, 45.0198145 ], [ 38.9976776, 45.0197122 ] ] } },
{ "type": "Feature", "properties": { "admin_level": "6", "index_right": 91.0, "lanes": 1, "length": 329.82685404296814, "name": "городской округ Краснодар", "place": null, "population": 948827.0, "short_name": "Краснодар", "lanes_length": 329.82685404296814 }, "geometry": { "type": "LineString", "coordinates": [ [ 38.9746642, 45.0167316 ], [ 38.9756191, 45.0196629 ] ] } },
{ "type": "Feature", "properties": { "admin_level": "6", "index_right": 91.0, "lanes": 1, "length": 169.66071466144464, "name": "городской округ Краснодар", "place": null, "population": 948827.0, "short_name": "Краснодар", "lanes_length": 169.66071466144464 }, "geometry": { "type": "LineString", "coordinates": [ [ 38.9811873, 45.1004948 ], [ 38.9819491, 45.1019413 ] ] } },
{ "type": "Feature", "properties": { "admin_level": "6", "index_right": 91.0, "lanes": 1, "length": 211.73633223848256, "name": "городской округ Краснодар", "place": null, "population": 948827.0, "short_name": "Краснодар", "lanes_length": 211.73633223848256 }, "geometry": { "type": "LineString", "coordinates": [ [ 39.0275359, 45.0393888 ], [ 39.0272355, 45.0413106 ] ] } },
{ "type": "Feature", "properties": { "admin_level": "6", "index_right": 91.0, "lanes": 1, "length": 1517.3845613080425, "name": "городской округ Краснодар", "place": null, "population": 948827.0, "short_name": "Краснодар", "lanes_length": 1517.3845613080425 }, "geometry": { "type": "LineString", "coordinates": [ [ 38.9615964, 45.0606938 ], [ 38.9617249, 45.0636568 ], [ 38.9686448, 45.0697 ], [ 38.9727759, 45.0698023 ] ] } },
{ "type": "Feature", "properties": { "admin_level": "6", "index_right": 91.0, "lanes": 1, "length": 1066.3471747364147, "name": "городской округ Краснодар", "place": null, "population": 948827.0, "short_name": "Краснодар", "lanes_length": 1066.3471747364147 }, "geometry": { "type": "LineString", "coordinates": [ [ 39.0218496, 45.0654584 ], [ 39.0227401, 45.0557392 ] ] } },
{ "type": "Feature", "properties": { "admin_level": "6", "index_right": 112.0, "lanes": 2, "length": 3622.2627702342838, "name": "городской округ Волгоград", "place": null, "population": 1004763.0, "short_name": "Волгоград", "lanes_length": 7244.5255404685677 }, "geometry": { "type": "LineString", "coordinates": [ [ 44.5118594, 48.7041318 ], [ 44.5250866, 48.7125989 ], [ 44.5371311, 48.725619 ], [ 44.5382342, 48.7279088 ], [ 44.5400548, 48.7304219 ] ] } },
{ "type": "Feature", "properties": { "admin_level": "6", "index_right": 112.0, "lanes": 2, "length": 4827.5170694416847, "name": "городской округ Волгоград", "place": null, "population": 1004763.0, "short_name": "Волгоград", "lanes_length": 9655.0341388833695 }, "geometry": { "type": "LineString", "coordinates": [ [ 44.5121123, 48.714914 ], [ 44.5035293, 48.7214828 ], [ 44.4825273, 48.753476 ] ] } },
{ "type": "Feature", "properties": { "admin_level": "6", "index_right": 241.0, "lanes": 2, "length": 378.09812252789919, "name": "городской округ Череповец", "place": null, "population": 312091.0, "short_name": "Череповец", "lanes_length": 756.19624505579839 }, "geometry": { "type": "LineString", "coordinates": [ [ 37.9320789, 59.129564 ], [ 37.9256201, 59.1303457 ] ] } },
{ "type": "Feature", "properties": { "admin_level": "6", "index_right": 241.0, "lanes": 2, "length": 453.79624208590826, "name": "городской округ Череповец", "place": null, "population": 312091.0, "short_name": "Череповец", "lanes_length": 907.59248417181652 }, "geometry": { "type": "LineString", "coordinates": [ [ 37.942121, 59.1284299 ], [ 37.9498887, 59.1275271 ] ] } },
{ "type": "Feature", "properties": { "admin_level": "6", "index_right": 241.0, "lanes": 2, "length": 859.03688691034847, "name": "городской округ Череповец", "place": null, "population": 312091.0, "short_name": "Череповец", "lanes_length": 1718.0737738206969 }, "geometry": { "type": "LineString", "coordinates": [ [ 37.9639864, 59.1257763 ], [ 37.9785562, 59.1237943 ] ] } },
{ "type": "Feature", "properties": { "admin_level": "6", "index_right": 241.0, "lanes": 2, "length": 633.40851942623976, "name": "городской округ Череповец", "place": null, "population": 312091.0, "short_name": "Череповец", "lanes_length": 1266.8170388524795 }, "geometry": { "type": "LineString", "coordinates": [ [ 37.9817533, 59.1233318 ], [ 37.9924822, 59.1218451 ] ] } },
{ "type": "Feature", "properties": { "admin_level": "6", "index_right": 241.0, "lanes": 2, "length": 642.99514533623847, "name": "городской округ Череповец", "place": null, "population": 312091.0, "short_name": "Череповец", "lanes_length": 1285.9902906724769 }, "geometry": { "type": "LineString", "coordinates": [ [ 37.9957867, 59.1213826 ], [ 38.0066657, 59.1198518 ] ] } },
{ "type": "Feature", "properties": { "admin_level": "6", "index_right": 241.0, "lanes": 1, "length": 104.1611063102164, "name": "городской округ Череповец", "place": null, "population": 312091.0, "short_name": "Череповец", "lanes_length": 104.1611063102164 }, "geometry": { "type": "LineString", "coordinates": [ [ 37.9251212, 59.1401318 ], [ 37.9266232, 59.1396008 ] ] } },
{ "type": "Feature", "properties": { "admin_level": "6", "index_right": 385.0, "lanes": 2, "length": 598.21088839676952, "name": "городской округ Ижевск", "place": null, "population": 646468.0, "short_name": "Ижевск", "lanes_length": 1196.421776793539 }, "geometry": { "type": "LineString", "coordinates": [ [ 53.1850505, 56.861279 ], [ 53.187604, 56.861279 ], [ 53.1902003, 56.8606456 ], [ 53.1945992, 56.8602585 ] ] } },
{ "type": "Feature", "properties": { "admin_level": "6", "index_right": 385.0, "lanes": 2, "length": 794.96711192533053, "name": "городской округ Ижевск", "place": null, "population": 646468.0, "short_name": "Ижевск", "lanes_length": 1589.9342238506611 }, "geometry": { "type": "LineString", "coordinates": [ [ 53.2223225, 56.8740745 ], [ 53.2221937, 56.8765369 ], [ 53.2226657, 56.8779556 ], [ 53.2246399, 56.8809689 ] ] } },
{ "type": "Feature", "properties": { "admin_level": "6", "index_right": 385.0, "lanes": 2, "length": 1040.9795935752175, "name": "городской округ Ижевск", "place": null, "population": 646468.0, "short_name": "Ижевск", "lanes_length": 2081.9591871504349 }, "geometry": { "type": "LineString", "coordinates": [ [ 53.2216358, 56.8621118 ], [ 53.2230949, 56.8639417 ], [ 53.2232666, 56.865443 ], [ 53.2226658, 56.8712367 ] ] } },
{ "type": "Feature", "properties": { "admin_level": "6", "index_right": 385.0, "lanes": 2, "length": 852.9065528642094, "name": "городской округ Ижевск", "place": null, "population": 646468.0, "short_name": "Ижевск", "lanes_length": 1705.8131057284188 }, "geometry": { "type": "LineString", "coordinates": [ [ 53.2229662, 56.8547682 ], [ 53.2260132, 56.8473292 ] ] } },
{ "type": "Feature", "properties": { "admin_level": "6", "index_right": 385.0, "lanes": 1, "length": 740.72039208858303, "name": "городской округ Ижевск", "place": null, "population": 646468.0, "short_name": "Ижевск", "lanes_length": 740.72039208858303 }, "geometry": { "type": "LineString", "coordinates": [ [ 53.1856298, 56.8319067 ], [ 53.1938696, 56.8322824 ], [ 53.1975603, 56.8330102 ] ] } },
{ "type": "Feature", "properties": { "admin_level": "6", "index_right": 385.0, "lanes": 1, "length": 201.2285306675015, "name": "городской округ Ижевск", "place": null, "population": 646468.0, "short_name": "Ижевск", "lanes_length": 201.2285306675015 }, "geometry": { "type": "LineString", "coordinates": [ [ 53.2226014, 56.8721631 ], [ 53.2223868, 56.8739572 ] ] } },
{ "type": "Feature", "properties": { "admin_level": "6", "index_right": 385.0, "lanes": 1, "length": 682.59522280639317, "name": "городской округ Ижевск", "place": null, "population": 646468.0, "short_name": "Ижевск", "lanes_length": 682.59522280639317 }, "geometry": { "type": "LineString", "coordinates": [ [ 53.2209063, 56.8611734 ], [ 53.2206917, 56.8597892 ], [ 53.2227516, 56.855214 ] ] } },
{ "type": "Feature", "properties": { "admin_level": "6", "index_right": 496.0, "lanes": 2, "length": 1231.4316493549895, "name": "городской округ Новосибирск", "place": null, "population": 1620162.0, "short_name": "Новосибирск", "lanes_length": 2462.8632987099791 }, "geometry": { "type": "LineString", "coordinates": [ [ 82.9293108, 55.0660081 ], [ 82.9133677, 55.0597656 ] ] } },
{ "type": "Feature", "properties": { "admin_level": "6", "index_right": 496.0, "lanes": 2, "length": 184.17429936758475, "name": "городской округ Новосибирск", "place": null, "population": 1620162.0, "short_name": "Новосибирск", "lanes_length": 368.3485987351695 }, "geometry": { "type": "LineString", "coordinates": [ [ 82.897532, 55.0366059 ], [ 82.8988624, 55.0351426 ] ] } },
{ "type": "Feature", "properties": { "admin_level": "6", "index_right": 496.0, "lanes": 2, "length": 606.78440534920946, "name": "городской округ Новосибирск", "place": null, "population": 1620162.0, "short_name": "Новосибирск", "lanes_length": 1213.5688106984189 }, "geometry": { "type": "LineString", "coordinates": [ [ 82.8965878, 54.9789067 ], [ 82.889421, 54.9824776 ] ] } },
{ "type": "Feature", "properties": { "admin_level": "6", "index_right": 496.0, "lanes": 2, "length": 3236.5343145669399, "name": "городской округ Новосибирск", "place": null, "population": 1620162.0, "short_name": "Новосибирск", "lanes_length": 6473.0686291338798 }, "geometry": { "type": "LineString", "coordinates": [ [ 82.9231524, 55.0198055 ], [ 82.9154491, 55.0484333 ] ] } },
{ "type": "Feature", "properties": { "admin_level": "6", "index_right": 496.0, "lanes": 2, "length": 277.22107064539756, "name": "городской округ Новосибирск", "place": null, "population": 1620162.0, "short_name": "Новосибирск", "lanes_length": 554.44214129079512 }, "geometry": { "type": "LineString", "coordinates": [ [ 82.890215, 54.9829408 ], [ 82.8945494, 54.9831255 ] ] } },
{ "type": "Feature", "properties": { "admin_level": "6", "index_right": 496.0, "lanes": 2, "length": 199.00110873457891, "name": "городской округ Новосибирск", "place": null, "population": 1620162.0, "short_name": "Новосибирск", "lanes_length": 398.00221746915781 }, "geometry": { "type": "LineString", "coordinates": [ [ 82.8699635, 54.9938264 ], [ 82.8702639, 54.9920538 ] ] } },
{ "type": "Feature", "properties": { "admin_level": "6", "index_right": 496.0, "lanes": 2, "length": 469.66749640676159, "name": "городской округ Новосибирск", "place": null, "population": 1620162.0, "short_name": "Новосибирск", "lanes_length": 939.33499281352317 }, "geometry": { "type": "LineString", "coordinates": [ [ 82.9610549, 55.049315 ], [ 82.9667197, 55.052007 ] ] } },
{ "type": "Feature", "properties": { "admin_level": "6", "index_right": 496.0, "lanes": 2, "length": 655.04841662752506, "name": "городской округ Новосибирск", "place": null, "population": 1620162.0, "short_name": "Новосибирск", "lanes_length": 1310.0968332550501 }, "geometry": { "type": "LineString", "coordinates": [ [ 82.900871, 55.0347229 ], [ 82.9105269, 55.0327061 ] ] } },
{ "type": "Feature", "properties": { "admin_level": "6", "index_right": 496.0, "lanes": 1, "length": 739.28420777721817, "name": "городской округ Новосибирск", "place": null, "population": 1620162.0, "short_name": "Новосибирск", "lanes_length": 739.28420777721817 }, "geometry": { "type": "LineString", "coordinates": [ [ 82.9454255, 55.0161518 ], [ 82.9386663, 55.0107752 ] ] } },
{ "type": "Feature", "properties": { "admin_level": "6", "index_right": 496.0, "lanes": 1, "length": 1852.7780761348031, "name": "городской округ Новосибирск", "place": null, "population": 1620162.0, "short_name": "Новосибирск", "lanes_length": 1852.7780761348031 }, "geometry": { "type": "LineString", "coordinates": [ [ 82.9004503, 54.9808291 ], [ 82.9212642, 54.9692651 ] ] } },
{ "type": "Feature", "properties": { "admin_level": "6", "index_right": 496.0, "lanes": 1, "length": 405.19996017429736, "name": "городской округ Новосибирск", "place": null, "population": 1620162.0, "short_name": "Новосибирск", "lanes_length": 405.19996017429736 }, "geometry": { "type": "LineString", "coordinates": [ [ 82.8580201, 54.9938892 ], [ 82.8643501, 54.9942093 ] ] } },
{ "type": "Feature", "properties": { "admin_level": "6", "index_right": 496.0, "lanes": 1, "length": 733.31460618454548, "name": "городской округ Новосибирск", "place": null, "population": 1620162.0, "short_name": "Новосибирск", "lanes_length": 733.31460618454548 }, "geometry": { "type": "LineString", "coordinates": [ [ 82.9580837, 55.0110607 ], [ 82.9488784, 55.0149979 ] ] } },
{ "type": "Feature", "properties": { "admin_level": "6", "index_right": 496.0, "lanes": 1, "length": 1215.5111273504322, "name": "городской округ Новосибирск", "place": null, "population": 1620162.0, "short_name": "Новосибирск", "lanes_length": 1215.5111273504322 }, "geometry": { "type": "LineString", "coordinates": [ [ 82.940467, 55.0184951 ], [ 82.9345775, 55.0210539 ], [ 82.9303663, 55.0235386 ], [ 82.9258114, 55.0254082 ] ] } },
{ "type": "Feature", "properties": { "admin_level": "6", "index_right": 496.0, "lanes": 1, "length": 283.91425054352726, "name": "городской округ Новосибирск", "place": null, "population": 1620162.0, "short_name": "Новосибирск", "lanes_length": 283.91425054352726 }, "geometry": { "type": "LineString", "coordinates": [ [ 82.9365705, 55.0197317 ], [ 82.9401968, 55.0182555 ] ] } },
{ "type": "Feature", "properties": { "admin_level": "6", "index_right": 496.0, "lanes": 1, "length": 250.47727343843368, "name": "городской округ Новосибирск", "place": null, "population": 1620162.0, "short_name": "Новосибирск", "lanes_length": 250.47727343843368 }, "geometry": { "type": "LineString", "coordinates": [ [ 82.9240551, 55.0175968 ], [ 82.9235187, 55.0198173 ] ] } },
{ "type": "Feature", "properties": { "admin_level": "6", "index_right": 496.0, "lanes": 1, "length": 1132.0173136986641, "name": "городской округ Новосибирск", "place": null, "population": 1620162.0, "short_name": "Новосибирск", "lanes_length": 1132.0173136986641 }, "geometry": { "type": "LineString", "coordinates": [ [ 82.908952, 55.0710604 ], [ 82.911484, 55.0610339 ] ] } },
{ "type": "Feature", "properties": { "admin_level": "6", "index_right": 496.0, "lanes": 1, "length": 537.09046851866856, "name": "городской округ Новосибирск", "place": null, "population": 1620162.0, "short_name": "Новосибирск", "lanes_length": 537.09046851866856 }, "geometry": { "type": "LineString", "coordinates": [ [ 82.895525, 55.0523876 ], [ 82.90031, 55.0484295 ] ] } },
{ "type": "Feature", "properties": { "admin_level": "6", "index_right": 496.0, "lanes": 1, "length": 716.6011831094703, "name": "городской округ Новосибирск", "place": null, "population": 1620162.0, "short_name": "Новосибирск", "lanes_length": 716.6011831094703 }, "geometry": { "type": "LineString", "coordinates": [ [ 82.9146336, 55.0360737 ], [ 82.9163287, 55.0297343 ] ] } },
{ "type": "Feature", "properties": { "admin_level": "6", "index_right": 496.0, "lanes": 1, "length": 339.73767359439296, "name": "городской округ Новосибирск", "place": null, "population": 1620162.0, "short_name": "Новосибирск", "lanes_length": 339.73767359439296 }, "geometry": { "type": "LineString", "coordinates": [ [ 82.9107522, 55.0326016 ], [ 82.9156982, 55.0314641 ] ] } },
{ "type": "Feature", "properties": { "admin_level": "6", "index_right": 300.0, "lanes": 2, "length": 4121.297039502082, "name": "городской округ Чебоксары", "place": null, "population": 495810.0, "short_name": "Чебоксары", "lanes_length": 8242.5940790041641 }, "geometry": { "type": "LineString", "coordinates": [ [ 47.2666167, 56.0952388 ], [ 47.284126, 56.097657 ], [ 47.295284, 56.099476 ], [ 47.324982, 56.1068 ], [ 47.3274707, 56.1087738 ] ] } },
{ "type": "Feature", "properties": { "admin_level": "6", "index_right": 300.0, "lanes": 2, "length": 1790.7491724839299, "name": "городской округ Чебоксары", "place": null, "population": 495810.0, "short_name": "Чебоксары", "lanes_length": 3581.4983449678598 }, "geometry": { "type": "LineString", "coordinates": [ [ 47.2706959, 56.0790964 ], [ 47.2675202, 56.0814194 ], [ 47.2670911, 56.0831196 ], [ 47.2678206, 56.0865677 ], [ 47.2655461, 56.0943727 ] ] } },
{ "type": "Feature", "properties": { "admin_level": "6", "index_right": 300.0, "lanes": 2, "length": 3136.613608597756, "name": "городской округ Чебоксары", "place": null, "population": 495810.0, "short_name": "Чебоксары", "lanes_length": 6273.2272171955119 }, "geometry": { "type": "LineString", "coordinates": [ [ 47.2631514, 56.1057169 ], [ 47.2883857, 56.1300304 ] ] } },
{ "type": "Feature", "properties": { "admin_level": "6", "index_right": 300.0, "lanes": 2, "length": 977.6016208319511, "name": "городской округ Чебоксары", "place": null, "population": 495810.0, "short_name": "Чебоксары", "lanes_length": 1955.2032416639022 }, "geometry": { "type": "LineString", "coordinates": [ [ 47.2622127, 56.1042884 ], [ 47.265088, 56.0956954 ] ] } },
{ "type": "Feature", "properties": { "admin_level": "6", "index_right": 300.0, "lanes": 1, "length": 87.326339519575583, "name": "городской округ Чебоксары", "place": null, "population": 495810.0, "short_name": "Чебоксары", "lanes_length": 87.326339519575583 }, "geometry": { "type": "LineString", "coordinates": [ [ 47.2501802, 56.1225376 ], [ 47.251457, 56.1228695 ] ] } },
{ "type": "Feature", "properties": { "admin_level": "6", "index_right": 328.0, "lanes": 2, "length": 7116.6175656444193, "name": "городской округ Уфа", "place": null, "population": 1125933.0, "short_name": "Уфа", "lanes_length": 14233.235131288839 }, "geometry": { "type": "LineString", "coordinates": [ [ 55.9849548, 54.7401319 ], [ 56.0299301, 54.7758409 ], [ 56.0385132, 54.7948464 ] ] } },
{ "type": "Feature", "properties": { "admin_level": "6", "index_right": 328.0, "lanes": 1, "length": 774.63176677534807, "name": "городской округ Уфа", "place": null, "population": 1125933.0, "short_name": "Уфа", "lanes_length": 774.63176677534807 }, "geometry": { "type": "LineString", "coordinates": [ [ 55.827713, 54.7093008 ], [ 55.8303308, 54.7025317 ] ] } },
{ "type": "Feature", "properties": { "admin_level": "6", "index_right": 328.0, "lanes": 1, "length": 1600.7419925066799, "name": "городской округ Уфа", "place": null, "population": 1125933.0, "short_name": "Уфа", "lanes_length": 1600.7419925066799 }, "geometry": { "type": "LineString", "coordinates": [ [ 55.9447861, 54.721993 ], [ 55.9514809, 54.7357962 ] ] } },
{ "type": "Feature", "properties": { "admin_level": "6", "index_right": 511.0, "lanes": 2, "length": 4108.5927447393169, "name": "Кемеровский городской округ", "place": null, "population": null, "short_name": null, "lanes_length": 8217.1854894786338 }, "geometry": { "type": "LineString", "coordinates": [ [ 86.0974932, 55.3446436 ], [ 86.1478329, 55.3449608 ], [ 86.1608791, 55.3487675 ] ] } },
{ "type": "Feature", "properties": { "admin_level": "6", "index_right": 511.0, "lanes": 1, "length": 662.72246551499723, "name": "Кемеровский городской округ", "place": null, "population": null, "short_name": null, "lanes_length": 662.72246551499723 }, "geometry": { "type": "LineString", "coordinates": [ [ 86.0830736, 55.3490847 ], [ 86.0868716, 55.354611 ] ] } },
{ "type": "Feature", "properties": { "admin_level": "6", "index_right": 511.0, "lanes": 1, "length": 416.66942733109141, "name": "Кемеровский городской округ", "place": null, "population": null, "short_name": null, "lanes_length": 416.66942733109141 }, "geometry": { "type": "LineString", "coordinates": [ [ 86.1392069, 55.437852 ], [ 86.1394215, 55.4341269 ] ] } },
{ "type": "Feature", "properties": { "admin_level": "6", "index_right": 469.0, "lanes": 2, "length": 3223.2334038204672, "name": "городской округ Тюмень", "place": null, "population": 816700.0, "short_name": "Тюмень", "lanes_length": 6446.4668076409343 }, "geometry": { "type": "LineString", "coordinates": [ [ 65.5890656, 57.1276452 ], [ 65.5507851, 57.1477649 ] ] } },
{ "type": "Feature", "properties": { "admin_level": "6", "index_right": 469.0, "lanes": 2, "length": 759.85152298104322, "name": "городской округ Тюмень", "place": null, "population": 816700.0, "short_name": "Тюмень", "lanes_length": 1519.7030459620864 }, "geometry": { "type": "LineString", "coordinates": [ [ 65.5811047, 57.1202255 ], [ 65.573895, 57.1146569 ] ] } },
{ "type": "Feature", "properties": { "admin_level": "6", "index_right": 469.0, "lanes": 2, "length": 2680.1213060226614, "name": "городской округ Тюмень", "place": null, "population": 816700.0, "short_name": "Тюмень", "lanes_length": 5360.2426120453229 }, "geometry": { "type": "LineString", "coordinates": [ [ 65.5646038, 57.1566803 ], [ 65.5673504, 57.1600783 ], [ 65.5729723, 57.1800875 ] ] } },
{ "type": "Feature", "properties": { "admin_level": "6", "index_right": 469.0, "lanes": 1, "length": 2485.5521511030797, "name": "городской округ Тюмень", "place": null, "population": 816700.0, "short_name": "Тюмень", "lanes_length": 2485.5521511030797 }, "geometry": { "type": "LineString", "coordinates": [ [ 65.5505383, 57.1479221 ], [ 65.5206156, 57.16322 ] ] } },
{ "type": "Feature", "properties": { "admin_level": "6", "index_right": 469.0, "lanes": 1, "length": 3950.9537023027151, "name": "городской округ Тюмень", "place": null, "population": 816700.0, "short_name": "Тюмень", "lanes_length": 3950.9537023027151 }, "geometry": { "type": "LineString", "coordinates": [ [ 65.5749035, 57.1137365 ], [ 65.6283116, 57.0932835 ] ] } },
{ "type": "Feature", "properties": { "admin_level": "6", "index_right": 469.0, "lanes": 1, "length": 391.85807699994893, "name": "городской округ Тюмень", "place": null, "population": 816700.0, "short_name": "Тюмень", "lanes_length": 391.85807699994893 }, "geometry": { "type": "LineString", "coordinates": [ [ 65.5484246, 57.1216816 ], [ 65.5521906, 57.1245354 ] ] } },
{ "type": "Feature", "properties": { "admin_level": "6", "index_right": 469.0, "lanes": 1, "length": 475.40411785853763, "name": "городской округ Тюмень", "place": null, "population": 816700.0, "short_name": "Тюмень", "lanes_length": 475.40411785853763 }, "geometry": { "type": "LineString", "coordinates": [ [ 65.5423844, 57.1499591 ], [ 65.5481243, 57.1470432 ] ] } },
{ "type": "Feature", "properties": { "admin_level": "6", "index_right": 469.0, "lanes": 1, "length": 426.46041047470783, "name": "городской округ Тюмень", "place": null, "population": 816700.0, "short_name": "Тюмень", "lanes_length": 426.46041047470783 }, "geometry": { "type": "LineString", "coordinates": [ [ 65.5465579, 57.119713 ], [ 65.5476737, 57.1201207 ], [ 65.5493903, 57.1201557 ], [ 65.5530381, 57.1192587 ] ] } },
{ "type": "Feature", "properties": { "admin_level": "6", "index_right": 469.0, "lanes": 1, "length": 619.32188331247528, "name": "городской округ Тюмень", "place": null, "population": 816700.0, "short_name": "Тюмень", "lanes_length": 619.32188331247528 }, "geometry": { "type": "LineString", "coordinates": [ [ 65.542953, 57.121472 ], [ 65.5463004, 57.1209769 ], [ 65.5467188, 57.1207963 ], [ 65.5468047, 57.1206274 ], [ 65.5434573, 57.1179831 ] ] } },
{ "type": "Feature", "properties": { "admin_level": "6", "index_right": 418.0, "lanes": 2, "length": 829.40935138520433, "name": "городской округ Екатеринбург", "place": null, "population": 1495066.0, "short_name": "Екатеринбург", "lanes_length": 1658.8187027704087 }, "geometry": { "type": "LineString", "coordinates": [ [ 60.633631, 56.837717 ], [ 60.635068, 56.837917 ], [ 60.636377, 56.838586 ], [ 60.646548, 56.839701 ] ] } },
{ "type": "Feature", "properties": { "admin_level": "6", "index_right": 418.0, "lanes": 2, "length": 706.58112746258155, "name": "городской округ Екатеринбург", "place": null, "population": 1495066.0, "short_name": "Екатеринбург", "lanes_length": 1413.1622549251631 }, "geometry": { "type": "LineString", "coordinates": [ [ 60.6217861, 56.8364144 ], [ 60.6332016, 56.8376351 ] ] } },
{ "type": "Feature", "properties": { "admin_level": "6", "index_right": 418.0, "lanes": 2, "length": 275.32912527398571, "name": "городской округ Екатеринбург", "place": null, "population": 1495066.0, "short_name": "Екатеринбург", "lanes_length": 550.65825054797142 }, "geometry": { "type": "LineString", "coordinates": [ [ 60.6104779, 56.8419778 ], [ 60.6113148, 56.8395601 ] ] } },
{ "type": "Feature", "properties": { "admin_level": "6", "index_right": 418.0, "lanes": 2, "length": 311.92596811602641, "name": "городской округ Екатеринбург", "place": null, "population": 1495066.0, "short_name": "Екатеринбург", "lanes_length": 623.85193623205282 }, "geometry": { "type": "LineString", "coordinates": [ [ 60.6489561, 56.7863024 ], [ 60.6520246, 56.7840691 ] ] } },
{ "type": "Feature", "properties": { "admin_level": "6", "index_right": 418.0, "lanes": 2, "length": 568.52745402417145, "name": "городской округ Екатеринбург", "place": null, "population": 1495066.0, "short_name": "Екатеринбург", "lanes_length": 1137.0549080483429 }, "geometry": { "type": "LineString", "coordinates": [ [ 60.5681471, 56.8352082 ], [ 60.5719236, 56.8351377 ], [ 60.5774168, 56.8356777 ] ] } },
{ "type": "Feature", "properties": { "admin_level": "6", "index_right": 418.0, "lanes": 1, "length": 1077.3892592519448, "name": "городской округ Екатеринбург", "place": null, "population": 1495066.0, "short_name": "Екатеринбург", "lanes_length": 1077.3892592519448 }, "geometry": { "type": "LineString", "coordinates": [ [ 60.611229, 56.823312 ], [ 60.614791, 56.813882 ] ] } },
{ "type": "Feature", "properties": { "admin_level": "6", "index_right": 418.0, "lanes": 1, "length": 2111.8673852261932, "name": "городской округ Екатеринбург", "place": null, "population": 1495066.0, "short_name": "Екатеринбург", "lanes_length": 2111.8673852261932 }, "geometry": { "type": "LineString", "coordinates": [ [ 60.621271, 56.814634 ], [ 60.6166223, 56.8281098 ], [ 60.6168652, 56.8287638 ], [ 60.6148824, 56.8331248 ] ] } },
{ "type": "Feature", "properties": { "admin_level": "6", "index_right": 418.0, "lanes": 1, "length": 554.9957139518051, "name": "городской округ Екатеринбург", "place": null, "population": 1495066.0, "short_name": "Екатеринбург", "lanes_length": 554.9957139518051 }, "geometry": { "type": "LineString", "coordinates": [ [ 60.514991, 56.789456 ], [ 60.521364, 56.793006 ] ] } },
{ "type": "Feature", "properties": { "admin_level": "6", "index_right": 418.0, "lanes": 1, "length": 1430.7942985368832, "name": "городской округ Екатеринбург", "place": null, "population": 1495066.0, "short_name": "Екатеринбург", "lanes_length": 1430.7942985368832 }, "geometry": { "type": "LineString", "coordinates": [ [ 60.521579, 56.793123 ], [ 60.532222, 56.798998 ], [ 60.537157, 56.8026641 ] ] } },
{ "type": "Feature", "properties": { "admin_level": "6", "index_right": 418.0, "lanes": 1, "length": 129.75857937426809, "name": "городской округ Екатеринбург", "place": null, "population": 1495066.0, "short_name": "Екатеринбург", "lanes_length": 129.75857937426809 }, "geometry": { "type": "LineString", "coordinates": [ [ 60.6126934, 56.8330308 ], [ 60.6147856, 56.8332656 ] ] } },
{ "type": "Feature", "properties": { "admin_level": "6", "index_right": 418.0, "lanes": 1, "length": 91.718045367957203, "name": "городской округ Екатеринбург", "place": null, "population": 1495066.0, "short_name": "Екатеринбург", "lanes_length": 91.718045367957203 }, "geometry": { "type": "LineString", "coordinates": [ [ 60.6101239, 56.8085321 ], [ 60.6116045, 56.8086907 ] ] } },
{ "type": "Feature", "properties": { "admin_level": "6", "index_right": 418.0, "lanes": 1, "length": 193.7023078733765, "name": "городской округ Екатеринбург", "place": null, "population": 1495066.0, "short_name": "Екатеринбург", "lanes_length": 193.7023078733765 }, "geometry": { "type": "LineString", "coordinates": [ [ 60.6041313, 56.8562723 ], [ 60.604657, 56.8545653 ] ] } },
{ "type": "Feature", "properties": { "admin_level": "6", "index_right": 418.0, "lanes": 1, "length": 1154.7170694021452, "name": "городской округ Екатеринбург", "place": null, "population": 1495066.0, "short_name": "Екатеринбург", "lanes_length": 1154.7170694021452 }, "geometry": { "type": "LineString", "coordinates": [ [ 60.6077833, 56.8387914 ], [ 60.5890973, 56.836881 ] ] } },
{ "type": "Feature", "properties": { "admin_level": "6", "index_right": 418.0, "lanes": 1, "length": 347.44961338710561, "name": "городской округ Екатеринбург", "place": null, "population": 1495066.0, "short_name": "Екатеринбург", "lanes_length": 347.44961338710561 }, "geometry": { "type": "LineString", "coordinates": [ [ 60.5620531, 56.8352551 ], [ 60.5677609, 56.8350438 ] ] } },
{ "type": "Feature", "properties": { "admin_level": "6", "index_right": 418.0, "lanes": 1, "length": 251.86481452067818, "name": "городской округ Екатеринбург", "place": null, "population": 1495066.0, "short_name": "Екатеринбург", "lanes_length": 251.86481452067818 }, "geometry": { "type": "LineString", "coordinates": [ [ 60.5816225, 56.8362646 ], [ 60.5775026, 56.8360064 ] ] } },
{ "type": "Feature", "properties": { "admin_level": "4", "index_right": 696.0, "lanes": 2, "length": 2294.7489579931489, "name": "Санкт-Петербург", "place": "state", "population": 5384342.0, "short_name": "Санкт-Петербург", "lanes_length": 4589.4979159862978 }, "geometry": { "type": "LineString", "coordinates": [ [ 30.359988, 59.931143 ], [ 30.319996, 59.936174 ] ] } },
{ "type": "Feature", "properties": { "admin_level": "4", "index_right": 696.0, "lanes": 2, "length": 2214.2473373193602, "name": "Санкт-Петербург", "place": "state", "population": 5384342.0, "short_name": "Санкт-Петербург", "lanes_length": 4428.4946746387204 }, "geometry": { "type": "LineString", "coordinates": [ [ 30.3581855, 59.9265334 ], [ 30.354238, 59.921065 ], [ 30.345654, 59.90777 ] ] } },
{ "type": "Feature", "properties": { "admin_level": "4", "index_right": 696.0, "lanes": 2, "length": 4057.983332823092, "name": "Санкт-Петербург", "place": "state", "population": 5384342.0, "short_name": "Санкт-Петербург", "lanes_length": 8115.9666656461841 }, "geometry": { "type": "LineString", "coordinates": [ [ 30.165024, 59.8646 ], [ 30.221372, 59.852014 ], [ 30.2324006, 59.8519713 ] ] } },
{ "type": "Feature", "properties": { "admin_level": "4", "index_right": 696.0, "lanes": 2, "length": 718.8149642632834, "name": "Санкт-Петербург", "place": "state", "population": 5384342.0, "short_name": "Санкт-Петербург", "lanes_length": 1437.6299285265668 }, "geometry": { "type": "LineString", "coordinates": [ [ 30.3140793, 59.9699399 ], [ 30.314348, 59.970928 ], [ 30.3178667, 59.976061 ] ] } },
{ "type": "Feature", "properties": { "admin_level": "4", "index_right": 696.0, "lanes": 2, "length": 4182.3341092574556, "name": "Санкт-Петербург", "place": "state", "population": 5384342.0, "short_name": "Санкт-Петербург", "lanes_length": 8364.6682185149111 }, "geometry": { "type": "LineString", "coordinates": [ [ 30.318189, 59.976512 ], [ 30.323124, 59.979303 ], [ 30.330462, 59.982545 ], [ 30.333424, 59.983812 ], [ 30.335226, 59.98437 ], [ 30.342017, 59.9851 ], [ 30.357328, 59.986516 ], [ 30.358958, 59.986538 ], [ 30.362949, 59.985915 ], [ 30.364752, 59.9854 ], [ 30.382433, 59.979303 ] ] } },
{ "type": "Feature", "properties": { "admin_level": "4", "index_right": 696.0, "lanes": 2, "length": 2619.1633782506437, "name": "Санкт-Петербург", "place": "state", "population": 5384342.0, "short_name": "Санкт-Петербург", "lanes_length": 5238.3267565012875 }, "geometry": { "type": "LineString", "coordinates": [ [ 30.3219116, 59.8410635 ], [ 30.323081, 59.8176835 ] ] } },
{ "type": "Feature", "properties": { "admin_level": "4", "index_right": 696.0, "lanes": 2, "length": 365.16777474345412, "name": "Санкт-Петербург", "place": "state", "population": 5384342.0, "short_name": "Санкт-Петербург", "lanes_length": 730.33554948690823 }, "geometry": { "type": "LineString", "coordinates": [ [ 30.3243041, 59.8000298 ], [ 30.3244543, 59.79677 ] ] } },
{ "type": "Feature", "properties": { "admin_level": "4", "index_right": 696.0, "lanes": 2, "length": 2148.836178586962, "name": "Санкт-Петербург", "place": "state", "population": 5384342.0, "short_name": "Санкт-Петербург", "lanes_length": 4297.672357173924 }, "geometry": { "type": "LineString", "coordinates": [ [ 30.2404715, 59.8518555 ], [ 30.2790095, 59.8518124 ] ] } },
{ "type": "Feature", "properties": { "admin_level": "4", "index_right": 696.0, "lanes": 2, "length": 2201.8017329121408, "name": "Санкт-Петербург", "place": "state", "population": 5384342.0, "short_name": "Санкт-Петербург", "lanes_length": 4403.6034658242816 }, "geometry": { "type": "LineString", "coordinates": [ [ 30.2806651, 59.8518073 ], [ 30.3201472, 59.8521521 ] ] } },
{ "type": "Feature", "properties": { "admin_level": "4", "index_right": 696.0, "lanes": 2, "length": 1226.0960529720669, "name": "Санкт-Петербург", "place": "state", "population": 5384342.0, "short_name": "Санкт-Петербург", "lanes_length": 2452.1921059441338 }, "geometry": { "type": "LineString", "coordinates": [ [ 30.330072, 59.8523131 ], [ 30.3520447, 59.8527442 ] ] } },
{ "type": "Feature", "properties": { "admin_level": "4", "index_right": 696.0, "lanes": 2, "length": 2804.4653533156747, "name": "Санкт-Петербург", "place": "state", "population": 5384342.0, "short_name": "Санкт-Петербург", "lanes_length": 5608.9307066313495 }, "geometry": { "type": "LineString", "coordinates": [ [ 30.3703308, 59.854644 ], [ 30.3924725, 59.8590411 ], [ 30.4151344, 59.8658491 ] ] } },
{ "type": "Feature", "properties": { "admin_level": "4", "index_right": 696.0, "lanes": 2, "length": 935.86730197395195, "name": "Санкт-Петербург", "place": "state", "population": 5384342.0, "short_name": "Санкт-Петербург", "lanes_length": 1871.7346039479039 }, "geometry": { "type": "LineString", "coordinates": [ [ 30.4713183, 59.8821666 ], [ 30.4787907, 59.8837398 ], [ 30.4872186, 59.884785 ] ] } },
{ "type": "Feature", "properties": { "admin_level": "4", "index_right": 696.0, "lanes": 2, "length": 4060.1587857312588, "name": "Санкт-Петербург", "place": "state", "population": 5384342.0, "short_name": "Санкт-Петербург", "lanes_length": 8120.3175714625177 }, "geometry": { "type": "LineString", "coordinates": [ [ 30.4364642, 59.9481676 ], [ 30.438095, 59.9602005 ], [ 30.4368504, 59.9736035 ], [ 30.4356488, 59.9745484 ], [ 30.419341, 59.9745484 ], [ 30.4162511, 59.9748919 ] ] } },
{ "type": "Feature", "properties": { "admin_level": "4", "index_right": 696.0, "lanes": 2, "length": 1847.8099109659545, "name": "Санкт-Петербург", "place": "state", "population": 5384342.0, "short_name": "Санкт-Петербург", "lanes_length": 3695.619821931909 }, "geometry": { "type": "LineString", "coordinates": [ [ 30.3829058, 59.9790147 ], [ 30.3855666, 59.978392 ], [ 30.4151353, 59.9750638 ] ] } },
{ "type": "Feature", "properties": { "admin_level": "4", "index_right": 696.0, "lanes": 1, "length": 1456.7006573774484, "name": "Санкт-Петербург", "place": "state", "population": 5384342.0, "short_name": "Санкт-Петербург", "lanes_length": 1456.7006573774484 }, "geometry": { "type": "LineString", "coordinates": [ [ 30.296592, 59.95421 ], [ 30.29657, 59.9545 ], [ 30.299456, 59.956214 ], [ 30.312738, 59.964366 ] ] } },
{ "type": "Feature", "properties": { "admin_level": "4", "index_right": 696.0, "lanes": 1, "length": 1837.0695216330275, "name": "Санкт-Петербург", "place": "state", "population": 5384342.0, "short_name": "Санкт-Петербург", "lanes_length": 1837.0695216330275 }, "geometry": { "type": "LineString", "coordinates": [ [ 30.3116333, 59.9655106 ], [ 30.290852, 59.9527545 ] ] } },
{ "type": "Feature", "properties": { "admin_level": "4", "index_right": 696.0, "lanes": 1, "length": 988.88950811602126, "name": "Санкт-Петербург", "place": "state", "population": 5384342.0, "short_name": "Санкт-Петербург", "lanes_length": 988.88950811602126 }, "geometry": { "type": "LineString", "coordinates": [ [ 30.307996, 59.922657 ], [ 30.308404, 59.931485 ] ] } },
{ "type": "Feature", "properties": { "admin_level": "4", "index_right": 696.0, "lanes": 1, "length": 570.57419580007991, "name": "Санкт-Петербург", "place": "state", "population": 5384342.0, "short_name": "Санкт-Петербург", "lanes_length": 570.57419580007991 }, "geometry": { "type": "LineString", "coordinates": [ [ 30.362306, 59.9307804 ], [ 30.363593, 59.930668 ], [ 30.366747, 59.93027 ], [ 30.371318, 59.928582 ] ] } },
{ "type": "Feature", "properties": { "admin_level": "4", "index_right": 696.0, "lanes": 1, "length": 806.88711589413072, "name": "Санкт-Петербург", "place": "state", "population": 5384342.0, "short_name": "Санкт-Петербург", "lanes_length": 806.88711589413072 }, "geometry": { "type": "LineString", "coordinates": [ [ 30.335526, 59.92341 ], [ 30.346878, 59.927894 ] ] } },
{ "type": "Feature", "properties": { "admin_level": "4", "index_right": 696.0, "lanes": 1, "length": 1378.3614939389345, "name": "Санкт-Петербург", "place": "state", "population": 5384342.0, "short_name": "Санкт-Петербург", "lanes_length": 1378.3614939389345 }, "geometry": { "type": "LineString", "coordinates": [ [ 30.311923, 59.935236 ], [ 30.326729, 59.925367 ] ] } },
{ "type": "Feature", "properties": { "admin_level": "4", "index_right": 696.0, "lanes": 1, "length": 93.530347674890919, "name": "Санкт-Петербург", "place": "state", "population": 5384342.0, "short_name": "Санкт-Петербург", "lanes_length": 93.530347674890919 }, "geometry": { "type": "LineString", "coordinates": [ [ 30.2570343, 59.8729526 ], [ 30.2586973, 59.8730657 ] ] } },
{ "type": "Feature", "properties": { "admin_level": "4", "index_right": 696.0, "lanes": 1, "length": 457.18318064962148, "name": "Санкт-Петербург", "place": "state", "population": 5384342.0, "short_name": "Санкт-Петербург", "lanes_length": 457.18318064962148 }, "geometry": { "type": "LineString", "coordinates": [ [ 30.3085542, 59.9340862 ], [ 30.3147769, 59.9363114 ], [ 30.3150558, 59.9365479 ] ] } },
{ "type": "Feature", "properties": { "admin_level": "4", "index_right": 696.0, "lanes": 1, "length": 428.5765915820557, "name": "Санкт-Петербург", "place": "state", "population": 5384342.0, "short_name": "Санкт-Петербург", "lanes_length": 428.5765915820557 }, "geometry": { "type": "LineString", "coordinates": [ [ 30.2739429, 59.7981949 ], [ 30.272913, 59.7962734 ], [ 30.2735996, 59.7957337 ], [ 30.2760029, 59.7957121 ] ] } },
{ "type": "Feature", "properties": { "admin_level": "4", "index_right": 696.0, "lanes": 1, "length": 623.84043060985505, "name": "Санкт-Петербург", "place": "state", "population": 5384342.0, "short_name": "Санкт-Петербург", "lanes_length": 623.84043060985505 }, "geometry": { "type": "LineString", "coordinates": [ [ 30.3307199, 59.9849816 ], [ 30.3200555, 59.9867311 ] ] } },
{ "type": "Feature", "properties": { "admin_level": "4", "index_right": 696.0, "lanes": 1, "length": 132.89371650514749, "name": "Санкт-Петербург", "place": "state", "population": 5384342.0, "short_name": "Санкт-Петербург", "lanes_length": 132.89371650514749 }, "geometry": { "type": "LineString", "coordinates": [ [ 30.372777, 59.9296246 ], [ 30.3714252, 59.9286462 ] ] } },
{ "type": "Feature", "properties": { "admin_level": "4", "index_right": 696.0, "lanes": 1, "length": 506.1337926584111, "name": "Санкт-Петербург", "place": "state", "population": 5384342.0, "short_name": "Санкт-Петербург", "lanes_length": 506.1337926584111 }, "geometry": { "type": "LineString", "coordinates": [ [ 30.4091263, 60.0211773 ], [ 30.4172587, 60.0191294 ] ] } },
{ "type": "Feature", "properties": { "admin_level": "4", "index_right": 696.0, "lanes": 1, "length": 280.27767632417113, "name": "Санкт-Петербург", "place": "state", "population": 5384342.0, "short_name": "Санкт-Петербург", "lanes_length": 280.27767632417113 }, "geometry": { "type": "LineString", "coordinates": [ [ 30.3123307, 59.9654888 ], [ 30.3123736, 59.9658056 ], [ 30.3132534, 59.9662997 ], [ 30.3138113, 59.966842 ], [ 30.3141975, 59.9677388 ] ] } },
{ "type": "Feature", "properties": { "admin_level": "4", "index_right": 696.0, "lanes": 1, "length": 164.93663532366392, "name": "Санкт-Петербург", "place": "state", "population": 5384342.0, "short_name": "Санкт-Петербург", "lanes_length": 164.93663532366392 }, "geometry": { "type": "LineString", "coordinates": [ [ 30.3142619, 59.968308 ], [ 30.3141224, 59.9697792 ] ] } },
{ "type": "Feature", "properties": { "admin_level": "4", "index_right": 696.0, "lanes": 1, "length": 511.33323125344197, "name": "Санкт-Петербург", "place": "state", "population": 5384342.0, "short_name": "Санкт-Петербург", "lanes_length": 511.33323125344197 }, "geometry": { "type": "LineString", "coordinates": [ [ 30.3541732, 59.9056021 ], [ 30.3459013, 59.9075871 ] ] } },
{ "type": "Feature", "properties": { "admin_level": "4", "index_right": 696.0, "lanes": 1, "length": 144.42591181027768, "name": "Санкт-Петербург", "place": "state", "population": 5384342.0, "short_name": "Санкт-Петербург", "lanes_length": 144.42591181027768 }, "geometry": { "type": "LineString", "coordinates": [ [ 30.3099811, 59.9397242 ], [ 30.3115744, 59.9387058 ] ] } },
{ "type": "Feature", "properties": { "admin_level": "4", "index_right": 696.0, "lanes": 1, "length": 36.759553606803735, "name": "Санкт-Петербург", "place": "state", "population": 5384342.0, "short_name": "Санкт-Петербург", "lanes_length": 36.759553606803735 }, "geometry": { "type": "LineString", "coordinates": [ [ 30.312481, 59.9376658 ], [ 30.3123897, 59.9373407 ] ] } },
{ "type": "Feature", "properties": { "admin_level": "4", "index_right": 696.0, "lanes": 1, "length": 699.00323962830805, "name": "Санкт-Петербург", "place": "state", "population": 5384342.0, "short_name": "Санкт-Петербург", "lanes_length": 699.00323962830805 }, "geometry": { "type": "LineString", "coordinates": [ [ 30.4282451, 59.7284129 ], [ 30.4314208, 59.7223766 ] ] } },
{ "type": "Feature", "properties": { "admin_level": "4", "index_right": 696.0, "lanes": 1, "length": 143.59634173159515, "name": "Санкт-Петербург", "place": "state", "population": 5384342.0, "short_name": "Санкт-Петербург", "lanes_length": 143.59634173159515 }, "geometry": { "type": "LineString", "coordinates": [ [ 30.4316461, 59.6859679 ], [ 30.4333091, 59.6859841 ], [ 30.4339314, 59.6856592 ] ] } },
{ "type": "Feature", "properties": { "admin_level": "4", "index_right": 696.0, "lanes": 1, "length": 488.22139144517155, "name": "Санкт-Петербург", "place": "state", "population": 5384342.0, "short_name": "Санкт-Петербург", "lanes_length": 488.22139144517155 }, "geometry": { "type": "LineString", "coordinates": [ [ 30.4577708, 59.9395254 ], [ 30.4655385, 59.9415568 ] ] } },
{ "type": "Feature", "properties": { "admin_level": "4", "index_right": 696.0, "lanes": 1, "length": 661.65008830144916, "name": "Санкт-Петербург", "place": "state", "population": 5384342.0, "short_name": "Санкт-Петербург", "lanes_length": 661.65008830144916 }, "geometry": { "type": "LineString", "coordinates": [ [ 30.4502392, 59.9377411 ], [ 30.4457331, 59.9365694 ], [ 30.4440165, 59.9358814 ], [ 30.442493, 59.9351075 ], [ 30.4403687, 59.934527 ] ] } },
{ "type": "Feature", "properties": { "admin_level": "6", "index_right": 223.0, "lanes": 2, "length": 1276.2322385393161, "name": "городской округ Великий Новгород", "place": null, "population": 225019.0, "short_name": "Великий Новгород", "lanes_length": 2552.4644770786322 }, "geometry": { "type": "LineString", "coordinates": [ [ 31.2840843, 58.5715085 ], [ 31.275351, 58.5610454 ] ] } },
{ "type": "Feature", "properties": { "admin_level": "6", "index_right": 223.0, "lanes": 1, "length": 40.253646916924481, "name": "городской округ Великий Новгород", "place": null, "population": 225019.0, "short_name": "Великий Новгород", "lanes_length": 40.253646916924481 }, "geometry": { "type": "LineString", "coordinates": [ [ 31.2527776, 58.5268256 ], [ 31.2521231, 58.5269461 ] ] } },
{ "type": "Feature", "properties": { "admin_level": "6", "index_right": 223.0, "lanes": 1, "length": 89.601035671719117, "name": "городской округ Великий Новгород", "place": null, "population": 225019.0, "short_name": "Великий Новгород", "lanes_length": 89.601035671719117 }, "geometry": { "type": "LineString", "coordinates": [ [ 31.2528795, 58.5269461 ], [ 31.2524638, 58.5270203 ], [ 31.2521017, 58.5269713 ], [ 31.2518495, 58.5266156 ] ] } },
{ "type": "Feature", "properties": { "admin_level": "6", "index_right": 223.0, "lanes": 1, "length": 792.92046732677193, "name": "городской округ Великий Новгород", "place": null, "population": 225019.0, "short_name": "Великий Новгород", "lanes_length": 792.92046732677193 }, "geometry": { "type": "LineString", "coordinates": [ [ 31.2725616, 58.5150717 ], [ 31.2718105, 58.5141583 ], [ 31.2635922, 58.5098041 ] ] } },
{ "type": "Feature", "properties": { "admin_level": "6", "index_right": 583.0, "lanes": 2, "length": 5214.8014292304988, "name": "городской округ Красноярск", "place": null, "population": 1092851.0, "short_name": "Красноярск", "lanes_length": 10429.602858460998 }, "geometry": { "type": "LineString", "coordinates": [ [ 92.8970432, 56.0178872 ], [ 92.8992748, 56.0208375 ], [ 92.9021502, 56.0222765 ], [ 92.9043818, 56.023116 ], [ 92.9051113, 56.0252504 ], [ 92.93126, 56.03724 ], [ 92.9545927, 56.050855 ] ] } },
{ "type": "Feature", "properties": { "admin_level": "6", "index_right": 583.0, "lanes": 2, "length": 926.60944694271006, "name": "городской округ Красноярск", "place": null, "population": 1092851.0, "short_name": "Красноярск", "lanes_length": 1853.2188938854201 }, "geometry": { "type": "LineString", "coordinates": [ [ 92.8928589, 56.047931 ], [ 92.9039526, 56.0534792 ] ] } },
{ "type": "Feature", "properties": { "admin_level": "6", "index_right": 583.0, "lanes": 2, "length": 1086.919057449639, "name": "городской округ Красноярск", "place": null, "population": 1092851.0, "short_name": "Красноярск", "lanes_length": 2173.838114899278 }, "geometry": { "type": "LineString", "coordinates": [ [ 92.8259189, 56.0125797 ], [ 92.8204901, 56.0125378 ], [ 92.8171212, 56.0122079 ], [ 92.8084738, 56.0119918 ] ] } },
{ "type": "Feature", "properties": { "admin_level": "6", "index_right": 583.0, "lanes": 2, "length": 988.29941206728881, "name": "городской округ Красноярск", "place": null, "population": 1092851.0, "short_name": "Красноярск", "lanes_length": 1976.5988241345776 }, "geometry": { "type": "LineString", "coordinates": [ [ 92.9052668, 56.0537412 ], [ 92.9157811, 56.0471025 ] ] } },
{ "type": "Feature", "properties": { "admin_level": "6", "index_right": 583.0, "lanes": 2, "length": 2330.3973596314672, "name": "городской округ Красноярск", "place": null, "population": 1092851.0, "short_name": "Красноярск", "lanes_length": 4660.7947192629344 }, "geometry": { "type": "LineString", "coordinates": [ [ 92.9064188, 56.0546794 ], [ 92.934185, 56.0687198 ] ] } },
{ "type": "Feature", "properties": { "admin_level": "6", "index_right": 583.0, "lanes": 2, "length": 873.17073013254571, "name": "городской округ Красноярск", "place": null, "population": 1092851.0, "short_name": "Красноярск", "lanes_length": 1746.3414602650914 }, "geometry": { "type": "LineString", "coordinates": [ [ 92.7693954, 56.0393464 ], [ 92.7747598, 56.0321297 ] ] } },
{ "type": "Feature", "properties": { "admin_level": "6", "index_right": 583.0, "lanes": 2, "length": 2519.3221428531424, "name": "городской округ Красноярск", "place": null, "population": 1092851.0, "short_name": "Красноярск", "lanes_length": 5038.6442857062848 }, "geometry": { "type": "LineString", "coordinates": [ [ 92.8852251, 56.0239296 ], [ 92.8920057, 56.0349602 ], [ 92.8931215, 56.0420566 ], [ 92.8907183, 56.0455563 ] ] } },
{ "type": "Feature", "properties": { "admin_level": "6", "index_right": 583.0, "lanes": 2, "length": 803.48932385854846, "name": "городской округ Красноярск", "place": null, "population": 1092851.0, "short_name": "Красноярск", "lanes_length": 1606.9786477170969 }, "geometry": { "type": "LineString", "coordinates": [ [ 92.8852397, 56.0237067 ], [ 92.8849822, 56.0204568 ], [ 92.8835874, 56.0198092 ], [ 92.8783517, 56.0195094 ] ] } },
{ "type": "Feature", "properties": { "admin_level": "6", "index_right": 583.0, "lanes": 2, "length": 2206.0246056313013, "name": "городской округ Красноярск", "place": null, "population": 1092851.0, "short_name": "Красноярск", "lanes_length": 4412.0492112626025 }, "geometry": { "type": "LineString", "coordinates": [ [ 92.8714982, 56.0100439 ], [ 92.8717557, 56.0077166 ], [ 92.8786651, 55.9967502 ], [ 92.8857032, 55.992502 ] ] } },
{ "type": "Feature", "properties": { "admin_level": "6", "index_right": 583.0, "lanes": 2, "length": 641.69736889592775, "name": "городской округ Красноярск", "place": null, "population": 1092851.0, "short_name": "Красноярск", "lanes_length": 1283.3947377918555 }, "geometry": { "type": "LineString", "coordinates": [ [ 92.7745944, 56.0450843 ], [ 92.7695948, 56.0400622 ] ] } },
{ "type": "Feature", "properties": { "admin_level": "6", "index_right": 583.0, "lanes": 2, "length": 2706.6972812080571, "name": "городской округ Красноярск", "place": null, "population": 1092851.0, "short_name": "Красноярск", "lanes_length": 5413.3945624161142 }, "geometry": { "type": "LineString", "coordinates": [ [ 92.9332253, 56.0360737 ], [ 92.939491, 56.0316859 ], [ 92.9432675, 56.0236404 ], [ 92.9557988, 56.0160609 ] ] } },
{ "type": "Feature", "properties": { "admin_level": "6", "index_right": 583.0, "lanes": 2, "length": 1450.5509747938822, "name": "городской округ Красноярск", "place": null, "population": 1092851.0, "short_name": "Красноярск", "lanes_length": 2901.1019495877645 }, "geometry": { "type": "LineString", "coordinates": [ [ 92.8075884, 55.9918433 ], [ 92.8144978, 55.9794558 ] ] } },
{ "type": "Feature", "properties": { "admin_level": "6", "index_right": 583.0, "lanes": 2, "length": 1735.5594785974185, "name": "городской округ Красноярск", "place": null, "population": 1092851.0, "short_name": "Красноярск", "lanes_length": 3471.1189571948371 }, "geometry": { "type": "LineString", "coordinates": [ [ 92.7505679, 56.0529356 ], [ 92.7561469, 56.0510184 ], [ 92.7686782, 56.0484779 ], [ 92.7746006, 56.0454339 ] ] } },
{ "type": "Feature", "properties": { "admin_level": "6", "index_right": 583.0, "lanes": 2, "length": 806.44833067251795, "name": "городской округ Красноярск", "place": null, "population": 1092851.0, "short_name": "Красноярск", "lanes_length": 1612.8966613450359 }, "geometry": { "type": "LineString", "coordinates": [ [ 92.7940182, 56.0187692 ], [ 92.7850275, 56.0239738 ] ] } },
{ "type": "Feature", "properties": { "admin_level": "6", "index_right": 583.0, "lanes": 2, "length": 617.18323888900841, "name": "городской округ Красноярск", "place": null, "population": 1092851.0, "short_name": "Красноярск", "lanes_length": 1234.3664777780168 }, "geometry": { "type": "LineString", "coordinates": [ [ 92.8069058, 56.0013675 ], [ 92.8069487, 55.9996396 ], [ 92.8064123, 55.9984397 ], [ 92.8055754, 55.9972517 ], [ 92.8050819, 55.9960037 ] ] } },
{ "type": "Feature", "properties": { "admin_level": "6", "index_right": 583.0, "lanes": 1, "length": 1674.4479480714203, "name": "городской округ Красноярск", "place": null, "population": 1092851.0, "short_name": "Красноярск", "lanes_length": 1674.4479480714203 }, "geometry": { "type": "LineString", "coordinates": [ [ 92.8419828, 56.0089391 ], [ 92.8688264, 56.0103726 ] ] } },
{ "type": "Feature", "properties": { "admin_level": "6", "index_right": 583.0, "lanes": 1, "length": 3050.3357066324834, "name": "городской округ Красноярск", "place": null, "population": 1092851.0, "short_name": "Красноярск", "lanes_length": 3050.3357066324834 }, "geometry": { "type": "LineString", "coordinates": [ [ 92.8903055, 56.0147088 ], [ 92.871058, 56.0135453 ], [ 92.8414249, 56.011962 ] ] } },
{ "type": "Feature", "properties": { "admin_level": "6", "index_right": 583.0, "lanes": 1, "length": 155.24392017496803, "name": "городской округ Красноярск", "place": null, "population": 1092851.0, "short_name": "Красноярск", "lanes_length": 155.24392017496803 }, "geometry": { "type": "LineString", "coordinates": [ [ 92.8319728, 56.0058979 ], [ 92.8309965, 56.0046202 ] ] } },
{ "type": "Feature", "properties": { "admin_level": "6", "index_right": 583.0, "lanes": 1, "length": 157.21267754810185, "name": "городской округ Красноярск", "place": null, "population": 1092851.0, "short_name": "Красноярск", "lanes_length": 157.21267754810185 }, "geometry": { "type": "LineString", "coordinates": [ [ 92.8318119, 56.0059459 ], [ 92.830857, 56.0046442 ] ] } },
{ "type": "Feature", "properties": { "admin_level": "6", "index_right": 583.0, "lanes": 1, "length": 254.82426382742193, "name": "городской округ Красноярск", "place": null, "population": 1092851.0, "short_name": "Красноярск", "lanes_length": 254.82426382742193 }, "geometry": { "type": "LineString", "coordinates": [ [ 92.8756285, 56.0153445 ], [ 92.8715515, 56.0150806 ] ] } },
{ "type": "Feature", "properties": { "admin_level": "6", "index_right": 583.0, "lanes": 1, "length": 144.59564280944014, "name": "городской округ Красноярск", "place": null, "population": 1092851.0, "short_name": "Красноярск", "lanes_length": 144.59564280944014 }, "geometry": { "type": "LineString", "coordinates": [ [ 92.879002, 56.0109107 ], [ 92.8766792, 56.0108177 ] ] } },
{ "type": "Feature", "properties": { "admin_level": "6", "index_right": 583.0, "lanes": 1, "length": 470.91806326957976, "name": "городской округ Красноярск", "place": null, "population": 1092851.0, "short_name": "Красноярск", "lanes_length": 470.91806326957976 }, "geometry": { "type": "LineString", "coordinates": [ [ 92.8889957, 56.0113884 ], [ 92.8814427, 56.0110045 ] ] } },
{ "type": "Feature", "properties": { "admin_level": "6", "index_right": 583.0, "lanes": 1, "length": 270.40443240823117, "name": "городской округ Красноярск", "place": null, "population": 1092851.0, "short_name": "Красноярск", "lanes_length": 270.40443240823117 }, "geometry": { "type": "LineString", "coordinates": [ [ 92.8367523, 56.0115747 ], [ 92.8371921, 56.0091696 ] ] } },
{ "type": "Feature", "properties": { "admin_level": "6", "index_right": 583.0, "lanes": 1, "length": 504.18318058013904, "name": "городской округ Красноярск", "place": null, "population": 1092851.0, "short_name": "Красноярск", "lanes_length": 504.18318058013904 }, "geometry": { "type": "LineString", "coordinates": [ [ 92.9328892, 56.0364647 ], [ 92.9281363, 56.0401207 ] ] } },
{ "type": "Feature", "properties": { "admin_level": "6", "index_right": 583.0, "lanes": 1, "length": 565.51118383448011, "name": "городской округ Красноярск", "place": null, "population": 1092851.0, "short_name": "Красноярск", "lanes_length": 565.51118383448011 }, "geometry": { "type": "LineString", "coordinates": [ [ 92.8873035, 55.9860398 ], [ 92.8870031, 55.9910929 ] ] } },
{ "type": "Feature", "properties": { "admin_level": "6", "index_right": 97.0, "lanes": 2, "length": 443.53757703862675, "name": "городской округ Ростов-на-Дону", "place": null, "population": 1137704.0, "short_name": "Ростов-на-Дону", "lanes_length": 887.0751540772535 }, "geometry": { "type": "LineString", "coordinates": [ [ 39.690975, 47.2206611 ], [ 39.6930349, 47.2196628 ], [ 39.694097, 47.218752 ], [ 39.6949339, 47.2178046 ] ] } },
{ "type": "Feature", "properties": { "admin_level": "6", "index_right": 97.0, "lanes": 2, "length": 1469.0733066087409, "name": "городской округ Ростов-на-Дону", "place": null, "population": 1137704.0, "short_name": "Ростов-на-Дону", "lanes_length": 2938.1466132174819 }, "geometry": { "type": "LineString", "coordinates": [ [ 39.6931529, 47.2127325 ], [ 39.6905994, 47.2120475 ], [ 39.6796989, 47.2111583 ], [ 39.6742058, 47.2110563 ] ] } },
{ "type": "Feature", "properties": { "admin_level": "6", "index_right": 97.0, "lanes": 2, "length": 1737.5477280946059, "name": "городской округ Ростов-на-Дону", "place": null, "population": 1137704.0, "short_name": "Ростов-на-Дону", "lanes_length": 3475.0954561892117 }, "geometry": { "type": "LineString", "coordinates": [ [ 39.7199321, 47.2194515 ], [ 39.7134626, 47.2345771 ] ] } },
{ "type": "Feature", "properties": { "admin_level": "6", "index_right": 97.0, "lanes": 2, "length": 3260.3073752777245, "name": "городской округ Ростов-на-Дону", "place": null, "population": 1137704.0, "short_name": "Ростов-на-Дону", "lanes_length": 6520.6147505554491 }, "geometry": { "type": "LineString", "coordinates": [ [ 39.7139025, 47.2367479 ], [ 39.7134519, 47.2378697 ], [ 39.7127008, 47.2503974 ], [ 39.7207689, 47.2652811 ] ] } },
{ "type": "Feature", "properties": { "admin_level": "6", "index_right": 97.0, "lanes": 2, "length": 594.27883761104124, "name": "городской округ Ростов-на-Дону", "place": null, "population": 1137704.0, "short_name": "Ростов-на-Дону", "lanes_length": 1188.5576752220825 }, "geometry": { "type": "LineString", "coordinates": [ [ 39.7012854, 47.2158954 ], [ 39.7087311, 47.2174403 ] ] } },
{ "type": "Feature", "properties": { "admin_level": "6", "index_right": 97.0, "lanes": 2, "length": 941.9518458698002, "name": "городской округ Ростов-на-Дону", "place": null, "population": 1137704.0, "short_name": "Ростов-на-Дону", "lanes_length": 1883.9036917396004 }, "geometry": { "type": "LineString", "coordinates": [ [ 39.7578049, 47.2407834 ], [ 39.7612274, 47.2325664 ] ] } },
{ "type": "Feature", "properties": { "admin_level": "6", "index_right": 97.0, "lanes": 2, "length": 320.24607325052546, "name": "городской округ Ростов-на-Дону", "place": null, "population": 1137704.0, "short_name": "Ростов-на-Дону", "lanes_length": 640.49214650105091 }, "geometry": { "type": "LineString", "coordinates": [ [ 39.7627079, 47.2290621 ], [ 39.7615278, 47.2318524 ] ] } },
{ "type": "Feature", "properties": { "admin_level": "6", "index_right": 97.0, "lanes": 2, "length": 1263.2195154214978, "name": "городской округ Ростов-на-Дону", "place": null, "population": 1137704.0, "short_name": "Ростов-на-Дону", "lanes_length": 2526.4390308429956 }, "geometry": { "type": "LineString", "coordinates": [ [ 39.7047186, 47.2264611 ], [ 39.699794, 47.2374108 ] ] } },
{ "type": "Feature", "properties": { "admin_level": "6", "index_right": 97.0, "lanes": 2, "length": 217.14567184907236, "name": "городской округ Ростов-на-Дону", "place": null, "population": 1137704.0, "short_name": "Ростов-на-Дону", "lanes_length": 434.29134369814471 }, "geometry": { "type": "LineString", "coordinates": [ [ 39.6993971, 47.2382485 ], [ 39.698571, 47.2401351 ] ] } },
{ "type": "Feature", "properties": { "admin_level": "6", "index_right": 97.0, "lanes": 2, "length": 105.28618705729887, "name": "городской округ Ростов-на-Дону", "place": null, "population": 1137704.0, "short_name": "Ростов-на-Дону", "lanes_length": 210.57237411459775 }, "geometry": { "type": "LineString", "coordinates": [ [ 39.7635823, 47.242364 ], [ 39.7648644, 47.2427136 ] ] } },
{ "type": "Feature", "properties": { "admin_level": "6", "index_right": 97.0, "lanes": 2, "length": 1793.1633036146795, "name": "городской округ Ростов-на-Дону", "place": null, "population": 1137704.0, "short_name": "Ростов-на-Дону", "lanes_length": 3586.3266072293591 }, "geometry": { "type": "LineString", "coordinates": [ [ 39.7133875, 47.2946576 ], [ 39.717164, 47.2785885 ] ] } },
{ "type": "Feature", "properties": { "admin_level": "6", "index_right": 97.0, "lanes": 2, "length": 822.44664582974406, "name": "городской округ Ростов-на-Дону", "place": null, "population": 1137704.0, "short_name": "Ростов-на-Дону", "lanes_length": 1644.8932916594881 }, "geometry": { "type": "LineString", "coordinates": [ [ 39.705534, 47.2246979 ], [ 39.7087526, 47.2175715 ] ] } },
{ "type": "Feature", "properties": { "admin_level": "6", "index_right": 97.0, "lanes": 1, "length": 860.15495873685018, "name": "городской округ Ростов-на-Дону", "place": null, "population": 1137704.0, "short_name": "Ростов-на-Дону", "lanes_length": 860.15495873685018 }, "geometry": { "type": "LineString", "coordinates": [ [ 39.7196531, 47.219743 ], [ 39.7088921, 47.2174694 ] ] } },
{ "type": "Feature", "properties": { "admin_level": "6", "index_right": 97.0, "lanes": 1, "length": 225.14077360904261, "name": "городской округ Ростов-на-Дону", "place": null, "population": 1137704.0, "short_name": "Ростов-на-Дону", "lanes_length": 225.14077360904261 }, "geometry": { "type": "LineString", "coordinates": [ [ 39.7143853, 47.2185625 ], [ 39.7152221, 47.2166023 ] ] } },
{ "type": "Feature", "properties": { "admin_level": "6", "index_right": 97.0, "lanes": 1, "length": 252.23167143090166, "name": "городской округ Ростов-на-Дону", "place": null, "population": 1137704.0, "short_name": "Ростов-на-Дону", "lanes_length": 252.23167143090166 }, "geometry": { "type": "LineString", "coordinates": [ [ 39.7661626, 47.2296741 ], [ 39.7629923, 47.2290403 ] ] } },
{ "type": "Feature", "properties": { "admin_level": "6", "index_right": 97.0, "lanes": 1, "length": 646.47997428954238, "name": "городской округ Ростов-на-Дону", "place": null, "population": 1137704.0, "short_name": "Ростов-на-Дону", "lanes_length": 646.47997428954238 }, "geometry": { "type": "LineString", "coordinates": [ [ 39.6981311, 47.2496983 ], [ 39.7065854, 47.2494943 ] ] } },
{ "type": "Feature", "properties": { "admin_level": "6", "index_right": 97.0, "lanes": 1, "length": 366.95907250880987, "name": "городской округ Ростов-на-Дону", "place": null, "population": 1137704.0, "short_name": "Ростов-на-Дону", "lanes_length": 366.95907250880987 }, "geometry": { "type": "LineString", "coordinates": [ [ 39.7084093, 47.2552256 ], [ 39.7040749, 47.253791 ] ] } },
{ "type": "Feature", "properties": { "admin_level": "6", "index_right": 97.0, "lanes": 1, "length": 33.639424918206075, "name": "городской округ Ростов-на-Дону", "place": null, "population": 1137704.0, "short_name": "Ростов-на-Дону", "lanes_length": 33.639424918206075 }, "geometry": { "type": "LineString", "coordinates": [ [ 39.6139634, 47.2323478 ], [ 39.6135235, 47.2323406 ] ] } },
{ "type": "Feature", "properties": { "admin_level": "6", "index_right": 97.0, "lanes": 1, "length": 817.64389342951677, "name": "городской округ Ростов-на-Дону", "place": null, "population": 1137704.0, "short_name": "Ростов-на-Дону", "lanes_length": 817.64389342951677 }, "geometry": { "type": "LineString", "coordinates": [ [ 39.7619676, 47.2307013 ], [ 39.7516465, 47.2287561 ] ] } },
{ "type": "Feature", "properties": { "admin_level": "6", "index_right": 97.0, "lanes": 1, "length": 201.85056229835618, "name": "городской округ Ростов-на-Дону", "place": null, "population": 1137704.0, "short_name": "Ростов-на-Дону", "lanes_length": 201.85056229835618 }, "geometry": { "type": "LineString", "coordinates": [ [ 39.7461962, 47.2276924 ], [ 39.7452736, 47.2279037 ], [ 39.7436643, 47.2275977 ] ] } },
{ "type": "Feature", "properties": { "admin_level": "6", "index_right": 323.0, "lanes": 2, "length": 3179.8088825478203, "name": "городской округ Набережные Челны", "place": null, "population": 532074.0, "short_name": "Набережные Челны", "lanes_length": 6359.6177650956406 }, "geometry": { "type": "LineString", "coordinates": [ [ 52.2871971, 55.6766165 ], [ 52.305479, 55.6884235 ], [ 52.3168087, 55.6995498 ] ] } },
{ "type": "Feature", "properties": { "admin_level": "6", "index_right": 323.0, "lanes": 2, "length": 1600.1343454393307, "name": "городской округ Набережные Челны", "place": null, "population": 532074.0, "short_name": "Набережные Челны", "lanes_length": 3200.2686908786613 }, "geometry": { "type": "LineString", "coordinates": [ [ 52.3288679, 55.7019198 ], [ 52.344532, 55.7039269 ], [ 52.3529863, 55.706345 ] ] } },
{ "type": "Feature", "properties": { "admin_level": "6", "index_right": 323.0, "lanes": 2, "length": 1145.5874048285805, "name": "городской округ Набережные Челны", "place": null, "population": 532074.0, "short_name": "Набережные Челны", "lanes_length": 2291.1748096571609 }, "geometry": { "type": "LineString", "coordinates": [ [ 52.3604751, 55.7100927 ], [ 52.364037, 55.7118939 ], [ 52.3665905, 55.7149884 ], [ 52.3717403, 55.7179738 ] ] } },
{ "type": "Feature", "properties": { "admin_level": "6", "index_right": 323.0, "lanes": 2, "length": 6769.1082925092232, "name": "городской округ Набережные Челны", "place": null, "population": 532074.0, "short_name": "Набережные Челны", "lanes_length": 13538.216585018446 }, "geometry": { "type": "LineString", "coordinates": [ [ 52.3725986, 55.7184573 ], [ 52.404871, 55.7360992 ], [ 52.4097633, 55.7443616 ], [ 52.4437523, 55.7629576 ] ] } },
{ "type": "Feature", "properties": { "admin_level": "6", "index_right": 323.0, "lanes": 2, "length": 5926.2374510214122, "name": "городской округ Набережные Челны", "place": null, "population": 532074.0, "short_name": "Набережные Челны", "lanes_length": 11852.474902042824 }, "geometry": { "type": "LineString", "coordinates": [ [ 52.3865032, 55.7194242 ], [ 52.4547386, 55.7561965 ] ] } },
{ "type": "Feature", "properties": { "admin_level": "6", "index_right": 323.0, "lanes": 2, "length": 3018.6510735660131, "name": "городской округ Набережные Челны", "place": null, "population": 532074.0, "short_name": "Набережные Челны", "lanes_length": 6037.3021471320262 }, "geometry": { "type": "LineString", "coordinates": [ [ 52.3824692, 55.7457143 ], [ 52.4133682, 55.7405447 ], [ 52.4244404, 55.7340696 ] ] } },
{ "type": "Feature", "properties": { "admin_level": "6", "index_right": 323.0, "lanes": 2, "length": 2890.0880165671997, "name": "городской округ Набережные Челны", "place": null, "population": 532074.0, "short_name": "Набережные Челны", "lanes_length": 5780.1760331343994 }, "geometry": { "type": "LineString", "coordinates": [ [ 52.4339676, 55.7397233 ], [ 52.4017811, 55.7582732 ] ] } },
{ "type": "Feature", "properties": { "admin_level": "6", "index_right": 483.0, "lanes": 2, "length": 212.55095926398766, "name": "городской округ Омск", "place": null, "population": 1139897.0, "short_name": "Омск", "lanes_length": 425.10191852797533 }, "geometry": { "type": "LineString", "coordinates": [ [ 73.3765697, 54.9870208 ], [ 73.3779323, 54.9852849 ] ] } },
{ "type": "Feature", "properties": { "admin_level": "6", "index_right": 483.0, "lanes": 2, "length": 453.20864392524237, "name": "городской округ Омск", "place": null, "population": 1139897.0, "short_name": "Омск", "lanes_length": 906.41728785048474 }, "geometry": { "type": "LineString", "coordinates": [ [ 73.3720207, 54.9911327 ], [ 73.3649182, 54.9912804 ] ] } },
{ "type": "Feature", "properties": { "admin_level": "6", "index_right": 483.0, "lanes": 2, "length": 709.14244296244817, "name": "городской округ Омск", "place": null, "population": 1139897.0, "short_name": "Омск", "lanes_length": 1418.2848859248963 }, "geometry": { "type": "LineString", "coordinates": [ [ 73.3594181, 54.994648 ], [ 73.3532812, 54.9999407 ] ] } },
{ "type": "Feature", "properties": { "admin_level": "6", "index_right": 483.0, "lanes": 2, "length": 732.43249983922613, "name": "городской округ Омск", "place": null, "population": 1139897.0, "short_name": "Омск", "lanes_length": 1464.8649996784523 }, "geometry": { "type": "LineString", "coordinates": [ [ 73.3320553, 55.0125924 ], [ 73.339952, 55.010107 ], [ 73.3418401, 55.0091964 ] ] } },
{ "type": "Feature", "properties": { "admin_level": "6", "index_right": 483.0, "lanes": 1, "length": 855.58316755154783, "name": "городской округ Омск", "place": null, "population": 1139897.0, "short_name": "Омск", "lanes_length": 855.58316755154783 }, "geometry": { "type": "LineString", "coordinates": [ [ 73.3860219, 54.9625379 ], [ 73.3857859, 54.9638807 ], [ 73.3833075, 54.9700272 ] ] } },
{ "type": "Feature", "properties": { "admin_level": "6", "index_right": 483.0, "lanes": 1, "length": 552.02313440074909, "name": "городской округ Омск", "place": null, "population": 1139897.0, "short_name": "Омск", "lanes_length": 552.02313440074909 }, "geometry": { "type": "LineString", "coordinates": [ [ 73.3801746, 54.9816527 ], [ 73.3811725, 54.9767455 ] ] } },
{ "type": "Feature", "properties": { "admin_level": "6", "index_right": 483.0, "lanes": 1, "length": 188.51419501833581, "name": "городской округ Омск", "place": null, "population": 1139897.0, "short_name": "Омск", "lanes_length": 188.51419501833581 }, "geometry": { "type": "LineString", "coordinates": [ [ 73.3824062, 54.9730016 ], [ 73.3820521, 54.9746765 ] ] } },
{ "type": "Feature", "properties": { "admin_level": "6", "index_right": 483.0, "lanes": 1, "length": 742.19814803210693, "name": "городской округ Омск", "place": null, "population": 1139897.0, "short_name": "Омск", "lanes_length": 742.19814803210693 }, "geometry": { "type": "LineString", "coordinates": [ [ 73.3535242, 55.0242215 ], [ 73.3578479, 55.0245905 ], [ 73.3641458, 55.024486 ], [ 73.3649933, 55.0242092 ] ] } },
{ "type": "Feature", "properties": { "admin_level": "6", "index_right": 483.0, "lanes": 1, "length": 261.7412945255677, "name": "городской округ Омск", "place": null, "population": 1139897.0, "short_name": "Омск", "lanes_length": 261.7412945255677 }, "geometry": { "type": "LineString", "coordinates": [ [ 73.3745099, 54.9892454 ], [ 73.3761943, 54.9871094 ] ] } },
{ "type": "Feature", "properties": { "admin_level": "6", "index_right": 16.0, "lanes": 2, "length": 1012.9598624121832, "name": "городской округ Сочи", "place": null, "population": 432322.0, "short_name": "Сочи", "lanes_length": 2025.9197248243663 }, "geometry": { "type": "LineString", "coordinates": [ [ 39.7270667, 43.5916243 ], [ 39.7263479, 43.5871832 ], [ 39.7228074, 43.5831732 ] ] } },
{ "type": "Feature", "properties": { "admin_level": "6", "index_right": 16.0, "lanes": 1, "length": 2671.4328842308846, "name": "городской округ Сочи", "place": null, "population": 432322.0, "short_name": "Сочи", "lanes_length": 2671.4328842308846 }, "geometry": { "type": "LineString", "coordinates": [ [ 39.7210371, 43.58294 ], [ 39.7253823, 43.5793028 ], [ 39.7386217, 43.5697888 ], [ 39.7448015, 43.5663373 ] ] } },
{ "type": "Feature", "properties": { "admin_level": "6", "index_right": 16.0, "lanes": 1, "length": 222.90575253969459, "name": "городской округ Сочи", "place": null, "population": 432322.0, "short_name": "Сочи", "lanes_length": 222.90575253969459 }, "geometry": { "type": "LineString", "coordinates": [ [ 39.7224534, 43.5940681 ], [ 39.7248137, 43.5930657 ] ] } },
{ "type": "Feature", "properties": { "admin_level": "6", "index_right": 16.0, "lanes": 1, "length": 78.994514091486721, "name": "городской округ Сочи", "place": null, "population": 432322.0, "short_name": "Сочи", "lanes_length": 78.994514091486721 }, "geometry": { "type": "LineString", "coordinates": [ [ 39.7277534, 43.5929375 ], [ 39.7282201, 43.5935708 ] ] } },
{ "type": "Feature", "properties": { "admin_level": "6", "index_right": 243.0, "lanes": 2, "length": 82.055084180559817, "name": "городской округ Ярославль", "place": null, "population": 601403.0, "short_name": "Ярославль", "lanes_length": 164.11016836111963 }, "geometry": { "type": "LineString", "coordinates": [ [ 39.8354441, 57.6263708 ], [ 39.8365063, 57.6259026 ] ] } },
{ "type": "Feature", "properties": { "admin_level": "6", "index_right": 243.0, "lanes": 1, "length": 372.74647531754357, "name": "городской округ Ярославль", "place": null, "population": 601403.0, "short_name": "Ярославль", "lanes_length": 372.74647531754357 }, "geometry": { "type": "LineString", "coordinates": [ [ 39.8838472, 57.625805 ], [ 39.8839868, 57.6253454 ], [ 39.887023, 57.6229785 ] ] } },
{ "type": "Feature", "properties": { "admin_level": "6", "index_right": 243.0, "lanes": 1, "length": 83.630403022303966, "name": "городской округ Ярославль", "place": null, "population": 601403.0, "short_name": "Ярославль", "lanes_length": 83.630403022303966 }, "geometry": { "type": "LineString", "coordinates": [ [ 39.8878866, 57.6332063 ], [ 39.8879188, 57.6324596 ] ] } },
{ "type": "Feature", "properties": { "admin_level": "6", "index_right": 243.0, "lanes": 1, "length": 1531.3878628280286, "name": "городской округ Ярославль", "place": null, "population": 601403.0, "short_name": "Ярославль", "lanes_length": 1531.3878628280286 }, "geometry": { "type": "LineString", "coordinates": [ [ 39.9219733, 57.6284332 ], [ 39.9200421, 57.6312248 ], [ 39.9151497, 57.6406205 ], [ 39.9142485, 57.6414474 ] ] } },
{ "type": "Feature", "properties": { "admin_level": "6", "index_right": 165.0, "lanes": 2, "length": 2217.4631315084907, "name": "городской округ Химки", "place": null, "population": 257757.0, "short_name": "Химки", "lanes_length": 4434.9262630169815 }, "geometry": { "type": "LineString", "coordinates": [ [ 37.4299908, 55.88855 ], [ 37.4257851, 55.8870097 ], [ 37.4205494, 55.8866246 ], [ 37.4160862, 55.8875392 ], [ 37.4130821, 55.8893683 ], [ 37.4111938, 55.8915823 ], [ 37.4091339, 55.8979832 ] ] } },
{ "type": "Feature", "properties": { "admin_level": "6", "index_right": 165.0, "lanes": 2, "length": 658.15824578124705, "name": "городской округ Химки", "place": null, "population": 257757.0, "short_name": "Химки", "lanes_length": 1316.3164915624941 }, "geometry": { "type": "LineString", "coordinates": [ [ 37.4115385, 55.8840697 ], [ 37.4147143, 55.8836485 ], [ 37.4194779, 55.8805674 ] ] } },
{ "type": "Feature", "properties": { "admin_level": "6", "index_right": 165.0, "lanes": 1, "length": 254.310979911348, "name": "городской округ Химки", "place": null, "population": 257757.0, "short_name": "Химки", "lanes_length": 254.310979911348 }, "geometry": { "type": "LineString", "coordinates": [ [ 37.4091125, 55.9624378 ], [ 37.4051642, 55.9618433 ] ] } },
{ "type": "Feature", "properties": { "admin_level": "6", "index_right": 165.0, "lanes": 1, "length": 257.49343103208332, "name": "городской округ Химки", "place": null, "population": 257757.0, "short_name": "Химки", "lanes_length": 257.49343103208332 }, "geometry": { "type": "LineString", "coordinates": [ [ 37.4538565, 55.8833167 ], [ 37.4531377, 55.8845503 ], [ 37.4523652, 55.8854589 ] ] } },
{ "type": "Feature", "properties": { "admin_level": "6", "index_right": 165.0, "lanes": 1, "length": 667.61827159994095, "name": "городской округ Химки", "place": null, "population": 257757.0, "short_name": "Химки", "lanes_length": 667.61827159994095 }, "geometry": { "type": "LineString", "coordinates": [ [ 37.4196022, 55.9093981 ], [ 37.4199401, 55.9088538 ], [ 37.4206858, 55.9082014 ], [ 37.4223541, 55.9074466 ], [ 37.4276569, 55.9057131 ] ] } },
{ "type": "Feature", "properties": { "admin_level": "6", "index_right": 165.0, "lanes": 1, "length": 270.36048096818377, "name": "городской округ Химки", "place": null, "population": 257757.0, "short_name": "Химки", "lanes_length": 270.36048096818377 }, "geometry": { "type": "LineString", "coordinates": [ [ 37.4237909, 55.8781842 ], [ 37.4207224, 55.8798934 ] ] } },
{ "type": "Feature", "properties": { "admin_level": null, "index_right": 697.0, "lanes": 2, "length": 2563.6539704254801, "name": "городской округ Одинцовский", "place": null, "population": null, "short_name": null, "lanes_length": 5127.3079408509602 }, "geometry": { "type": "LineString", "coordinates": [ [ 37.3449325, 55.6991145 ], [ 37.3638153, 55.7089322 ], [ 37.3778915, 55.7121236 ] ] } },
{ "type": "Feature", "properties": { "admin_level": null, "index_right": 697.0, "lanes": 1, "length": 329.00883317530196, "name": "городской округ Одинцовский", "place": null, "population": null, "short_name": null, "lanes_length": 329.00883317530196 }, "geometry": { "type": "LineString", "coordinates": [ [ 37.2777595, 55.6750045 ], [ 37.281064, 55.6727176 ] ] } },
{ "type": "Feature", "properties": { "admin_level": "6", "index_right": 81.0, "lanes": 2, "length": 94.303672870418936, "name": "городской округ Смоленск", "place": null, "population": 320170.0, "short_name": "Смоленск", "lanes_length": 188.60734574083787 }, "geometry": { "type": "LineString", "coordinates": [ [ 32.0506905, 54.7894342 ], [ 32.050476, 54.7902693 ] ] } },
{ "type": "Feature", "properties": { "admin_level": "6", "index_right": 81.0, "lanes": 1, "length": 125.75131230533839, "name": "городской округ Смоленск", "place": null, "population": 320170.0, "short_name": "Смоленск", "lanes_length": 125.75131230533839 }, "geometry": { "type": "LineString", "coordinates": [ [ 32.0546789, 54.7814609 ], [ 32.0527692, 54.7817177 ] ] } },
{ "type": "Feature", "properties": { "admin_level": "6", "index_right": 81.0, "lanes": 1, "length": 51.803554595589567, "name": "городской округ Смоленск", "place": null, "population": 320170.0, "short_name": "Смоленск", "lanes_length": 51.803554595589567 }, "geometry": { "type": "LineString", "coordinates": [ [ 32.0447098, 54.8042821 ], [ 32.0444201, 54.804715 ] ] } },
{ "type": "Feature", "properties": { "admin_level": "6", "index_right": 81.0, "lanes": 1, "length": 146.80927595078896, "name": "городской округ Смоленск", "place": null, "population": 320170.0, "short_name": "Смоленск", "lanes_length": 146.80927595078896 }, "geometry": { "type": "LineString", "coordinates": [ [ 32.0537804, 54.7905914 ], [ 32.0515059, 54.7904368 ] ] } },
{ "type": "Feature", "properties": { "admin_level": "6", "index_right": 303.0, "lanes": 2, "length": 542.76783167402755, "name": "городской округ Ульяновск", "place": null, "population": 625462.0, "short_name": "Ульяновск", "lanes_length": 1085.5356633480551 }, "geometry": { "type": "LineString", "coordinates": [ [ 48.3714055, 54.3062687 ], [ 48.3631229, 54.3055926 ] ] } },
{ "type": "Feature", "properties": { "admin_level": "6", "index_right": 303.0, "lanes": 1, "length": 1093.4622037156466, "name": "городской округ Ульяновск", "place": null, "population": 625462.0, "short_name": "Ульяновск", "lanes_length": 1093.4622037156466 }, "geometry": { "type": "LineString", "coordinates": [ [ 48.3982309, 54.3047847 ], [ 48.4038957, 54.306212 ], [ 48.4086164, 54.30814 ], [ 48.4114488, 54.3104684 ] ] } },
{ "type": "Feature", "properties": { "admin_level": "6", "index_right": 303.0, "lanes": 1, "length": 558.69086543873368, "name": "городской округ Ульяновск", "place": null, "population": 625462.0, "short_name": "Ульяновск", "lanes_length": 558.69086543873368 }, "geometry": { "type": "LineString", "coordinates": [ [ 48.4832782, 54.3228054 ], [ 48.480231, 54.321748 ], [ 48.475768, 54.3203587 ] ] } },
{ "type": "Feature", "properties": { "admin_level": "6", "index_right": 261.0, "lanes": 2, "length": 947.10165772764481, "name": "городской округ Вологда", "place": null, "population": 308530.0, "short_name": "Вологда", "lanes_length": 1894.2033154552896 }, "geometry": { "type": "LineString", "coordinates": [ [ 39.8688675, 59.2030597 ], [ 39.8637605, 59.1990824 ], [ 39.8603273, 59.195808 ] ] } },
{ "type": "Feature", "properties": { "admin_level": "6", "index_right": 261.0, "lanes": 1, "length": 855.64833224752454, "name": "городской округ Вологда", "place": null, "population": 308530.0, "short_name": "Вологда", "lanes_length": 855.64833224752454 }, "geometry": { "type": "LineString", "coordinates": [ [ 39.8446671, 59.2172841 ], [ 39.8296682, 59.2165813 ] ] } },
{ "type": "Feature", "properties": { "admin_level": "6", "index_right": 93.0, "lanes": 2, "length": 3986.5340920116178, "name": "городской округ Белгород", "place": null, "population": 391702.0, "short_name": "Белгород", "lanes_length": 7973.0681840232355 }, "geometry": { "type": "LineString", "coordinates": [ [ 36.5662236, 50.5879206 ], [ 36.5705212, 50.5666657 ], [ 36.5728851, 50.5522524 ] ] } },
{ "type": "Feature", "properties": { "admin_level": "6", "index_right": 93.0, "lanes": 2, "length": 4776.9797584488551, "name": "городской округ Белгород", "place": null, "population": 391702.0, "short_name": "Белгород", "lanes_length": 9553.9595168977103 }, "geometry": { "type": "LineString", "coordinates": [ [ 36.5795046, 50.5954843 ], [ 36.5808463, 50.6037847 ], [ 36.5708894, 50.6378951 ] ] } },
{ "type": "Feature", "properties": { "admin_level": "6", "index_right": 93.0, "lanes": 2, "length": 1060.4763486144916, "name": "городской округ Белгород", "place": null, "population": 391702.0, "short_name": "Белгород", "lanes_length": 2120.9526972289832 }, "geometry": { "type": "LineString", "coordinates": [ [ 36.5649583, 50.6553609 ], [ 36.5679624, 50.6460006 ] ] } },
{ "type": "Feature", "properties": { "admin_level": "6", "index_right": 93.0, "lanes": 1, "length": 852.14233147635582, "name": "городской округ Белгород", "place": null, "population": 391702.0, "short_name": "Белгород", "lanes_length": 852.14233147635582 }, "geometry": { "type": "LineString", "coordinates": [ [ 36.5710003, 50.6384146 ], [ 36.5685112, 50.6459261 ] ] } },
{ "type": "Feature", "properties": { "admin_level": "6", "index_right": 93.0, "lanes": 1, "length": 222.12656859870236, "name": "городской округ Белгород", "place": null, "population": 391702.0, "short_name": "Белгород", "lanes_length": 222.12656859870236 }, "geometry": { "type": "LineString", "coordinates": [ [ 36.566206, 50.5880332 ], [ 36.5683947, 50.5894637 ] ] } },
{ "type": "Feature", "properties": { "admin_level": "6", "index_right": 93.0, "lanes": 1, "length": 479.93856058400593, "name": "городской округ Белгород", "place": null, "population": 391702.0, "short_name": "Белгород", "lanes_length": 479.93856058400593 }, "geometry": { "type": "LineString", "coordinates": [ [ 36.5641246, 50.588619 ], [ 36.5636096, 50.5892048 ], [ 36.5637169, 50.5898179 ], [ 36.5644465, 50.589995 ], [ 36.5652404, 50.5898723 ], [ 36.5657447, 50.5895931 ], [ 36.566206, 50.5880332 ] ] } },
{ "type": "Feature", "properties": { "admin_level": "6", "index_right": 93.0, "lanes": 1, "length": 264.43283308691548, "name": "городской округ Белгород", "place": null, "population": 391702.0, "short_name": "Белгород", "lanes_length": 264.43283308691548 }, "geometry": { "type": "LineString", "coordinates": [ [ 36.5666521, 50.5658203 ], [ 36.5703429, 50.5661338 ] ] } },
{ "type": "Feature", "properties": { "admin_level": "6", "index_right": 93.0, "lanes": 1, "length": 707.86483778591651, "name": "городской округ Белгород", "place": null, "population": 391702.0, "short_name": "Белгород", "lanes_length": 707.86483778591651 }, "geometry": { "type": "LineString", "coordinates": [ [ 36.5840063, 50.5717203 ], [ 36.5827725, 50.5780501 ] ] } },
{ "type": "Feature", "properties": { "admin_level": "6", "index_right": 131.0, "lanes": 2, "length": 2263.3671476148515, "name": "городской округ Воронеж", "place": null, "population": 1050602.0, "short_name": "Воронеж", "lanes_length": 4526.7342952297031 }, "geometry": { "type": "LineString", "coordinates": [ [ 39.2621255, 51.6861443 ], [ 39.2318702, 51.6938861 ] ] } },
{ "type": "Feature", "properties": { "admin_level": "6", "index_right": 131.0, "lanes": 2, "length": 2381.9466644115919, "name": "городской округ Воронеж", "place": null, "population": 1050602.0, "short_name": "Воронеж", "lanes_length": 4763.8933288231838 }, "geometry": { "type": "LineString", "coordinates": [ [ 39.2157841, 51.6734218 ], [ 39.2205953, 51.6684718 ], [ 39.2221188, 51.6679394 ], [ 39.2451428, 51.6654507 ] ] } },
{ "type": "Feature", "properties": { "admin_level": "6", "index_right": 131.0, "lanes": 2, "length": 2714.1686735500921, "name": "городской округ Воронеж", "place": null, "population": 1050602.0, "short_name": "Воронеж", "lanes_length": 5428.3373471001842 }, "geometry": { "type": "LineString", "coordinates": [ [ 39.1983283, 51.6458517 ], [ 39.2032636, 51.6420169 ], [ 39.2081451, 51.637251 ], [ 39.2103017, 51.6363971 ], [ 39.228931, 51.6324824 ] ] } },
{ "type": "Feature", "properties": { "admin_level": "6", "index_right": 131.0, "lanes": 2, "length": 1511.6367999149229, "name": "городской округ Воронеж", "place": null, "population": 1050602.0, "short_name": "Воронеж", "lanes_length": 3023.2735998298458 }, "geometry": { "type": "LineString", "coordinates": [ [ 39.1857829, 51.6733097 ], [ 39.1990867, 51.6625299 ] ] } },
{ "type": "Feature", "properties": { "admin_level": "6", "index_right": 131.0, "lanes": 2, "length": 3070.9193461607756, "name": "городской округ Воронеж", "place": null, "population": 1050602.0, "short_name": "Воронеж", "lanes_length": 6141.8386923215512 }, "geometry": { "type": "LineString", "coordinates": [ [ 39.1820942, 51.7016729 ], [ 39.1854363, 51.6741366 ] ] } },
{ "type": "Feature", "properties": { "admin_level": "6", "index_right": 131.0, "lanes": 1, "length": 210.45604875037466, "name": "городской округ Воронеж", "place": null, "population": 1050602.0, "short_name": "Воронеж", "lanes_length": 210.45604875037466 }, "geometry": { "type": "LineString", "coordinates": [ [ 39.2017587, 51.6634672 ], [ 39.2041029, 51.6643623 ], [ 39.2043765, 51.6644222 ] ] } },
{ "type": "Feature", "properties": { "admin_level": "6", "index_right": 131.0, "lanes": 1, "length": 131.63784138294326, "name": "городской округ Воронеж", "place": null, "population": 1050602.0, "short_name": "Воронеж", "lanes_length": 131.63784138294326 }, "geometry": { "type": "LineString", "coordinates": [ [ 39.2467313, 51.6650709 ], [ 39.247257, 51.6647781 ], [ 39.2483568, 51.6644853 ] ] } },
{ "type": "Feature", "properties": { "admin_level": "6", "index_right": 131.0, "lanes": 1, "length": 91.297097072393626, "name": "городской округ Воронеж", "place": null, "population": 1050602.0, "short_name": "Воронеж", "lanes_length": 91.297097072393626 }, "geometry": { "type": "LineString", "coordinates": [ [ 39.2577111, 51.6384623 ], [ 39.2581107, 51.6392447 ] ] } },
{ "type": "Feature", "properties": { "admin_level": "6", "index_right": 131.0, "lanes": 1, "length": 88.413868543466549, "name": "городской округ Воронеж", "place": null, "population": 1050602.0, "short_name": "Воронеж", "lanes_length": 88.413868543466549 }, "geometry": { "type": "LineString", "coordinates": [ [ 39.2577781, 51.6392946 ], [ 39.2574201, 51.6385314 ] ] } },
{ "type": "Feature", "properties": { "admin_level": "6", "index_right": 365.0, "lanes": 2, "length": 6645.4759410518036, "name": "Челябинск", "place": null, "population": 1187960.0, "short_name": "Челябинск", "lanes_length": 13290.951882103607 }, "geometry": { "type": "LineString", "coordinates": [ [ 61.2865448, 55.1870883 ], [ 61.3019546, 55.1939279 ], [ 61.3038214, 55.1943688 ], [ 61.332682, 55.1944178 ], [ 61.3540538, 55.1943688 ], [ 61.3637066, 55.1918044 ], [ 61.3859829, 55.1921641 ] ] } },
{ "type": "Feature", "properties": { "admin_level": "6", "index_right": 365.0, "lanes": 1, "length": 715.74968655748171, "name": "Челябинск", "place": null, "population": 1187960.0, "short_name": "Челябинск", "lanes_length": 715.74968655748171 }, "geometry": { "type": "LineString", "coordinates": [ [ 61.4122729, 55.1584924 ], [ 61.4098669, 55.1581974 ], [ 61.4097797, 55.1579794 ], [ 61.4078794, 55.1577308 ], [ 61.4014152, 55.1576066 ] ] } },
{ "type": "Feature", "properties": { "admin_level": "6", "index_right": 365.0, "lanes": 1, "length": 113.11931963156285, "name": "Челябинск", "place": null, "population": 1187960.0, "short_name": "Челябинск", "lanes_length": 113.11931963156285 }, "geometry": { "type": "LineString", "coordinates": [ [ 61.4142597, 55.1420798 ], [ 61.4137447, 55.1411109 ] ] } },
{ "type": "Feature", "properties": { "admin_level": "6", "index_right": 365.0, "lanes": 1, "length": 147.32232183074325, "name": "Челябинск", "place": null, "population": 1187960.0, "short_name": "Челябинск", "lanes_length": 147.32232183074325 }, "geometry": { "type": "LineString", "coordinates": [ [ 61.403857, 55.1604249 ], [ 61.4015396, 55.1603575 ] ] } },
{ "type": "Feature", "properties": { "admin_level": "6", "index_right": 365.0, "lanes": 1, "length": 709.69148907829106, "name": "Челябинск", "place": null, "population": 1187960.0, "short_name": "Челябинск", "lanes_length": 709.69148907829106 }, "geometry": { "type": "LineString", "coordinates": [ [ 61.3779746, 55.1682774 ], [ 61.3791226, 55.1679158 ], [ 61.3805495, 55.1676523 ], [ 61.3808285, 55.1629028 ] ] } },
{ "type": "Feature", "properties": { "admin_level": "6", "index_right": 365.0, "lanes": 1, "length": 408.13670692033446, "name": "Челябинск", "place": null, "population": 1187960.0, "short_name": "Челябинск", "lanes_length": 408.13670692033446 }, "geometry": { "type": "LineString", "coordinates": [ [ 61.3583528, 55.1720986 ], [ 61.3583313, 55.1757503 ] ] } },
{ "type": "Feature", "properties": { "admin_level": "6", "index_right": 120.0, "lanes": 2, "length": 4622.0362388526846, "name": "городской округ Брянск", "place": null, "population": 399579.0, "short_name": "Брянск", "lanes_length": 9244.0724777053692 }, "geometry": { "type": "LineString", "coordinates": [ [ 34.3774318, 53.2227019 ], [ 34.3838691, 53.229279 ], [ 34.3898773, 53.2365229 ], [ 34.4041252, 53.2476689 ], [ 34.4070434, 53.2517259 ], [ 34.4064426, 53.2550124 ], [ 34.4054126, 53.258966 ] ] } },
{ "type": "Feature", "properties": { "admin_level": "6", "index_right": 201.0, "lanes": 1, "length": 949.62430541782703, "name": "городской округ Рязань", "place": null, "population": 534801.0, "short_name": "Рязань", "lanes_length": 949.62430541782703 }, "geometry": { "type": "LineString", "coordinates": [ [ 39.6888185, 54.6179962 ], [ 39.6992469, 54.6240092 ] ] } },
{ "type": "Feature", "properties": { "admin_level": "6", "index_right": 201.0, "lanes": 1, "length": 1171.2408055939022, "name": "городской округ Рязань", "place": null, "population": 534801.0, "short_name": "Рязань", "lanes_length": 1171.2408055939022 }, "geometry": { "type": "LineString", "coordinates": [ [ 39.7334719, 54.6283694 ], [ 39.7336006, 54.6263074 ], [ 39.7440076, 54.6203941 ] ] } },
{ "type": "Feature", "properties": { "admin_level": "6", "index_right": 201.0, "lanes": 1, "length": 257.51753067098406, "name": "городской округ Рязань", "place": null, "population": 534801.0, "short_name": "Рязань", "lanes_length": 257.51753067098406 }, "geometry": { "type": "LineString", "coordinates": [ [ 39.7455096, 54.6194995 ], [ 39.748385, 54.6178968 ] ] } },
{ "type": "Feature", "properties": { "admin_level": "6", "index_right": 201.0, "lanes": 1, "length": 845.86844482441109, "name": "городской округ Рязань", "place": null, "population": 534801.0, "short_name": "Рязань", "lanes_length": 845.86844482441109 }, "geometry": { "type": "LineString", "coordinates": [ [ 39.7569573, 54.6221768 ], [ 39.7664094, 54.6274377 ] ] } },
{ "type": "Feature", "properties": { "admin_level": "6", "index_right": 201.0, "lanes": 1, "length": 1911.3603459074786, "name": "городской округ Рязань", "place": null, "population": 534801.0, "short_name": "Рязань", "lanes_length": 1911.3603459074786 }, "geometry": { "type": "LineString", "coordinates": [ [ 39.7833824, 54.6219594 ], [ 39.7817087, 54.6206425 ], [ 39.7557878, 54.6165922 ] ] } },
{ "type": "Feature", "properties": { "admin_level": "6", "index_right": 118.0, "lanes": 1, "length": 461.54414025861422, "name": "городской округ Курск", "place": null, "population": 450977.0, "short_name": "Курск", "lanes_length": 461.54414025861422 }, "geometry": { "type": "LineString", "coordinates": [ [ 36.183182, 51.7531641 ], [ 36.1855102, 51.7541537 ], [ 36.1892223, 51.7548112 ] ] } },
{ "type": "Feature", "properties": { "admin_level": "6", "index_right": 118.0, "lanes": 1, "length": 1839.8057647364551, "name": "городской округ Курск", "place": null, "population": 450977.0, "short_name": "Курск", "lanes_length": 1839.8057647364551 }, "geometry": { "type": "LineString", "coordinates": [ [ 36.1946297, 51.7480763 ], [ 36.1927843, 51.7315735 ] ] } },
{ "type": "Feature", "properties": { "admin_level": "6", "index_right": 118.0, "lanes": 1, "length": 2354.0248374939861, "name": "городской округ Курск", "place": null, "population": 450977.0, "short_name": "Курск", "lanes_length": 2354.0248374939861 }, "geometry": { "type": "LineString", "coordinates": [ [ 36.1902738, 51.7303641 ], [ 36.1902094, 51.7515302 ] ] } },
{ "type": "Feature", "properties": { "admin_level": "6", "index_right": 118.0, "lanes": 1, "length": 110.97796387178575, "name": "городской округ Курск", "place": null, "population": 450977.0, "short_name": "Курск", "lanes_length": 110.97796387178575 }, "geometry": { "type": "LineString", "coordinates": [ [ 36.1925375, 51.7294271 ], [ 36.1923873, 51.7284336 ] ] } },
{ "type": "Feature", "properties": { "admin_level": "6", "index_right": 118.0, "lanes": 1, "length": 754.79198504258136, "name": "городской округ Курск", "place": null, "population": 450977.0, "short_name": "Курск", "lanes_length": 754.79198504258136 }, "geometry": { "type": "LineString", "coordinates": [ [ 36.1929721, 51.728231 ], [ 36.194576, 51.728231 ], [ 36.1949623, 51.7280914 ], [ 36.195032, 51.727819 ], [ 36.1948121, 51.7275997 ], [ 36.1908638, 51.7246955 ], [ 36.1900914, 51.7243632 ], [ 36.1891687, 51.7245094 ] ] } },
{ "type": "Feature", "properties": { "admin_level": "6", "index_right": 118.0, "lanes": 1, "length": 114.23922784607184, "name": "городской округ Курск", "place": null, "population": 450977.0, "short_name": "Курск", "lanes_length": 114.23922784607184 }, "geometry": { "type": "LineString", "coordinates": [ [ 36.1890614, 51.7245692 ], [ 36.1882567, 51.7254664 ] ] } },
{ "type": "Feature", "properties": { "admin_level": "6", "index_right": 118.0, "lanes": 1, "length": 1637.0794129855044, "name": "городской округ Курск", "place": null, "population": 450977.0, "short_name": "Курск", "lanes_length": 1637.0794129855044 }, "geometry": { "type": "LineString", "coordinates": [ [ 36.1701339, 51.7875413 ], [ 36.1777645, 51.7743672 ], [ 36.178301, 51.7737299 ] ] } },
{ "type": "Feature", "properties": { "admin_level": "6", "index_right": 189.0, "lanes": 1, "length": 1270.3537127814245, "name": "городской округ Липецк", "place": null, "population": 503216.0, "short_name": "Липецк", "lanes_length": 1270.3537127814245 }, "geometry": { "type": "LineString", "coordinates": [ [ 39.5744343, 52.6037534 ], [ 39.5931816, 52.6042855 ] ] } },
{ "type": "Feature", "properties": { "admin_level": "6", "index_right": 189.0, "lanes": 1, "length": 111.05535697602372, "name": "городской округ Липецк", "place": null, "population": 503216.0, "short_name": "Липецк", "lanes_length": 111.05535697602372 }, "geometry": { "type": "LineString", "coordinates": [ [ 39.5744557, 52.6027564 ], [ 39.5744343, 52.6037534 ] ] } },
{ "type": "Feature", "properties": { "admin_level": "6", "index_right": 283.0, "lanes": 1, "length": 104.52760371360887, "name": "городской округ Саратов", "place": null, "population": 830155.0, "short_name": "Саратов", "lanes_length": 104.52760371360887 }, "geometry": { "type": "LineString", "coordinates": [ [ 46.0555351, 51.5288242 ], [ 46.0545319, 51.5281233 ] ] } },
{ "type": "Feature", "properties": { "admin_level": "6", "index_right": 283.0, "lanes": 1, "length": 3998.8734532091908, "name": "городской округ Саратов", "place": null, "population": 830155.0, "short_name": "Саратов", "lanes_length": 3998.8734532091908 }, "geometry": { "type": "LineString", "coordinates": [ [ 46.0545481, 51.5282368 ], [ 46.0492479, 51.5309466 ], [ 46.0013543, 51.5414108 ] ] } },
{ "type": "Feature", "properties": { "admin_level": "6", "index_right": 283.0, "lanes": 1, "length": 1823.161973498818, "name": "городской округ Саратов", "place": null, "population": 830155.0, "short_name": "Саратов", "lanes_length": 1823.161973498818 }, "geometry": { "type": "LineString", "coordinates": [ [ 46.0539043, 51.529772 ], [ 46.0445595, 51.5261809 ], [ 46.0304832, 51.5224695 ] ] } },
{ "type": "Feature", "properties": { "admin_level": "6", "index_right": 283.0, "lanes": 1, "length": 1028.9030431638223, "name": "городской округ Саратов", "place": null, "population": 830155.0, "short_name": "Саратов", "lanes_length": 1028.9030431638223 }, "geometry": { "type": "LineString", "coordinates": [ [ 46.0127807, 51.5290978 ], [ 46.0267067, 51.5259406 ] ] } },
{ "type": "Feature", "properties": { "admin_level": "6", "index_right": 283.0, "lanes": 1, "length": 1277.7697328236982, "name": "городской округ Саратов", "place": null, "population": 830155.0, "short_name": "Саратов", "lanes_length": 1277.7697328236982 }, "geometry": { "type": "LineString", "coordinates": [ [ 46.0314274, 51.5335629 ], [ 46.0248184, 51.5228366 ] ] } },
{ "type": "Feature", "properties": { "admin_level": "6", "index_right": 283.0, "lanes": 1, "length": 789.56677062418782, "name": "городской округ Саратов", "place": null, "population": 830155.0, "short_name": "Саратов", "lanes_length": 789.56677062418782 }, "geometry": { "type": "LineString", "coordinates": [ [ 46.0101092, 51.547069 ], [ 46.0062146, 51.5403965 ] ] } },
{ "type": "Feature", "properties": { "admin_level": "6", "index_right": 283.0, "lanes": 1, "length": 343.45272113139123, "name": "городской округ Саратов", "place": null, "population": 830155.0, "short_name": "Саратов", "lanes_length": 343.45272113139123 }, "geometry": { "type": "LineString", "coordinates": [ [ 46.0003084, 51.5395024 ], [ 46.004954, 51.5384413 ] ] } },
{ "type": "Feature", "properties": { "admin_level": "6", "index_right": 283.0, "lanes": 1, "length": 233.45195788871177, "name": "городской округ Саратов", "place": null, "population": 830155.0, "short_name": "Саратов", "lanes_length": 233.45195788871177 }, "geometry": { "type": "LineString", "coordinates": [ [ 46.004954, 51.5384413 ], [ 46.0038435, 51.5364593 ] ] } },
{ "type": "Feature", "properties": { "admin_level": "6", "index_right": 283.0, "lanes": 1, "length": 62.708956353305091, "name": "городской округ Саратов", "place": null, "population": 830155.0, "short_name": "Саратов", "lanes_length": 62.708956353305091 }, "geometry": { "type": "LineString", "coordinates": [ [ 46.000303, 51.5403965 ], [ 46.0003299, 51.5398327 ] ] } },
{ "type": "Feature", "properties": { "admin_level": "6", "index_right": 283.0, "lanes": 1, "length": 675.07499258436394, "name": "городской округ Саратов", "place": null, "population": 830155.0, "short_name": "Саратов", "lanes_length": 675.07499258436394 }, "geometry": { "type": "LineString", "coordinates": [ [ 46.0533357, 51.5575961 ], [ 46.0512972, 51.551659 ] ] } },
{ "type": "Feature", "properties": { "admin_level": "6", "index_right": 283.0, "lanes": 1, "length": 515.30949532778141, "name": "городской округ Саратов", "place": null, "population": 830155.0, "short_name": "Саратов", "lanes_length": 515.30949532778141 }, "geometry": { "type": "LineString", "coordinates": [ [ 45.9923762, 51.5239289 ], [ 45.9976333, 51.5271997 ] ] } },
{ "type": "Feature", "properties": { "admin_level": "6", "index_right": 247.0, "lanes": 1, "length": 969.02668264636122, "name": "городской округ Иваново", "place": null, "population": 401505.0, "short_name": "Иваново", "lanes_length": 969.02668264636122 }, "geometry": { "type": "LineString", "coordinates": [ [ 40.9813643, 56.9844016 ], [ 40.9862351, 56.992649 ] ] } },
{ "type": "Feature", "properties": { "admin_level": "6", "index_right": 247.0, "lanes": 1, "length": 461.00055883160047, "name": "городской округ Иваново", "place": null, "population": 401505.0, "short_name": "Иваново", "lanes_length": 461.00055883160047 }, "geometry": { "type": "LineString", "coordinates": [ [ 41.047647, 56.9753804 ], [ 41.0541701, 56.9732519 ] ] } },
{ "type": "Feature", "properties": { "admin_level": "6", "index_right": 247.0, "lanes": 1, "length": 358.83359874934098, "name": "городской округ Иваново", "place": null, "population": 401505.0, "short_name": "Иваново", "lanes_length": 358.83359874934098 }, "geometry": { "type": "LineString", "coordinates": [ [ 40.9675133, 56.9975522 ], [ 40.9632647, 56.995314 ] ] } },
{ "type": "Feature", "properties": { "admin_level": "6", "index_right": 247.0, "lanes": 1, "length": 454.28253800491598, "name": "городской округ Иваново", "place": null, "population": 401505.0, "short_name": "Иваново", "lanes_length": 454.28253800491598 }, "geometry": { "type": "LineString", "coordinates": [ [ 40.9700238, 57.0162591 ], [ 40.9729958, 57.0164168 ], [ 40.9775233, 57.0163234 ] ] } },
{ "type": "Feature", "properties": { "admin_level": "6", "index_right": 542.0, "lanes": 1, "length": 313.17544253166602, "name": "городской округ Томск", "place": null, "population": 568508.0, "short_name": "Томск", "lanes_length": 313.17544253166602 }, "geometry": { "type": "LineString", "coordinates": [ [ 84.9553442, 56.4762872 ], [ 84.9502372, 56.4762872 ] ] } },
{ "type": "Feature", "properties": { "admin_level": "6", "index_right": 251.0, "lanes": 1, "length": 402.83423822294304, "name": "городской округ Кострома", "place": null, "population": 277393.0, "short_name": "Кострома", "lanes_length": 402.83423822294304 }, "geometry": { "type": "LineString", "coordinates": [ [ 40.9584152, 57.7599914 ], [ 40.9520316, 57.7612362 ] ] } },
{ "type": "Feature", "properties": { "admin_level": "6", "index_right": 251.0, "lanes": 1, "length": 35.441381435499586, "name": "городской округ Кострома", "place": null, "population": 277393.0, "short_name": "Кострома", "lanes_length": 35.441381435499586 }, "geometry": { "type": "LineString", "coordinates": [ [ 40.9509008, 57.7612905 ], [ 40.950697, 57.7609929 ] ] } },
{ "type": "Feature", "properties": { "admin_level": "6", "index_right": 251.0, "lanes": 1, "length": 636.15371452368402, "name": "городской округ Кострома", "place": null, "population": 277393.0, "short_name": "Кострома", "lanes_length": 636.15371452368402 }, "geometry": { "type": "LineString", "coordinates": [ [ 40.9212848, 57.7424427 ], [ 40.9280225, 57.7455004 ], [ 40.929267, 57.7462333 ] ] } },
{ "type": "Feature", "properties": { "admin_level": "6", "index_right": 594.0, "lanes": 1, "length": 293.10642968027861, "name": "городской округ Иркутск", "place": null, "population": 617515.0, "short_name": "Иркутск", "lanes_length": 293.10642968027861 }, "geometry": { "type": "LineString", "coordinates": [ [ 104.285917, 52.287876 ], [ 104.2820656, 52.2867081 ] ] } },
{ "type": "Feature", "properties": { "admin_level": "6", "index_right": 594.0, "lanes": 1, "length": 204.94470028965108, "name": "городской округ Иркутск", "place": null, "population": 617515.0, "short_name": "Иркутск", "lanes_length": 204.94470028965108 }, "geometry": { "type": "LineString", "coordinates": [ [ 104.281937, 52.286636 ], [ 104.283299, 52.284995 ] ] } },
{ "type": "Feature", "properties": { "admin_level": "6", "index_right": 594.0, "lanes": 1, "length": 608.9115352623445, "name": "городской округ Иркутск", "place": null, "population": 617515.0, "short_name": "Иркутск", "lanes_length": 608.9115352623445 }, "geometry": { "type": "LineString", "coordinates": [ [ 104.271562, 52.286741 ], [ 104.274255, 52.2884079 ], [ 104.275414, 52.288723 ], [ 104.279158, 52.289222 ] ] } },
{ "type": "Feature", "properties": { "admin_level": "6", "index_right": 594.0, "lanes": 1, "length": 122.13773672120716, "name": "городской округ Иркутск", "place": null, "population": 617515.0, "short_name": "Иркутск", "lanes_length": 122.13773672120716 }, "geometry": { "type": "LineString", "coordinates": [ [ 104.2485702, 52.2899304 ], [ 104.2468214, 52.2896942 ] ] } },
{ "type": "Feature", "properties": { "admin_level": "6", "index_right": 594.0, "lanes": 1, "length": 48.611338120726998, "name": "городской округ Иркутск", "place": null, "population": 617515.0, "short_name": "Иркутск", "lanes_length": 48.611338120726998 }, "geometry": { "type": "LineString", "coordinates": [ [ 104.2571452, 52.2684151 ], [ 104.2572284, 52.2685349 ], [ 104.2572042, 52.2686531 ], [ 104.257105, 52.268722 ], [ 104.2569521, 52.2687401 ] ] } },
{ "type": "Feature", "properties": { "admin_level": "6", "index_right": 594.0, "lanes": 1, "length": 519.97773580774901, "name": "городской округ Иркутск", "place": null, "population": 617515.0, "short_name": "Иркутск", "lanes_length": 519.97773580774901 }, "geometry": { "type": "LineString", "coordinates": [ [ 104.1981754, 52.337974 ], [ 104.2040226, 52.3409762 ] ] } },
{ "type": "Feature", "properties": { "admin_level": "6", "index_right": 589.0, "lanes": 1, "length": 489.67841909720789, "name": "городской округ Тулун", "place": null, "population": 38466.0, "short_name": "Тулун", "lanes_length": 489.67841909720789 }, "geometry": { "type": "LineString", "coordinates": [ [ 100.5792546, 54.5615 ], [ 100.577999, 54.557176 ] ] } },
{ "type": "Feature", "properties": { "admin_level": "6", "index_right": 548.0, "lanes": 1, "length": 538.58759381168545, "name": "Владивосток", "place": null, "population": 600871.0, "short_name": "Владивосток", "lanes_length": 538.58759381168545 }, "geometry": { "type": "LineString", "coordinates": [ [ 131.894645700000012, 43.114236 ], [ 131.8883693, 43.1154734 ] ] } },
{ "type": "Feature", "properties": { "admin_level": "6", "index_right": 548.0, "lanes": 1, "length": 281.82522918924667, "name": "Владивосток", "place": null, "population": 600871.0, "short_name": "Владивосток", "lanes_length": 281.82522918924667 }, "geometry": { "type": "LineString", "coordinates": [ [ 131.883825699999989, 43.1192561 ], [ 131.883911500000011, 43.1185199 ], [ 131.8862665, 43.1180814 ] ] } },
{ "type": "Feature", "properties": { "admin_level": "6", "index_right": 548.0, "lanes": 1, "length": 331.15417571860871, "name": "Владивосток", "place": null, "population": 600871.0, "short_name": "Владивосток", "lanes_length": 331.15417571860871 }, "geometry": { "type": "LineString", "coordinates": [ [ 131.937507399999987, 43.1044139 ], [ 131.9391489, 43.1071868 ] ] } },
{ "type": "Feature", "properties": { "admin_level": "6", "index_right": 239.0, "lanes": 1, "length": 1345.8327593520285, "name": "городской округ Рыбинск", "place": null, "population": 182383.0, "short_name": "Рыбинск", "lanes_length": 1345.8327593520285 }, "geometry": { "type": "LineString", "coordinates": [ [ 38.8593936, 58.0478419 ], [ 38.8376999, 58.0517139 ] ] } },
{ "type": "Feature", "properties": { "admin_level": "6", "index_right": 10.0, "lanes": 1, "length": 1930.4385901930912, "name": "городской округ Анапа", "place": null, "population": 94340.0, "short_name": "Анапа", "lanes_length": 1930.4385901930912 }, "geometry": { "type": "LineString", "coordinates": [ [ 37.3202991, 44.9230621 ], [ 37.322402, 44.9157689 ], [ 37.3219299, 44.9055872 ] ] } },
{ "type": "Feature", "properties": { "admin_level": "6", "index_right": 10.0, "lanes": 1, "length": 908.6993880590752, "name": "городской округ Анапа", "place": null, "population": 94340.0, "short_name": "Анапа", "lanes_length": 908.6993880590752 }, "geometry": { "type": "LineString", "coordinates": [ [ 37.2921038, 44.9568115 ], [ 37.2990561, 44.9502516 ] ] } },
{ "type": "Feature", "properties": { "admin_level": "6", "index_right": 10.0, "lanes": 1, "length": 2687.6922558715069, "name": "городской округ Анапа", "place": null, "population": 94340.0, "short_name": "Анапа", "lanes_length": 2687.6922558715069 }, "geometry": { "type": "LineString", "coordinates": [ [ 37.3354254, 44.9022408 ], [ 37.3357687, 44.9017772 ], [ 37.3356829, 44.9015948 ], [ 37.3353503, 44.9015644 ], [ 37.3345885, 44.9017392 ], [ 37.3239455, 44.8977038 ], [ 37.3079381, 44.8896624 ] ] } },
{ "type": "Feature", "properties": { "admin_level": "6", "index_right": 316.0, "lanes": 1, "length": 427.95722744427047, "name": "городской округ Оренбург", "place": null, "population": 572819.0, "short_name": "Оренбург", "lanes_length": 427.95722744427047 }, "geometry": { "type": "LineString", "coordinates": [ [ 55.1072275, 51.7629554 ], [ 55.1050925, 51.7665676 ] ] } },
{ "type": "Feature", "properties": { "admin_level": "6", "index_right": 316.0, "lanes": 1, "length": 1253.1192668471799, "name": "городской округ Оренбург", "place": null, "population": 572819.0, "short_name": "Оренбург", "lanes_length": 1253.1192668471799 }, "geometry": { "type": "LineString", "coordinates": [ [ 55.1060152, 51.7648612 ], [ 55.1039069, 51.7644562 ], [ 55.0948006, 51.7622983 ], [ 55.0891065, 51.7607907 ] ] } },
{ "type": "Feature", "properties": { "admin_level": "6", "index_right": 316.0, "lanes": 1, "length": 503.03911219082693, "name": "городской округ Оренбург", "place": null, "population": 572819.0, "short_name": "Оренбург", "lanes_length": 503.03911219082693 }, "geometry": { "type": "LineString", "coordinates": [ [ 55.0884091, 51.7652928 ], [ 55.0891065, 51.7607907 ] ] } },
{ "type": "Feature", "properties": { "admin_level": "6", "index_right": 316.0, "lanes": 1, "length": 222.9916235843107, "name": "городской округ Оренбург", "place": null, "population": 572819.0, "short_name": "Оренбург", "lanes_length": 222.9916235843107 }, "geometry": { "type": "LineString", "coordinates": [ [ 55.1049843, 51.7666103 ], [ 55.1019158, 51.7659862 ] ] } },
{ "type": "Feature", "properties": { "admin_level": "6", "index_right": 316.0, "lanes": 1, "length": 4040.4769896192702, "name": "городской округ Оренбург", "place": null, "population": 572819.0, "short_name": "Оренбург", "lanes_length": 4040.4769896192702 }, "geometry": { "type": "LineString", "coordinates": [ [ 55.104126, 51.762188 ], [ 55.1007893, 51.7676727 ], [ 55.0992122, 51.770999 ], [ 55.1004995, 51.7844856 ], [ 55.1005855, 51.7979721 ] ] } },
{ "type": "Feature", "properties": { "admin_level": "6", "index_right": 316.0, "lanes": 1, "length": 3290.6205874621232, "name": "городской округ Оренбург", "place": null, "population": 572819.0, "short_name": "Оренбург", "lanes_length": 3290.6205874621232 }, "geometry": { "type": "LineString", "coordinates": [ [ 55.0992676, 51.7686221 ], [ 55.0981013, 51.7710314 ], [ 55.094445, 51.7851778 ], [ 55.0941875, 51.797919 ] ] } },
{ "type": "Feature", "properties": { "admin_level": "6", "index_right": 316.0, "lanes": 1, "length": 69.23676233681735, "name": "городской округ Оренбург", "place": null, "population": 572819.0, "short_name": "Оренбург", "lanes_length": 69.23676233681735 }, "geometry": { "type": "LineString", "coordinates": [ [ 55.0763672, 51.7758548 ], [ 55.0755089, 51.7761767 ] ] } },
{ "type": "Feature", "properties": { "admin_level": "6", "index_right": 316.0, "lanes": 1, "length": 67.054917707402652, "name": "городской округ Оренбург", "place": null, "population": 572819.0, "short_name": "Оренбург", "lanes_length": 67.054917707402652 }, "geometry": { "type": "LineString", "coordinates": [ [ 55.0753566, 51.775949 ], [ 55.0762685, 51.7757416 ] ] } },
{ "type": "Feature", "properties": { "admin_level": "6", "index_right": 374.0, "lanes": 1, "length": 169.05163414726863, "name": "городской округ Йошкар-Ола", "place": null, "population": 276155.0, "short_name": "Йошкар-Ола", "lanes_length": 169.05163414726863 }, "geometry": { "type": "LineString", "coordinates": [ [ 47.894817, 56.627502 ], [ 47.8958362, 56.6289065 ] ] } },
{ "type": "Feature", "properties": { "admin_level": "6", "index_right": 154.0, "lanes": 1, "length": 358.14973839201201, "name": "городской округ Подольск", "place": null, "population": 309250.0, "short_name": "Подольск", "lanes_length": 358.14973839201201 }, "geometry": { "type": "LineString", "coordinates": [ [ 37.6146676, 55.4773376 ], [ 37.6153098, 55.4741546 ] ] } },
{ "type": "Feature", "properties": { "admin_level": "6", "index_right": 643.0, "lanes": 1, "length": 942.07128590732577, "name": "городской округ Хабаровск", "place": null, "population": 610305.0, "short_name": "Хабаровск", "lanes_length": 942.07128590732577 }, "geometry": { "type": "LineString", "coordinates": [ [ 135.099764, 48.4581612 ], [ 135.0979348, 48.4598261 ], [ 135.09642740000001, 48.4619889 ], [ 135.09222170000001, 48.4649058 ] ] } },
{ "type": "Feature", "properties": { "admin_level": "6", "index_right": 643.0, "lanes": 1, "length": 5903.8906893632038, "name": "городской округ Хабаровск", "place": null, "population": 610305.0, "short_name": "Хабаровск", "lanes_length": 5903.8906893632038 }, "geometry": { "type": "LineString", "coordinates": [ [ 135.1044326, 48.4076077 ], [ 135.1096938, 48.4211137 ], [ 135.1129834, 48.4378094 ], [ 135.1115351, 48.4457678 ], [ 135.1105695, 48.4474188 ], [ 135.107265, 48.4506639 ], [ 135.103188, 48.453311 ], [ 135.1019006, 48.4564133 ], [ 135.100184, 48.4578933 ] ] } },
{ "type": "Feature", "properties": { "admin_level": "6", "index_right": 94.0, "lanes": 1, "length": 1394.0956811277674, "name": "городской округ Ставрополь", "place": null, "population": 454488.0, "short_name": "Ставрополь", "lanes_length": 1394.0956811277674 }, "geometry": { "type": "LineString", "coordinates": [ [ 41.9647825, 45.0440604 ], [ 41.9674539, 45.0314752 ] ] } },
{ "type": "Feature", "properties": { "admin_level": "6", "index_right": 94.0, "lanes": 1, "length": 1486.5226646536651, "name": "городской округ Ставрополь", "place": null, "population": 454488.0, "short_name": "Ставрополь", "lanes_length": 1486.5226646536651 }, "geometry": { "type": "LineString", "coordinates": [ [ 41.9416254, 45.0275554 ], [ 41.9426447, 45.028473 ], [ 41.9454664, 45.0299212 ], [ 41.9469362, 45.0302245 ], [ 41.9588023, 45.031468 ] ] } },
{ "type": "Feature", "properties": { "admin_level": "6", "index_right": 219.0, "lanes": 1, "length": 155.71009060259999, "name": "городской округ Арзамас", "place": null, "population": 103396.0, "short_name": "Арзамас", "lanes_length": 155.71009060259999 }, "geometry": { "type": "LineString", "coordinates": [ [ 43.8151387, 55.3846131 ], [ 43.8157878, 55.3859569 ] ] } },
{ "type": "Feature", "properties": { "admin_level": "6", "index_right": 219.0, "lanes": 1, "length": 949.08968977228028, "name": "городской округ Арзамас", "place": null, "population": 103396.0, "short_name": "Арзамас", "lanes_length": 949.08968977228028 }, "geometry": { "type": "LineString", "coordinates": [ [ 43.8160184, 55.3904178 ], [ 43.8202885, 55.3985583 ] ] } },
{ "type": "Feature", "properties": { "admin_level": "6", "index_right": 256.0, "lanes": 1, "length": 47.969037901498986, "name": "городской округ Нижний Новгород", "place": null, "population": 1244254.0, "short_name": "Нижний Новгород", "lanes_length": 47.969037901498986 }, "geometry": { "type": "LineString", "coordinates": [ [ 43.9480442, 56.3222341 ], [ 43.9474112, 56.3219842 ] ] } },
{ "type": "Feature", "properties": { "admin_level": "6", "index_right": 256.0, "lanes": 1, "length": 1750.7170086835104, "name": "городской округ Нижний Новгород", "place": null, "population": 1244254.0, "short_name": "Нижний Новгород", "lanes_length": 1750.7170086835104 }, "geometry": { "type": "LineString", "coordinates": [ [ 43.9454331, 56.2300834 ], [ 43.9469351, 56.2312999 ], [ 43.9562784, 56.2373643 ], [ 43.9621903, 56.2406138 ], [ 43.9638008, 56.2419613 ] ] } },
{ "type": "Feature", "properties": { "admin_level": "6", "index_right": 256.0, "lanes": 1, "length": 810.09120207952071, "name": "городской округ Нижний Новгород", "place": null, "population": 1244254.0, "short_name": "Нижний Новгород", "lanes_length": 810.09120207952071 }, "geometry": { "type": "LineString", "coordinates": [ [ 43.9660324, 56.2463431 ], [ 43.9694871, 56.2533289 ] ] } },
{ "type": "Feature", "properties": { "admin_level": "6", "index_right": 256.0, "lanes": 1, "length": 691.86823788314609, "name": "городской округ Нижний Новгород", "place": null, "population": 1244254.0, "short_name": "Нижний Новгород", "lanes_length": 691.86823788314609 }, "geometry": { "type": "LineString", "coordinates": [ [ 43.9303871, 56.3198677 ], [ 43.9409664, 56.3219501 ] ] } },
{ "type": "Feature", "properties": { "admin_level": "6", "index_right": 256.0, "lanes": 1, "length": 1417.0806898069561, "name": "городской округ Нижний Новгород", "place": null, "population": 1244254.0, "short_name": "Нижний Новгород", "lanes_length": 1417.0806898069561 }, "geometry": { "type": "LineString", "coordinates": [ [ 43.9700367, 56.2985531 ], [ 43.9718821, 56.2982435 ], [ 43.9733841, 56.2984816 ], [ 43.9740278, 56.2990769 ], [ 43.9738133, 56.2998865 ], [ 43.9720537, 56.3005294 ], [ 43.9710238, 56.3012676 ], [ 43.9713671, 56.3027438 ], [ 43.9728262, 56.3036009 ], [ 43.9750578, 56.3035057 ], [ 43.9774611, 56.3039343 ], [ 43.980036, 56.3051247 ] ] } },
{ "type": "Feature", "properties": { "admin_level": "6", "index_right": 256.0, "lanes": 1, "length": 638.00403560685413, "name": "городской округ Нижний Новгород", "place": null, "population": 1244254.0, "short_name": "Нижний Новгород", "lanes_length": 638.00403560685413 }, "geometry": { "type": "LineString", "coordinates": [ [ 43.9587335, 56.3242671 ], [ 43.9650206, 56.3288 ] ] } },
{ "type": "Feature", "properties": { "admin_level": "6", "index_right": 279.0, "lanes": 1, "length": 1716.4187837664583, "name": "городской округ Астрахань", "place": null, "population": 524371.0, "short_name": "Астрахань", "lanes_length": 1716.4187837664583 }, "geometry": { "type": "LineString", "coordinates": [ [ 48.0344712, 46.3535422 ], [ 48.049095, 46.350547 ], [ 48.0529572, 46.3484974 ], [ 48.0537079, 46.3471882 ] ] } },
{ "type": "Feature", "properties": { "admin_level": "6", "index_right": 279.0, "lanes": 1, "length": 670.02267966589955, "name": "городской округ Астрахань", "place": null, "population": 524371.0, "short_name": "Астрахань", "lanes_length": 670.02267966589955 }, "geometry": { "type": "LineString", "coordinates": [ [ 48.0334987, 46.3474225 ], [ 48.0370071, 46.34743 ], [ 48.0420604, 46.3478891 ] ] } },
{ "type": "Feature", "properties": { "admin_level": "6", "index_right": 279.0, "lanes": 1, "length": 572.6415849356946, "name": "городской округ Астрахань", "place": null, "population": 524371.0, "short_name": "Астрахань", "lanes_length": 572.6415849356946 }, "geometry": { "type": "LineString", "coordinates": [ [ 48.0635368, 46.3468708 ], [ 48.0569842, 46.3474467 ], [ 48.0565685, 46.3478891 ] ] } },
{ "type": "Feature", "properties": { "admin_level": "6", "index_right": 279.0, "lanes": 1, "length": 369.97461055581908, "name": "городской округ Астрахань", "place": null, "population": 524371.0, "short_name": "Астрахань", "lanes_length": 369.97461055581908 }, "geometry": { "type": "LineString", "coordinates": [ [ 48.0421131, 46.3479382 ], [ 48.042081, 46.3494712 ], [ 48.0422741, 46.3513004 ] ] } },
{ "type": "Feature", "properties": { "admin_level": "6", "index_right": 279.0, "lanes": 1, "length": 1908.8334019725621, "name": "городской округ Астрахань", "place": null, "population": 524371.0, "short_name": "Астрахань", "lanes_length": 1908.8334019725621 }, "geometry": { "type": "LineString", "coordinates": [ [ 48.0057087, 46.3550185 ], [ 47.9995289, 46.3499533 ], [ 47.9979625, 46.3489165 ], [ 47.9904419, 46.3414698 ] ] } },
{ "type": "Feature", "properties": { "admin_level": "6", "index_right": 92.0, "lanes": 1, "length": 1196.0022116107314, "name": "городской округ Таганрог", "place": null, "population": 248269.0, "short_name": "Таганрог", "lanes_length": 1196.0022116107314 }, "geometry": { "type": "LineString", "coordinates": [ [ 38.9145797, 47.2103905 ], [ 38.9213603, 47.2201776 ] ] } },
{ "type": "Feature", "properties": { "admin_level": "6", "index_right": 92.0, "lanes": 1, "length": 412.4795524133707, "name": "городской округ Таганрог", "place": null, "population": 248269.0, "short_name": "Таганрог", "lanes_length": 412.4795524133707 }, "geometry": { "type": "LineString", "coordinates": [ [ 38.9161585, 47.2212081 ], [ 38.9202087, 47.2187342 ] ] } },
{ "type": "Feature", "properties": { "admin_level": "6", "index_right": 531.0, "lanes": 1, "length": 365.93168054833598, "name": "городской округ Нижневартовск", "place": null, "population": 278725.0, "short_name": "Нижневартовск", "lanes_length": 365.93168054833598 }, "geometry": { "type": "LineString", "coordinates": [ [ 76.4992734, 60.9504643 ], [ 76.4965375, 60.9511936 ], [ 76.4960547, 60.9511832 ], [ 76.4946921, 60.9504174 ], [ 76.4946921, 60.950209 ], [ 76.495132, 60.9499798 ] ] } },
{ "type": "Feature", "properties": { "admin_level": "6", "index_right": 529.0, "lanes": 1, "length": 365.93168054833598, "name": null, "place": null, "population": null, "short_name": null, "lanes_length": 365.93168054833598 }, "geometry": { "type": "LineString", "coordinates": [ [ 76.4992734, 60.9504643 ], [ 76.4965375, 60.9511936 ], [ 76.4960547, 60.9511832 ], [ 76.4946921, 60.9504174 ], [ 76.4946921, 60.950209 ], [ 76.495132, 60.9499798 ] ] } },
{ "type": "Feature", "properties": { "admin_level": "6", "index_right": 123.0, "lanes": 1, "length": 117.85991979826643, "name": "городской округ Орёл", "place": null, "population": 303696.0, "short_name": "Орёл", "lanes_length": 117.85991979826643 }, "geometry": { "type": "LineString", "coordinates": [ [ 36.0106411, 52.919269 ], [ 36.0119392, 52.9199806 ] ] } },
{ "type": "Feature", "properties": { "admin_level": "6", "index_right": 296.0, "lanes": 1, "length": 2735.5237091022714, "name": "городской округ Саранск", "place": null, "population": 317432.0, "short_name": "Саранск", "lanes_length": 2735.5237091022714 }, "geometry": { "type": "LineString", "coordinates": [ [ 45.1523913, 54.1711477 ], [ 45.154183, 54.1830598 ], [ 45.1607853, 54.1926584 ], [ 45.1624106, 54.1946488 ] ] } },
{ "type": "Feature", "properties": { "admin_level": "6", "index_right": 284.0, "lanes": 1, "length": 347.84857443350035, "name": "городской округ Пенза", "place": null, "population": 516450.0, "short_name": "Пенза", "lanes_length": 347.84857443350035 }, "geometry": { "type": "LineString", "coordinates": [ [ 44.9843791, 53.204026 ], [ 44.9893788, 53.2031392 ] ] } },
{ "type": "Feature", "properties": { "admin_level": "6", "index_right": 647.0, "lanes": 1, "length": 103.92272367894697, "name": "городской округ Южно-Сахалинск", "place": null, "population": 200235.0, "short_name": "Южно-Сахалинск", "lanes_length": 103.92272367894697 }, "geometry": { "type": "LineString", "coordinates": [ [ 142.7452049, 46.9353873 ], [ 142.745044, 46.936325 ] ] } },
{ "type": "Feature", "properties": { "admin_level": "6", "index_right": 647.0, "lanes": 1, "length": 112.75467619310737, "name": "городской округ Южно-Сахалинск", "place": null, "population": 200235.0, "short_name": "Южно-Сахалинск", "lanes_length": 112.75467619310737 }, "geometry": { "type": "LineString", "coordinates": [ [ 142.7242829, 46.8878352 ], [ 142.7242668, 46.8875016 ], [ 142.724363399999987, 46.8873696 ], [ 142.7243795, 46.886827 ] ] } },
{ "type": "Feature", "properties": { "admin_level": "6", "index_right": 647.0, "lanes": 1, "length": 124.20371045668584, "name": "городской округ Южно-Сахалинск", "place": null, "population": 200235.0, "short_name": "Южно-Сахалинск", "lanes_length": 124.20371045668584 }, "geometry": { "type": "LineString", "coordinates": [ [ 142.7443264, 46.8999696 ], [ 142.7446429, 46.9010765 ] ] } },
{ "type": "Feature", "properties": { "admin_level": "6", "index_right": 117.0, "lanes": 1, "length": 805.16612140133805, "name": "городской округ Курчатов", "place": null, "population": 37940.0, "short_name": "Курчатов", "lanes_length": 805.16612140133805 }, "geometry": { "type": "LineString", "coordinates": [ [ 35.6578145, 51.6595485 ], [ 35.6507227, 51.661026 ], [ 35.6467959, 51.6618646 ] ] } },
{ "type": "Feature", "properties": { "admin_level": "6", "index_right": 117.0, "lanes": 1, "length": 868.46214736845081, "name": "городской округ Курчатов", "place": null, "population": 37940.0, "short_name": "Курчатов", "lanes_length": 868.46214736845081 }, "geometry": { "type": "LineString", "coordinates": [ [ 35.6466779, 51.6615651 ], [ 35.6521174, 51.6603339 ], [ 35.6585118, 51.6589762 ] ] } },
{ "type": "Feature", "properties": { "admin_level": "6", "index_right": 17.0, "lanes": 1, "length": 341.60992472652902, "name": "городской округ Майкоп", "place": null, "population": 139084.0, "short_name": "Майкоп", "lanes_length": 341.60992472652902 }, "geometry": { "type": "LineString", "coordinates": [ [ 40.1102878, 44.6119175 ], [ 40.1095904, 44.6088355 ] ] } },
{ "type": "Feature", "properties": { "admin_level": "6", "index_right": 24.0, "lanes": 1, "length": 444.17756529638291, "name": "городской округ Владикавказ", "place": null, "population": 301543.0, "short_name": "Владикавказ", "lanes_length": 444.17756529638291 }, "geometry": { "type": "LineString", "coordinates": [ [ 44.6831632, 43.0351226 ], [ 44.6836782, 43.0329582 ], [ 44.684, 43.0310917 ] ] } },
{ "type": "Feature", "properties": { "admin_level": "6", "index_right": 24.0, "lanes": 1, "length": 219.91647873385611, "name": "городской округ Владикавказ", "place": null, "population": 301543.0, "short_name": "Владикавказ", "lanes_length": 219.91647873385611 }, "geometry": { "type": "LineString", "coordinates": [ [ 44.6898487, 43.0320171 ], [ 44.6872523, 43.0316407 ] ] } },
{ "type": "Feature", "properties": { "admin_level": "6", "index_right": 488.0, "lanes": 1, "length": 1903.8210710385893, "name": "городской округ Барнаул", "place": null, "population": 631124.0, "short_name": "Барнаул", "lanes_length": 1903.8210710385893 }, "geometry": { "type": "LineString", "coordinates": [ [ 83.7858271, 53.3401191 ], [ 83.770399, 53.354504 ] ] } },
{ "type": "Feature", "properties": { "admin_level": "6", "index_right": 488.0, "lanes": 1, "length": 781.12828985635497, "name": "городской округ Барнаул", "place": null, "population": 631124.0, "short_name": "Барнаул", "lanes_length": 781.12828985635497 }, "geometry": { "type": "LineString", "coordinates": [ [ 83.7700546, 53.3559517 ], [ 83.7710202, 53.362329 ], [ 83.7706125, 53.3628796 ] ] } },
{ "type": "Feature", "properties": { "admin_level": "6", "index_right": 164.0, "lanes": 1, "length": 846.56908882951052, "name": "городской округ Балашиха", "place": null, "population": 507307.0, "short_name": "Балашиха", "lanes_length": 846.56908882951052 }, "geometry": { "type": "LineString", "coordinates": [ [ 37.9350336, 55.8219788 ], [ 37.948348, 55.8205263 ] ] } },
{ "type": "Feature", "properties": { "admin_level": "6", "index_right": 164.0, "lanes": 1, "length": 1945.8603280415941, "name": "городской округ Балашиха", "place": null, "population": 507307.0, "short_name": "Балашиха", "lanes_length": 1945.8603280415941 }, "geometry": { "type": "LineString", "coordinates": [ [ 37.933403, 55.8223108 ], [ 37.9213438, 55.8236367 ], [ 37.9167518, 55.8263848 ], [ 37.9046068, 55.8267283 ] ] } },
{ "type": "Feature", "properties": { "admin_level": "6", "index_right": 164.0, "lanes": 1, "length": 585.00337153113128, "name": "городской округ Балашиха", "place": null, "population": 507307.0, "short_name": "Балашиха", "lanes_length": 585.00337153113128 }, "geometry": { "type": "LineString", "coordinates": [ [ 37.9828607, 55.7511687 ], [ 37.9735052, 55.75106 ] ] } },
{ "type": "Feature", "properties": { "admin_level": "6", "index_right": 164.0, "lanes": 1, "length": 751.24848587403312, "name": "городской округ Балашиха", "place": null, "population": 507307.0, "short_name": "Балашиха", "lanes_length": 751.24848587403312 }, "geometry": { "type": "LineString", "coordinates": [ [ 38.008631, 55.7436854 ], [ 38.0082876, 55.7504005 ] ] } },
{ "type": "Feature", "properties": { "admin_level": "6", "index_right": 160.0, "lanes": 1, "length": 1771.8457534292497, "name": "городской округ Дзержинский", "place": null, "population": 52797.0, "short_name": "Дзержинский", "lanes_length": 1771.8457534292497 }, "geometry": { "type": "LineString", "coordinates": [ [ 37.8524489, 55.6534118 ], [ 37.8409047, 55.6455419 ], [ 37.838716, 55.6400199 ] ] } },
{ "type": "Feature", "properties": { "admin_level": "6", "index_right": 162.0, "lanes": 1, "length": 1771.8457534292497, "name": "городской округ Котельники", "place": null, "population": 50723.0, "short_name": "Котельники", "lanes_length": 1771.8457534292497 }, "geometry": { "type": "LineString", "coordinates": [ [ 37.8524489, 55.6534118 ], [ 37.8409047, 55.6455419 ], [ 37.838716, 55.6400199 ] ] } },
{ "type": "Feature", "properties": { "admin_level": "6", "index_right": 139.0, "lanes": 1, "length": 299.64413629586761, "name": "Рузский городской округ", "place": null, "population": null, "short_name": null, "lanes_length": 299.64413629586761 }, "geometry": { "type": "LineString", "coordinates": [ [ 36.467905, 55.6007457 ], [ 36.467669, 55.5983574 ], [ 36.4678621, 55.5980907 ] ] } },
{ "type": "Feature", "properties": { "admin_level": "6", "index_right": 139.0, "lanes": 1, "length": 333.18848813447096, "name": "Рузский городской округ", "place": null, "population": null, "short_name": null, "lanes_length": 333.18848813447096 }, "geometry": { "type": "LineString", "coordinates": [ [ 36.4682415, 55.5979684 ], [ 36.4693681, 55.5983261 ], [ 36.471782, 55.6001264 ] ] } },
{ "type": "Feature", "properties": { "admin_level": "6", "index_right": 180.0, "lanes": 1, "length": 530.8514745017859, "name": "городской округ Электросталь", "place": null, "population": 152607.0, "short_name": "Электросталь", "lanes_length": 530.8514745017859 }, "geometry": { "type": "LineString", "coordinates": [ [ 38.4912188, 55.8014376 ], [ 38.4831936, 55.7998697 ] ] } },
{ "type": "Feature", "properties": { "admin_level": "6", "index_right": 180.0, "lanes": 1, "length": 491.84939571223236, "name": "городской округ Электросталь", "place": null, "population": 152607.0, "short_name": "Электросталь", "lanes_length": 491.84939571223236 }, "geometry": { "type": "LineString", "coordinates": [ [ 38.4460519, 55.7991616 ], [ 38.449571, 55.7997526 ], [ 38.4524892, 55.8014411 ] ] } },
{ "type": "Feature", "properties": { "admin_level": null, "index_right": null, "lanes": 2, "length": 2776.8725807885112, "name": "Москва", "place": null, "population": 12655050.0, "short_name": "Москва", "lanes_length": 5553.7451615770224 }, "geometry": { "type": "LineString", "coordinates": [ [ 37.6633643, 55.6760959 ], [ 37.6619695, 55.6694348 ], [ 37.6597596, 55.6662583 ], [ 37.6576562, 55.6637435 ], [ 37.6543623, 55.6595168 ], [ 37.6532949, 55.6558781 ], [ 37.6530187, 55.6542282 ], [ 37.6548454, 55.6525299 ] ] } },
{ "type": "Feature", "properties": { "admin_level": null, "index_right": null, "lanes": 2, "length": 4391.7903651825955, "name": "Москва", "place": null, "population": 12655050.0, "short_name": "Москва", "lanes_length": 8783.5807303651909 }, "geometry": { "type": "LineString", "coordinates": [ [ 37.6843339, 55.5794212 ], [ 37.676239, 55.5875621 ], [ 37.6734066, 55.5913939 ], [ 37.670145, 55.6035176 ], [ 37.6593733, 55.6156375 ] ] } },
{ "type": "Feature", "properties": { "admin_level": null, "index_right": null, "lanes": 2, "length": 1279.8047373887528, "name": "Москва", "place": null, "population": 12655050.0, "short_name": "Москва", "lanes_length": 2559.6094747775055 }, "geometry": { "type": "LineString", "coordinates": [ [ 37.6570773, 55.627257 ], [ 37.6570129, 55.6207267 ], [ 37.657249, 55.6191515 ], [ 37.6578927, 55.6174673 ], [ 37.658987, 55.6159768 ] ] } },
{ "type": "Feature", "properties": { "admin_level": null, "index_right": null, "lanes": 2, "length": 5969.040982474572, "name": "Москва", "place": null, "population": 12655050.0, "short_name": "Москва", "lanes_length": 11938.081964949144 }, "geometry": { "type": "LineString", "coordinates": [ [ 37.6638043, 55.6777599 ], [ 37.6661103, 55.6915778 ], [ 37.6673121, 55.7008236 ], [ 37.6677415, 55.7052528 ], [ 37.667141, 55.7073364 ], [ 37.6637077, 55.7183123 ], [ 37.6635361, 55.7255634 ], [ 37.6627637, 55.727533 ], [ 37.6607896, 55.7306142 ] ] } },
{ "type": "Feature", "properties": { "admin_level": null, "index_right": null, "lanes": 2, "length": 5351.9699736022085, "name": "Москва", "place": null, "population": 12655050.0, "short_name": "Москва", "lanes_length": 10703.939947204417 }, "geometry": { "type": "LineString", "coordinates": [ [ 37.4236071, 55.6610236 ], [ 37.4094772, 55.6600613 ], [ 37.3977184, 55.6573498 ], [ 37.3939419, 55.655074 ], [ 37.3850155, 55.6517811 ], [ 37.382741, 55.6516842 ], [ 37.3778057, 55.6521201 ], [ 37.3749304, 55.6514905 ], [ 37.3718834, 55.6497471 ], [ 37.3532581, 55.6384128 ] ] } },
{ "type": "Feature", "properties": { "admin_level": null, "index_right": null, "lanes": 2, "length": 6458.3180596412985, "name": "Москва", "place": null, "population": 12655050.0, "short_name": "Москва", "lanes_length": 12916.636119282597 }, "geometry": { "type": "LineString", "coordinates": [ [ 37.5135899, 55.7059339 ], [ 37.4777126, 55.6860043 ], [ 37.4705887, 55.6820365 ], [ 37.459259, 55.6740514 ], [ 37.4451828, 55.6687754 ], [ 37.4407626, 55.6654533 ] ] } },
{ "type": "Feature", "properties": { "admin_level": null, "index_right": null, "lanes": 2, "length": 870.75934711267519, "name": "Москва", "place": null, "population": 12655050.0, "short_name": "Москва", "lanes_length": 1741.5186942253504 }, "geometry": { "type": "LineString", "coordinates": [ [ 37.3532581, 55.6384128 ], [ 37.3471642, 55.6347793 ], [ 37.3452759, 55.6341979 ], [ 37.3424864, 55.6339072 ] ] } },
{ "type": "Feature", "properties": { "admin_level": null, "index_right": null, "lanes": 2, "length": 5000.7666297106953, "name": "Москва", "place": null, "population": 12655050.0, "short_name": "Москва", "lanes_length": 10001.533259421391 }, "geometry": { "type": "LineString", "coordinates": [ [ 37.6344609, 55.7944661 ], [ 37.6383019, 55.8165226 ], [ 37.640103, 55.819753 ], [ 37.6518631, 55.830987 ], [ 37.6576353, 55.836241 ] ] } },
{ "type": "Feature", "properties": { "admin_level": null, "index_right": null, "lanes": 2, "length": 4414.8587270413764, "name": "Москва", "place": null, "population": 12655050.0, "short_name": "Москва", "lanes_length": 8829.7174540827527 }, "geometry": { "type": "LineString", "coordinates": [ [ 37.6750803, 55.8494935 ], [ 37.6875687, 55.8586953 ], [ 37.7096486, 55.8690808 ], [ 37.7119329, 55.8707179 ], [ 37.7119005, 55.8711392 ], [ 37.720828, 55.8790423 ] ] } },
{ "type": "Feature", "properties": { "admin_level": null, "index_right": null, "lanes": 2, "length": 2015.4132687326614, "name": "Москва", "place": null, "population": 12655050.0, "short_name": "Москва", "lanes_length": 4030.8265374653229 }, "geometry": { "type": "LineString", "coordinates": [ [ 37.4048317, 55.8308183 ], [ 37.4214526, 55.8273847 ], [ 37.4305124, 55.825284 ], [ 37.4348724, 55.8242075 ] ] } },
{ "type": "Feature", "properties": { "admin_level": null, "index_right": null, "lanes": 2, "length": 5484.5872146552038, "name": "Москва", "place": null, "population": 12655050.0, "short_name": "Москва", "lanes_length": 10969.174429310408 }, "geometry": { "type": "LineString", "coordinates": [ [ 37.5803661, 55.7788418 ], [ 37.5656033, 55.7857438 ], [ 37.5310135, 55.8008468 ], [ 37.5084936, 55.8064667 ] ] } },
{ "type": "Feature", "properties": { "admin_level": null, "index_right": null, "lanes": 2, "length": 3859.3793454476395, "name": "Москва", "place": null, "population": 12655050.0, "short_name": "Москва", "lanes_length": 7718.758690895279 }, "geometry": { "type": "LineString", "coordinates": [ [ 37.3875904, 55.8360603 ], [ 37.3870862, 55.8387533 ], [ 37.3853374, 55.8409281 ], [ 37.3814106, 55.8434702 ], [ 37.3511982, 55.8583099 ], [ 37.3476791, 55.8613446 ] ] } },
{ "type": "Feature", "properties": { "admin_level": null, "index_right": null, "lanes": 2, "length": 1713.4639900380955, "name": "Москва", "place": null, "population": 12655050.0, "short_name": "Москва", "lanes_length": 3426.927980076191 }, "geometry": { "type": "LineString", "coordinates": [ [ 37.4351728, 55.8241231 ], [ 37.4598169, 55.8173665 ] ] } },
{ "type": "Feature", "properties": { "admin_level": null, "index_right": null, "lanes": 2, "length": 6283.3734236322425, "name": "Москва", "place": null, "population": 12655050.0, "short_name": "Москва", "lanes_length": 12566.746847264485 }, "geometry": { "type": "LineString", "coordinates": [ [ 37.8289318, 55.8128092 ], [ 37.8115082, 55.8105424 ], [ 37.7816391, 55.8098189 ], [ 37.7777767, 55.8091919 ], [ 37.7502251, 55.8019564 ], [ 37.7325868, 55.7990376 ] ] } },
{ "type": "Feature", "properties": { "admin_level": null, "index_right": null, "lanes": 2, "length": 9240.5096930208929, "name": "Москва", "place": null, "population": 12655050.0, "short_name": "Москва", "lanes_length": 18481.019386041786 }, "geometry": { "type": "LineString", "coordinates": [ [ 37.5995919, 55.6836332 ], [ 37.5853441, 55.6699854 ], [ 37.5635433, 55.6492627 ], [ 37.5610111, 55.6455091 ], [ 37.5600242, 55.644492 ], [ 37.5572344, 55.6432812 ], [ 37.5492736, 55.6407745 ], [ 37.5455189, 55.6390668 ], [ 37.5409696, 55.6336043 ], [ 37.5399399, 55.6313878 ], [ 37.5400688, 55.6293645 ], [ 37.5430297, 55.6220596 ], [ 37.5427713, 55.6196961 ], [ 37.5380516, 55.6125837 ] ] } },
{ "type": "Feature", "properties": { "admin_level": null, "index_right": null, "lanes": 2, "length": 12197.470632814529, "name": "Москва", "place": null, "population": 12655050.0, "short_name": "Москва", "lanes_length": 24394.941265629059 }, "geometry": { "type": "LineString", "coordinates": [ [ 37.4654603, 55.6952327 ], [ 37.4728632, 55.6895605 ], [ 37.4781848, 55.6855568 ], [ 37.4802017, 55.6831253 ], [ 37.4843216, 55.6764229 ], [ 37.4860383, 55.674487 ], [ 37.4882698, 55.6731318 ], [ 37.4953508, 55.6705422 ], [ 37.5011446, 55.6685092 ], [ 37.5052643, 55.6664518 ], [ 37.5133324, 55.6600613 ], [ 37.5162078, 55.6586814 ], [ 37.5201988, 55.6578583 ], [ 37.5364638, 55.6562603 ], [ 37.5399188, 55.6555462 ], [ 37.5459806, 55.6528405 ], [ 37.5502825, 55.6514905 ], [ 37.5636511, 55.6495296 ], [ 37.5726414, 55.6477129 ], [ 37.5893784, 55.6426272 ], [ 37.5938418, 55.642022 ], [ 37.6067162, 55.641174 ], [ 37.6195908, 55.6404958 ] ] } },
{ "type": "Feature", "properties": { "admin_level": null, "index_right": null, "lanes": 2, "length": 6310.3775595419393, "name": "Москва", "place": null, "population": 12655050.0, "short_name": "Москва", "lanes_length": 12620.755119083879 }, "geometry": { "type": "LineString", "coordinates": [ [ 37.535262, 55.6927293 ], [ 37.4953508, 55.6705422 ], [ 37.4907804, 55.6684123 ], [ 37.4882698, 55.6675774 ], [ 37.486875, 55.6670449 ], [ 37.4856949, 55.666343 ], [ 37.4843859, 55.6653082 ], [ 37.4833345, 55.6640071 ], [ 37.4828732, 55.663178 ], [ 37.4822616, 55.6617437 ], [ 37.4816608, 55.6601097 ], [ 37.4802016, 55.6553159 ], [ 37.4800729, 55.6488269 ] ] } },
{ "type": "Feature", "properties": { "admin_level": null, "index_right": null, "lanes": 2, "length": 4504.2017614071792, "name": "Москва", "place": null, "population": 12655050.0, "short_name": "Москва", "lanes_length": 9008.4035228143584 }, "geometry": { "type": "LineString", "coordinates": [ [ 37.5542092, 55.6698403 ], [ 37.5331593, 55.6502798 ], [ 37.5296402, 55.6466474 ], [ 37.5265503, 55.6426756 ], [ 37.5205636, 55.6343554 ] ] } },
{ "type": "Feature", "properties": { "admin_level": null, "index_right": null, "lanes": 2, "length": 1426.5171147357755, "name": "Москва", "place": null, "population": 12655050.0, "short_name": "Москва", "lanes_length": 2853.034229471551 }, "geometry": { "type": "LineString", "coordinates": [ [ 37.5196783, 55.6330107 ], [ 37.5161936, 55.629074 ], [ 37.5084189, 55.6219388 ] ] } },
{ "type": "Feature", "properties": { "admin_level": null, "index_right": null, "lanes": 2, "length": 5684.6520438983634, "name": "Москва", "place": null, "population": 12655050.0, "short_name": "Москва", "lanes_length": 11369.304087796727 }, "geometry": { "type": "LineString", "coordinates": [ [ 37.5973606, 55.5660433 ], [ 37.5956011, 55.5640534 ], [ 37.5916958, 55.5602917 ], [ 37.589153, 55.5585381 ], [ 37.5880695, 55.5572457 ], [ 37.5875759, 55.5555345 ], [ 37.5871681, 55.551277 ], [ 37.5861596, 55.5480634 ], [ 37.5851727, 55.5456904 ], [ 37.5835197, 55.5405053 ], [ 37.5799799, 55.5278776 ], [ 37.5780914, 55.522284 ], [ 37.5765467, 55.5172248 ] ] } },
{ "type": "Feature", "properties": { "admin_level": null, "index_right": null, "lanes": 2, "length": 11950.887002852693, "name": "Москва", "place": null, "population": 12655050.0, "short_name": "Москва", "lanes_length": 23901.774005705385 }, "geometry": { "type": "LineString", "coordinates": [ [ 37.602956, 55.5971724 ], [ 37.6195548, 55.6321138 ], [ 37.6198886, 55.633717 ], [ 37.6198697, 55.6352759 ], [ 37.6196444, 55.6488788 ], [ 37.6195908, 55.660957 ], [ 37.6195584, 55.6626695 ], [ 37.6202127, 55.6638737 ], [ 37.6241392, 55.6683273 ], [ 37.6255072, 55.6699277 ], [ 37.626615, 55.6711333 ], [ 37.6274012, 55.6725689 ], [ 37.6272805, 55.6736958 ], [ 37.6261354, 55.6757211 ], [ 37.6235819, 55.6831858 ], [ 37.6218656, 55.6907631 ], [ 37.6203259, 55.6984608 ], [ 37.6204812, 55.6997251 ], [ 37.6211357, 55.7014724 ] ] } },
{ "type": "Feature", "properties": { "admin_level": null, "index_right": null, "lanes": 2, "length": 6354.3111612632511, "name": "Москва", "place": null, "population": 12655050.0, "short_name": "Москва", "lanes_length": 12708.622322526502 }, "geometry": { "type": "LineString", "coordinates": [ [ 37.5849152, 55.8482889 ], [ 37.5848079, 55.8524205 ], [ 37.5842285, 55.8662575 ], [ 37.5866318, 55.8736737 ], [ 37.5872004, 55.9049783 ] ] } },
{ "type": "Feature", "properties": { "admin_level": null, "index_right": null, "lanes": 2, "length": 5829.8285218388546, "name": "Москва", "place": null, "population": 12655050.0, "short_name": "Москва", "lanes_length": 11659.657043677709 }, "geometry": { "type": "LineString", "coordinates": [ [ 37.7508688, 55.6319208 ], [ 37.749238, 55.6360874 ], [ 37.7402687, 55.6589961 ], [ 37.7403116, 55.6602308 ], [ 37.7407837, 55.6613685 ], [ 37.7413845, 55.6625789 ], [ 37.7412128, 55.6639829 ], [ 37.7378439, 55.6832402 ] ] } },
{ "type": "Feature", "properties": { "admin_level": null, "index_right": null, "lanes": 2, "length": 5058.4047377823854, "name": "Москва", "place": null, "population": 12655050.0, "short_name": "Москва", "lanes_length": 10116.809475564771 }, "geometry": { "type": "LineString", "coordinates": [ [ 37.4256885, 55.7726024 ], [ 37.4321687, 55.7727955 ], [ 37.4344969, 55.7729101 ], [ 37.4362671, 55.7731877 ], [ 37.4378657, 55.7736705 ], [ 37.4391854, 55.7742438 ], [ 37.4462986, 55.7777074 ], [ 37.4479723, 55.7783108 ], [ 37.4496031, 55.7786728 ], [ 37.4512339, 55.7788901 ], [ 37.4527359, 55.7789866 ], [ 37.4543238, 55.7788659 ], [ 37.4623919, 55.7775143 ], [ 37.4759531, 55.7753903 ], [ 37.4798155, 55.7745696 ], [ 37.4956942, 55.7721075 ], [ 37.5011444, 55.7711419 ] ] } },
{ "type": "Feature", "properties": { "admin_level": null, "index_right": null, "lanes": 2, "length": 1397.7853660412163, "name": "Москва", "place": null, "population": 12655050.0, "short_name": "Москва", "lanes_length": 2795.5707320824326 }, "geometry": { "type": "LineString", "coordinates": [ [ 37.5378799, 55.7662412 ], [ 37.5597024, 55.763501 ] ] } },
{ "type": "Feature", "properties": { "admin_level": null, "index_right": null, "lanes": 2, "length": 13820.306520103966, "name": "Москва", "place": null, "population": 12655050.0, "short_name": "Москва", "lanes_length": 27640.613040207932 }, "geometry": { "type": "LineString", "coordinates": [ [ 37.5429013, 55.9055852 ], [ 37.5435021, 55.8975014 ], [ 37.5428584, 55.8902817 ], [ 37.5431159, 55.8849634 ], [ 37.5434809, 55.8831459 ], [ 37.5467208, 55.8771882 ], [ 37.5476864, 55.8741547 ], [ 37.5480082, 55.8717953 ], [ 37.5472142, 55.8692429 ], [ 37.5468066, 55.8673889 ], [ 37.547386, 55.8651132 ], [ 37.5486948, 55.8636201 ], [ 37.5566126, 55.8592971 ], [ 37.5601211, 55.8574184 ], [ 37.5613548, 55.8562863 ], [ 37.5666333, 55.849963 ], [ 37.5671596, 55.8491311 ], [ 37.5725556, 55.8349756 ], [ 37.5728346, 55.8336195 ], [ 37.572856, 55.8237794 ], [ 37.5733075, 55.8216812 ], [ 37.5777495, 55.8132904 ], [ 37.5821471, 55.8058878 ], [ 37.582909, 55.8037771 ], [ 37.5838263, 55.7995619 ], [ 37.5842714, 55.7958172 ], [ 37.5845719, 55.7947376 ], [ 37.5851942, 55.7941254 ], [ 37.5892281, 55.7917882 ], [ 37.5906121, 55.7904913 ], [ 37.5920176, 55.7887602 ] ] } },
{ "type": "Feature", "properties": { "admin_level": null, "index_right": null, "lanes": 2, "length": 12682.860092914958, "name": "Москва", "place": null, "population": 12655050.0, "short_name": "Москва", "lanes_length": 25365.720185829916 }, "geometry": { "type": "LineString", "coordinates": [ [ 37.6166591, 55.7403589 ], [ 37.6136255, 55.7357368 ], [ 37.6127511, 55.7338037 ], [ 37.6123032, 55.732517 ], [ 37.6121878, 55.7316895 ], [ 37.6121128, 55.7290434 ], [ 37.611909, 55.7287897 ], [ 37.6096344, 55.7274968 ], [ 37.596223, 55.7185068 ], [ 37.585228, 55.7105057 ], [ 37.5834185, 55.7093462 ], [ 37.5702839, 55.702145 ], [ 37.5453151, 55.6880243 ], [ 37.5361699, 55.6817971 ], [ 37.5272743, 55.6757991 ], [ 37.5093842, 55.663644 ], [ 37.5020131, 55.6587298 ], [ 37.4993634, 55.6573861 ], [ 37.4910166, 55.6535035 ] ] } },
{ "type": "Feature", "properties": { "admin_level": null, "index_right": null, "lanes": 2, "length": 7925.2989412215957, "name": "Москва", "place": null, "population": 12655050.0, "short_name": "Москва", "lanes_length": 15850.597882443191 }, "geometry": { "type": "LineString", "coordinates": [ [ 37.7254844, 55.5966621 ], [ 37.7222443, 55.6019175 ], [ 37.7176094, 55.6110324 ], [ 37.7103996, 55.6247977 ], [ 37.7073097, 55.6292558 ], [ 37.7023315, 55.6330351 ], [ 37.6961517, 55.636039 ], [ 37.6815605, 55.6419491 ], [ 37.6561976, 55.6518537 ] ] } },
{ "type": "Feature", "properties": { "admin_level": null, "index_right": null, "lanes": 2, "length": 1839.9225608810991, "name": "Москва", "place": null, "population": 12655050.0, "short_name": "Москва", "lanes_length": 3679.8451217621982 }, "geometry": { "type": "LineString", "coordinates": [ [ 37.655747, 55.6519989 ], [ 37.6328869, 55.6623231 ] ] } },
{ "type": "Feature", "properties": { "admin_level": null, "index_right": null, "lanes": 2, "length": 16630.409351621172, "name": "Москва", "place": null, "population": 12655050.0, "short_name": "Москва", "lanes_length": 33260.818703242345 }, "geometry": { "type": "LineString", "coordinates": [ [ 37.4506759, 55.6345856 ], [ 37.4455261, 55.6328413 ], [ 37.309742, 55.5973592 ], [ 37.2093201, 55.5732984 ] ] } },
{ "type": "Feature", "properties": { "admin_level": null, "index_right": null, "lanes": 2, "length": 4408.8488333545702, "name": "Москва", "place": null, "population": 12655050.0, "short_name": "Москва", "lanes_length": 8817.6976667091403 }, "geometry": { "type": "LineString", "coordinates": [ [ 37.4789358, 55.8426027 ], [ 37.4611473, 55.8684728 ], [ 37.4582722, 55.8713382 ], [ 37.4494744, 55.8781998 ] ] } },
{ "type": "Feature", "properties": { "admin_level": null, "index_right": null, "lanes": 2, "length": 2596.8800841779148, "name": "Москва", "place": null, "population": 12655050.0, "short_name": "Москва", "lanes_length": 5193.7601683558296 }, "geometry": { "type": "LineString", "coordinates": [ [ 37.6622379, 55.6296435 ], [ 37.6554036, 55.6370443 ], [ 37.6548672, 55.6380252 ], [ 37.6548672, 55.6389941 ], [ 37.6566589, 55.6493952 ], [ 37.6566106, 55.6506003 ], [ 37.6556182, 55.6517085 ] ] } },
{ "type": "Feature", "properties": { "admin_level": null, "index_right": null, "lanes": 2, "length": 3408.116616172706, "name": "Москва", "place": null, "population": 12655050.0, "short_name": "Москва", "lanes_length": 6816.233232345412 }, "geometry": { "type": "LineString", "coordinates": [ [ 37.5943565, 55.7354952 ], [ 37.5925541, 55.7323298 ], [ 37.5852585, 55.7291401 ], [ 37.5610543, 55.7118335 ] ] } },
{ "type": "Feature", "properties": { "admin_level": null, "index_right": null, "lanes": 2, "length": 2529.9531741812539, "name": "Москва", "place": null, "population": 12655050.0, "short_name": "Москва", "lanes_length": 5059.9063483625077 }, "geometry": { "type": "LineString", "coordinates": [ [ 37.5602818, 55.7113499 ], [ 37.5360346, 55.6932493 ] ] } },
{ "type": "Feature", "properties": { "admin_level": null, "index_right": null, "lanes": 2, "length": 310.36642852640904, "name": "Москва", "place": null, "population": 12655050.0, "short_name": "Москва", "lanes_length": 620.73285705281808 }, "geometry": { "type": "LineString", "coordinates": [ [ 37.5056076, 55.6184972 ], [ 37.5097811, 55.6170068 ] ] } },
{ "type": "Feature", "properties": { "admin_level": null, "index_right": null, "lanes": 2, "length": 201.35951822929138, "name": "Москва", "place": null, "population": 12655050.0, "short_name": "Москва", "lanes_length": 402.71903645858276 }, "geometry": { "type": "LineString", "coordinates": [ [ 37.4836349, 55.6632325 ], [ 37.4853086, 55.6616953 ] ] } },
{ "type": "Feature", "properties": { "admin_level": null, "index_right": null, "lanes": 2, "length": 332.0373757886573, "name": "Москва", "place": null, "population": 12655050.0, "short_name": "Москва", "lanes_length": 664.0747515773146 }, "geometry": { "type": "LineString", "coordinates": [ [ 37.4353122, 55.8243491 ], [ 37.4374902, 55.827058 ] ] } },
{ "type": "Feature", "properties": { "admin_level": null, "index_right": null, "lanes": 2, "length": 2579.9873737414273, "name": "Москва", "place": null, "population": 12655050.0, "short_name": "Москва", "lanes_length": 5159.9747474828546 }, "geometry": { "type": "LineString", "coordinates": [ [ 37.4434661, 55.7220709 ], [ 37.4414921, 55.7217929 ], [ 37.4240685, 55.7200526 ], [ 37.4035549, 55.716451 ] ] } },
{ "type": "Feature", "properties": { "admin_level": null, "index_right": null, "lanes": 2, "length": 3532.0891315766212, "name": "Москва", "place": null, "population": 12655050.0, "short_name": "Москва", "lanes_length": 7064.1782631532424 }, "geometry": { "type": "LineString", "coordinates": [ [ 37.6145911, 55.6091841 ], [ 37.6232815, 55.6076388 ], [ 37.6371002, 55.6028872 ], [ 37.6350403, 55.5882897 ], [ 37.6398468, 55.5878531 ] ] } },
{ "type": "Feature", "properties": { "admin_level": null, "index_right": null, "lanes": 2, "length": 2532.4965226322856, "name": "Москва", "place": null, "population": 12655050.0, "short_name": "Москва", "lanes_length": 5064.9930452645713 }, "geometry": { "type": "LineString", "coordinates": [ [ 37.3764539, 55.7121115 ], [ 37.3704457, 55.7111323 ], [ 37.3628068, 55.708775 ], [ 37.3443854, 55.698921 ] ] } },
{ "type": "Feature", "properties": { "admin_level": null, "index_right": null, "lanes": 2, "length": 578.02570435536711, "name": "Москва", "place": null, "population": 12655050.0, "short_name": "Москва", "lanes_length": 1156.0514087107342 }, "geometry": { "type": "LineString", "coordinates": [ [ 37.6012445, 55.7529544 ], [ 37.6104498, 55.7524682 ] ] } },
{ "type": "Feature", "properties": { "admin_level": null, "index_right": null, "lanes": 2, "length": 4284.8773347701035, "name": "Москва", "place": null, "population": 12655050.0, "short_name": "Москва", "lanes_length": 8569.754669540207 }, "geometry": { "type": "LineString", "coordinates": [ [ 37.7360951, 55.7552546 ], [ 37.6994492, 55.7481056 ], [ 37.6808574, 55.7466763 ], [ 37.6756334, 55.7469421 ], [ 37.6699588, 55.7465797 ] ] } },
{ "type": "Feature", "properties": { "admin_level": null, "index_right": null, "lanes": 2, "length": 3066.753539035783, "name": "Москва", "place": null, "population": 12655050.0, "short_name": "Москва", "lanes_length": 6133.507078071566 }, "geometry": { "type": "LineString", "coordinates": [ [ 37.7724552, 55.7622816 ], [ 37.818718, 55.7714316 ] ] } },
{ "type": "Feature", "properties": { "admin_level": null, "index_right": null, "lanes": 2, "length": 2203.9458934343165, "name": "Москва", "place": null, "population": 12655050.0, "short_name": "Москва", "lanes_length": 4407.8917868686331 }, "geometry": { "type": "LineString", "coordinates": [ [ 37.4301195, 55.8886463 ], [ 37.4257851, 55.8870819 ], [ 37.4202919, 55.8866487 ], [ 37.4160433, 55.8875873 ], [ 37.4129105, 55.8894164 ], [ 37.4112368, 55.8916786 ], [ 37.4091768, 55.8977906 ] ] } },
{ "type": "Feature", "properties": { "admin_level": null, "index_right": null, "lanes": 2, "length": 1551.68012717448, "name": "Москва", "place": null, "population": 12655050.0, "short_name": "Москва", "lanes_length": 3103.3602543489601 }, "geometry": { "type": "LineString", "coordinates": [ [ 37.6735783, 55.739071 ], [ 37.6979756, 55.7365463 ] ] } },
{ "type": "Feature", "properties": { "admin_level": null, "index_right": null, "lanes": 2, "length": 3071.5567889086419, "name": "Москва", "place": null, "population": 12655050.0, "short_name": "Москва", "lanes_length": 6143.1135778172838 }, "geometry": { "type": "LineString", "coordinates": [ [ 37.734046, 55.7313391 ], [ 37.7374363, 55.7313633 ], [ 37.7531433, 55.7282943 ], [ 37.7782059, 55.7200526 ] ] } },
{ "type": "Feature", "properties": { "admin_level": null, "index_right": null, "lanes": 2, "length": 1806.9316083403128, "name": "Москва", "place": null, "population": 12655050.0, "short_name": "Москва", "lanes_length": 3613.8632166806256 }, "geometry": { "type": "LineString", "coordinates": [ [ 37.7841282, 55.718699 ], [ 37.8021097, 55.7157499 ], [ 37.8113901, 55.7134654 ] ] } },
{ "type": "Feature", "properties": { "admin_level": null, "index_right": null, "lanes": 2, "length": 706.93983233376878, "name": "Москва", "place": null, "population": 12655050.0, "short_name": "Москва", "lanes_length": 1413.8796646675376 }, "geometry": { "type": "LineString", "coordinates": [ [ 37.6266664, 55.7605913 ], [ 37.6313009, 55.7663579 ] ] } },
{ "type": "Feature", "properties": { "admin_level": null, "index_right": null, "lanes": 2, "length": 395.55777403842876, "name": "Москва", "place": null, "population": 12655050.0, "short_name": "Москва", "lanes_length": 791.11554807685752 }, "geometry": { "type": "LineString", "coordinates": [ [ 37.6323795, 55.7725782 ], [ 37.6324868, 55.7705867 ], [ 37.6320684, 55.7690598 ] ] } },
{ "type": "Feature", "properties": { "admin_level": null, "index_right": null, "lanes": 2, "length": 915.17666372263295, "name": "Москва", "place": null, "population": 12655050.0, "short_name": "Москва", "lanes_length": 1830.3533274452659 }, "geometry": { "type": "LineString", "coordinates": [ [ 37.6168442, 55.7404843 ], [ 37.6151919, 55.7431055 ], [ 37.6112223, 55.7480332 ] ] } },
{ "type": "Feature", "properties": { "admin_level": null, "index_right": null, "lanes": 2, "length": 74.207833206419053, "name": "Москва", "place": null, "population": 12655050.0, "short_name": "Москва", "lanes_length": 148.41566641283811 }, "geometry": { "type": "LineString", "coordinates": [ [ 37.626543, 55.7604465 ], [ 37.62591, 55.7598851 ] ] } },
{ "type": "Feature", "properties": { "admin_level": null, "index_right": null, "lanes": 2, "length": 2252.9048686799074, "name": "Москва", "place": null, "population": 12655050.0, "short_name": "Москва", "lanes_length": 4505.8097373598148 }, "geometry": { "type": "LineString", "coordinates": [ [ 37.4838066, 55.8360723 ], [ 37.4988699, 55.8177643 ] ] } },
{ "type": "Feature", "properties": { "admin_level": null, "index_right": null, "lanes": 2, "length": 551.91322424474163, "name": "Москва", "place": null, "population": 12655050.0, "short_name": "Москва", "lanes_length": 1103.8264484894833 }, "geometry": { "type": "LineString", "coordinates": [ [ 37.5035048, 55.8120496 ], [ 37.5072384, 55.8075761 ] ] } },
{ "type": "Feature", "properties": { "admin_level": null, "index_right": null, "lanes": 2, "length": 2359.1875982042648, "name": "Москва", "place": null, "population": 12655050.0, "short_name": "Москва", "lanes_length": 4718.3751964085295 }, "geometry": { "type": "LineString", "coordinates": [ [ 37.5467205, 55.7287534 ], [ 37.563715, 55.7364858 ], [ 37.5716972, 55.74412 ] ] } },
{ "type": "Feature", "properties": { "admin_level": null, "index_right": null, "lanes": 2, "length": 1615.7099748211028, "name": "Москва", "place": null, "population": 12655050.0, "short_name": "Москва", "lanes_length": 3231.4199496422057 }, "geometry": { "type": "LineString", "coordinates": [ [ 37.5207782, 55.7777135 ], [ 37.5233424, 55.7781479 ], [ 37.5242329, 55.7780695 ], [ 37.5450468, 55.7736283 ] ] } },
{ "type": "Feature", "properties": { "admin_level": null, "index_right": null, "lanes": 2, "length": 897.10151838299976, "name": "Москва", "place": null, "population": 12655050.0, "short_name": "Москва", "lanes_length": 1794.2030367659995 }, "geometry": { "type": "LineString", "coordinates": [ [ 37.5175354, 55.7772639 ], [ 37.5122648, 55.7778854 ], [ 37.5113958, 55.7779307 ], [ 37.5103202, 55.7778402 ], [ 37.5092554, 55.7776229 ], [ 37.5071847, 55.777092 ], [ 37.503832, 55.7763588 ] ] } },
{ "type": "Feature", "properties": { "admin_level": null, "index_right": null, "lanes": 2, "length": 368.9876683511572, "name": "Москва", "place": null, "population": 12655050.0, "short_name": "Москва", "lanes_length": 737.97533670231439 }, "geometry": { "type": "LineString", "coordinates": [ [ 37.6288605, 55.668007 ], [ 37.630105, 55.6647817 ] ] } },
{ "type": "Feature", "properties": { "admin_level": null, "index_right": null, "lanes": 2, "length": 51.824091411523874, "name": "Москва", "place": null, "population": 12655050.0, "short_name": "Москва", "lanes_length": 103.64818282304775 }, "geometry": { "type": "LineString", "coordinates": [ [ 37.63143, 55.7668659 ], [ 37.631312, 55.7664072 ] ] } },
{ "type": "Feature", "properties": { "admin_level": null, "index_right": null, "lanes": 2, "length": 2387.6198673421104, "name": "Москва", "place": null, "population": 12655050.0, "short_name": "Москва", "lanes_length": 4775.2397346842208 }, "geometry": { "type": "LineString", "coordinates": [ [ 37.6344395, 55.7942128 ], [ 37.6350403, 55.7844407 ], [ 37.6334095, 55.780676 ], [ 37.6323366, 55.7730006 ] ] } },
{ "type": "Feature", "properties": { "admin_level": null, "index_right": null, "lanes": 2, "length": 8248.7064417582933, "name": "Москва", "place": null, "population": 12655050.0, "short_name": "Москва", "lanes_length": 16497.412883516587 }, "geometry": { "type": "LineString", "coordinates": [ [ 37.5465489, 55.9002358 ], [ 37.5530507, 55.8979892 ], [ 37.5544667, 55.8977185 ], [ 37.5632429, 55.8986088 ], [ 37.5849797, 55.8983638 ], [ 37.604785, 55.8981636 ], [ 37.6077875, 55.8975517 ], [ 37.6206592, 55.8913689 ], [ 37.6246011, 55.8900241 ], [ 37.6300087, 55.8895462 ], [ 37.6454044, 55.8880867 ], [ 37.6565732, 55.8877926 ], [ 37.6722908, 55.887449 ] ] } },
{ "type": "Feature", "properties": { "admin_level": null, "index_right": null, "lanes": 2, "length": 1066.8077073909722, "name": "Москва", "place": null, "population": 12655050.0, "short_name": "Москва", "lanes_length": 2133.6154147819443 }, "geometry": { "type": "LineString", "coordinates": [ [ 37.4238109, 55.6610296 ], [ 37.4278233, 55.6613627 ], [ 37.4338529, 55.6623127 ], [ 37.4370824, 55.6630631 ], [ 37.4394751, 55.6642612 ] ] } },
{ "type": "Feature", "properties": { "admin_level": null, "index_right": null, "lanes": 2, "length": 1667.0936357002772, "name": "Москва", "place": null, "population": 12655050.0, "short_name": "Москва", "lanes_length": 3334.1872714005544 }, "geometry": { "type": "LineString", "coordinates": [ [ 37.7263534, 55.7307203 ], [ 37.7251551, 55.7307412 ], [ 37.7194292, 55.7315111 ], [ 37.7016028, 55.7360216 ] ] } },
{ "type": "Feature", "properties": { "admin_level": null, "index_right": null, "lanes": 2, "length": 204.43218312429443, "name": "Москва", "place": null, "population": 12655050.0, "short_name": "Москва", "lanes_length": 408.86436624858885 }, "geometry": { "type": "LineString", "coordinates": [ [ 37.8262925, 55.709718 ], [ 37.829318, 55.7090289 ] ] } },
{ "type": "Feature", "properties": { "admin_level": null, "index_right": null, "lanes": 2, "length": 636.4392195818632, "name": "Москва", "place": null, "population": 12655050.0, "short_name": "Москва", "lanes_length": 1272.8784391637264 }, "geometry": { "type": "LineString", "coordinates": [ [ 37.4990416, 55.8175353 ], [ 37.5032473, 55.812351 ] ] } },
{ "type": "Feature", "properties": { "admin_level": null, "index_right": null, "lanes": 2, "length": 1221.9157578065015, "name": "Москва", "place": null, "population": 12655050.0, "short_name": "Москва", "lanes_length": 2443.8315156130029 }, "geometry": { "type": "LineString", "coordinates": [ [ 37.6005793, 55.5923882 ], [ 37.59691, 55.5816559 ] ] } },
{ "type": "Feature", "properties": { "admin_level": null, "index_right": null, "lanes": 2, "length": 1836.5147291350409, "name": "Москва", "place": null, "population": 12655050.0, "short_name": "Москва", "lanes_length": 3673.0294582700817 }, "geometry": { "type": "LineString", "coordinates": [ [ 37.5359058, 55.7156048 ], [ 37.53479, 55.7251283 ], [ 37.5359917, 55.7268684 ], [ 37.5396824, 55.7280768 ], [ 37.5443172, 55.7284634 ] ] } },
{ "type": "Feature", "properties": { "admin_level": null, "index_right": null, "lanes": 2, "length": 898.32487740574538, "name": "Москва", "place": null, "population": 12655050.0, "short_name": "Москва", "lanes_length": 1796.6497548114908 }, "geometry": { "type": "LineString", "coordinates": [ [ 37.5394034, 55.7415835 ], [ 37.5513124, 55.7460767 ] ] } },
{ "type": "Feature", "properties": { "admin_level": null, "index_right": null, "lanes": 2, "length": 148.97811236998734, "name": "Москва", "place": null, "population": 12655050.0, "short_name": "Москва", "lanes_length": 297.95622473997469 }, "geometry": { "type": "LineString", "coordinates": [ [ 37.3408663, 55.8176799 ], [ 37.3408556, 55.8163478 ] ] } },
{ "type": "Feature", "properties": { "admin_level": null, "index_right": null, "lanes": 2, "length": 216.88718228515512, "name": "Москва", "place": null, "population": 12655050.0, "short_name": "Москва", "lanes_length": 433.77436457031024 }, "geometry": { "type": "LineString", "coordinates": [ [ 37.5807041, 55.7603499 ], [ 37.582013, 55.7595652 ], [ 37.5834561, 55.7592482 ] ] } },
{ "type": "Feature", "properties": { "admin_level": null, "index_right": null, "lanes": 2, "length": 1114.2469956566752, "name": "Москва", "place": null, "population": 12655050.0, "short_name": "Москва", "lanes_length": 2228.4939913133503 }, "geometry": { "type": "LineString", "coordinates": [ [ 37.73175, 55.7989532 ], [ 37.7147204, 55.795976 ] ] } },
{ "type": "Feature", "properties": { "admin_level": null, "index_right": null, "lanes": 2, "length": 2712.2114840456161, "name": "Москва", "place": null, "population": 12655050.0, "short_name": "Москва", "lanes_length": 5424.4229680912322 }, "geometry": { "type": "LineString", "coordinates": [ [ 37.6216337, 55.8691849 ], [ 37.6470566, 55.8717475 ], [ 37.6643514, 55.8696888 ] ] } },
{ "type": "Feature", "properties": { "admin_level": null, "index_right": null, "lanes": 2, "length": 1786.977579530595, "name": "Москва", "place": null, "population": 12655050.0, "short_name": "Москва", "lanes_length": 3573.95515906119 }, "geometry": { "type": "LineString", "coordinates": [ [ 37.6082826, 55.8665584 ], [ 37.6013238, 55.8597971 ], [ 37.598872, 55.8585509 ], [ 37.5879622, 55.8567805 ] ] } },
{ "type": "Feature", "properties": { "admin_level": null, "index_right": null, "lanes": 2, "length": 2023.3620114413879, "name": "Москва", "place": null, "population": 12655050.0, "short_name": "Москва", "lanes_length": 4046.7240228827759 }, "geometry": { "type": "LineString", "coordinates": [ [ 37.6031113, 55.821634 ], [ 37.6355344, 55.8214303 ] ] } },
{ "type": "Feature", "properties": { "admin_level": null, "index_right": null, "lanes": 2, "length": 256.08824427623301, "name": "Москва", "place": null, "population": 12655050.0, "short_name": "Москва", "lanes_length": 512.17648855246603 }, "geometry": { "type": "LineString", "coordinates": [ [ 37.6396859, 55.8242979 ], [ 37.642454, 55.8226073 ] ] } },
{ "type": "Feature", "properties": { "admin_level": null, "index_right": null, "lanes": 2, "length": 2246.2157167031464, "name": "Москва", "place": null, "population": 12655050.0, "short_name": "Москва", "lanes_length": 4492.4314334062929 }, "geometry": { "type": "LineString", "coordinates": [ [ 37.6259852, 55.6631356 ], [ 37.632637, 55.663644 ], [ 37.6606178, 55.6681945 ] ] } },
{ "type": "Feature", "properties": { "admin_level": null, "index_right": null, "lanes": 2, "length": 6156.6865596068264, "name": "Москва", "place": null, "population": 12655050.0, "short_name": "Москва", "lanes_length": 12313.373119213653 }, "geometry": { "type": "LineString", "coordinates": [ [ 37.6165438, 55.6630602 ], [ 37.6135398, 55.6634688 ], [ 37.6033258, 55.664588 ], [ 37.6004934, 55.665048 ], [ 37.5904083, 55.6684366 ], [ 37.5807953, 55.6717523 ], [ 37.5636292, 55.6775844 ], [ 37.5612259, 55.6786491 ], [ 37.5426865, 55.6895847 ], [ 37.5366033, 55.693086 ] ] } },
{ "type": "Feature", "properties": { "admin_level": null, "index_right": null, "lanes": 2, "length": 2660.3780759926158, "name": "Москва", "place": null, "population": 12655050.0, "short_name": "Москва", "lanes_length": 5320.7561519852316 }, "geometry": { "type": "LineString", "coordinates": [ [ 37.5358844, 55.6934307 ], [ 37.5062526, 55.7104851 ] ] } },
{ "type": "Feature", "properties": { "admin_level": null, "index_right": null, "lanes": 2, "length": 748.28997752247653, "name": "Москва", "place": null, "population": 12655050.0, "short_name": "Москва", "lanes_length": 1496.5799550449531 }, "geometry": { "type": "LineString", "coordinates": [ [ 37.6264358, 55.6748016 ], [ 37.6287532, 55.6682369 ] ] } },
{ "type": "Feature", "properties": { "admin_level": null, "index_right": null, "lanes": 2, "length": 2857.0726310335322, "name": "Москва", "place": null, "population": 12655050.0, "short_name": "Москва", "lanes_length": 5714.1452620670643 }, "geometry": { "type": "LineString", "coordinates": [ [ 37.8212929, 55.7182397 ], [ 37.8218508, 55.7192066 ], [ 37.8270435, 55.7241374 ], [ 37.8285027, 55.7261434 ], [ 37.8292751, 55.7285601 ], [ 37.8297901, 55.7335863 ], [ 37.8291035, 55.735471 ], [ 37.8265285, 55.7369207 ], [ 37.8225803, 55.7377905 ], [ 37.8179025, 55.7388294 ] ] } },
{ "type": "Feature", "properties": { "admin_level": null, "index_right": null, "lanes": 2, "length": 750.61977225765145, "name": "Москва", "place": null, "population": 12655050.0, "short_name": "Москва", "lanes_length": 1501.2395445153029 }, "geometry": { "type": "LineString", "coordinates": [ [ 37.8155422, 55.7476951 ], [ 37.818203, 55.7542404 ] ] } },
{ "type": "Feature", "properties": { "admin_level": null, "index_right": null, "lanes": 2, "length": 232.41025337579012, "name": "Москва", "place": null, "population": 12655050.0, "short_name": "Москва", "lanes_length": 464.82050675158024 }, "geometry": { "type": "LineString", "coordinates": [ [ 37.8214646, 55.7685951 ], [ 37.8204775, 55.7705988 ] ] } },
{ "type": "Feature", "properties": { "admin_level": null, "index_right": null, "lanes": 2, "length": 219.90127624663177, "name": "Москва", "place": null, "population": 12655050.0, "short_name": "Москва", "lanes_length": 439.80255249326353 }, "geometry": { "type": "LineString", "coordinates": [ [ 37.4530014, 55.7145628 ], [ 37.4538382, 55.7126529 ] ] } },
{ "type": "Feature", "properties": { "admin_level": null, "index_right": null, "lanes": 2, "length": 3508.2229211089298, "name": "Москва", "place": null, "population": 12655050.0, "short_name": "Москва", "lanes_length": 7016.4458422178595 }, "geometry": { "type": "LineString", "coordinates": [ [ 37.4836708, 55.7391193 ], [ 37.4986053, 55.7228322 ], [ 37.5062526, 55.7104851 ] ] } },
{ "type": "Feature", "properties": { "admin_level": null, "index_right": null, "lanes": 2, "length": 8420.8075003520207, "name": "Москва", "place": null, "population": 12655050.0, "short_name": "Москва", "lanes_length": 16841.615000704041 }, "geometry": { "type": "LineString", "coordinates": [ [ 37.4849224, 55.6035903 ], [ 37.4715972, 55.5845788 ], [ 37.4518149, 55.569621 ], [ 37.4497192, 55.566218 ], [ 37.4428571, 55.5603182 ], [ 37.4404786, 55.5564215 ], [ 37.433736, 55.5512417 ], [ 37.4311141, 55.54997 ], [ 37.4275446, 55.5490773 ], [ 37.42057, 55.5480214 ], [ 37.4108076, 55.5439059 ] ] } },
{ "type": "Feature", "properties": { "admin_level": null, "index_right": null, "lanes": 2, "length": 1414.2814781165487, "name": "Москва", "place": null, "population": 12655050.0, "short_name": "Москва", "lanes_length": 2828.5629562330973 }, "geometry": { "type": "LineString", "coordinates": [ [ 37.4873553, 55.6517969 ], [ 37.4699745, 55.6437329 ] ] } },
{ "type": "Feature", "properties": { "admin_level": null, "index_right": null, "lanes": 2, "length": 1801.6765613863233, "name": "Москва", "place": null, "population": 12655050.0, "short_name": "Москва", "lanes_length": 3603.3531227726467 }, "geometry": { "type": "LineString", "coordinates": [ [ 37.5759675, 55.5152488 ], [ 37.5712469, 55.4993546 ] ] } },
{ "type": "Feature", "properties": { "admin_level": null, "index_right": null, "lanes": 2, "length": 504.76955262866142, "name": "Москва", "place": null, "population": 12655050.0, "short_name": "Москва", "lanes_length": 1009.5391052573228 }, "geometry": { "type": "LineString", "coordinates": [ [ 37.7060652, 55.7179013 ], [ 37.7000141, 55.7208866 ] ] } },
{ "type": "Feature", "properties": { "admin_level": null, "index_right": null, "lanes": 2, "length": 1320.9952071165421, "name": "Москва", "place": null, "population": 12655050.0, "short_name": "Москва", "lanes_length": 2641.9904142330843 }, "geometry": { "type": "LineString", "coordinates": [ [ 37.4705886, 55.5774956 ], [ 37.4768543, 55.5692222 ], [ 37.4808025, 55.5674751 ] ] } },
{ "type": "Feature", "properties": { "admin_level": null, "index_right": null, "lanes": 2, "length": 573.10158425190525, "name": "Москва", "place": null, "population": 12655050.0, "short_name": "Москва", "lanes_length": 1146.2031685038105 }, "geometry": { "type": "LineString", "coordinates": [ [ 37.592082, 55.788567 ], [ 37.5965881, 55.7841029 ] ] } },
{ "type": "Feature", "properties": { "admin_level": null, "index_right": null, "lanes": 2, "length": 1992.2236111191578, "name": "Москва", "place": null, "population": 12655050.0, "short_name": "Москва", "lanes_length": 3984.4472222383156 }, "geometry": { "type": "LineString", "coordinates": [ [ 37.6378298, 55.6027903 ], [ 37.6426792, 55.601772 ], [ 37.6625061, 55.6024508 ], [ 37.6686859, 55.6039055 ] ] } },
{ "type": "Feature", "properties": { "admin_level": null, "index_right": null, "lanes": 2, "length": 252.77250833765024, "name": "Москва", "place": null, "population": 12655050.0, "short_name": "Москва", "lanes_length": 505.54501667530047 }, "geometry": { "type": "LineString", "coordinates": [ [ 37.603968, 55.6110096 ], [ 37.6078303, 55.6103672 ] ] } },
{ "type": "Feature", "properties": { "admin_level": null, "index_right": null, "lanes": 2, "length": 740.07324411372554, "name": "Москва", "place": null, "population": 12655050.0, "short_name": "Москва", "lanes_length": 1480.1464882274511 }, "geometry": { "type": "LineString", "coordinates": [ [ 37.4790645, 55.8423377 ], [ 37.4836779, 55.836241 ] ] } },
{ "type": "Feature", "properties": { "admin_level": null, "index_right": null, "lanes": 2, "length": 862.83576863518249, "name": "Москва", "place": null, "population": 12655050.0, "short_name": "Москва", "lanes_length": 1725.671537270365 }, "geometry": { "type": "LineString", "coordinates": [ [ 37.5640153, 55.7628129 ], [ 37.5700505, 55.7617717 ], [ 37.5773514, 55.7608388 ] ] } },
{ "type": "Feature", "properties": { "admin_level": null, "index_right": null, "lanes": 2, "length": 85.065765744509008, "name": "Москва", "place": null, "population": 12655050.0, "short_name": "Москва", "lanes_length": 170.13153148901802 }, "geometry": { "type": "LineString", "coordinates": [ [ 37.6141942, 55.5898647 ], [ 37.6140762, 55.5891068 ] ] } },
{ "type": "Feature", "properties": { "admin_level": null, "index_right": null, "lanes": 2, "length": 401.50937481182967, "name": "Москва", "place": null, "population": 12655050.0, "short_name": "Москва", "lanes_length": 803.01874962365935 }, "geometry": { "type": "LineString", "coordinates": [ [ 37.6427114, 55.7504909 ], [ 37.6442563, 55.7496455 ], [ 37.6451468, 55.7489496 ], [ 37.6465416, 55.7476377 ] ] } },
{ "type": "Feature", "properties": { "admin_level": null, "index_right": null, "lanes": 2, "length": 18339.649739497378, "name": "Москва", "place": null, "population": 12655050.0, "short_name": "Москва", "lanes_length": 36679.299478994755 }, "geometry": { "type": "LineString", "coordinates": [ [ 37.4104643, 55.543833 ], [ 37.3923111, 55.5360139 ], [ 37.3885345, 55.5272703 ], [ 37.3809814, 55.520857 ], [ 37.3615837, 55.5146371 ], [ 37.3336029, 55.5018054 ], [ 37.317913, 55.477292 ], [ 37.298584, 55.4627013 ], [ 37.2889709, 55.4399213 ], [ 37.256012, 55.4115253 ] ] } },
{ "type": "Feature", "properties": { "admin_level": null, "index_right": null, "lanes": 2, "length": 583.94830858687146, "name": "Москва", "place": null, "population": 12655050.0, "short_name": "Москва", "lanes_length": 1167.8966171737429 }, "geometry": { "type": "LineString", "coordinates": [ [ 37.5683928, 55.7452795 ], [ 37.5766325, 55.7454969 ], [ 37.5777054, 55.7456056 ] ] } },
{ "type": "Feature", "properties": { "admin_level": null, "index_right": null, "lanes": 2, "length": 536.09453812527045, "name": "Москва", "place": null, "population": 12655050.0, "short_name": "Москва", "lanes_length": 1072.1890762505409 }, "geometry": { "type": "LineString", "coordinates": [ [ 37.4108505, 55.7373677 ], [ 37.4163866, 55.7410279 ] ] } },
{ "type": "Feature", "properties": { "admin_level": null, "index_right": null, "lanes": 2, "length": 909.01346590953722, "name": "Москва", "place": null, "population": 12655050.0, "short_name": "Москва", "lanes_length": 1818.0269318190744 }, "geometry": { "type": "LineString", "coordinates": [ [ 37.8293577, 55.8129262 ], [ 37.8318897, 55.8132277 ], [ 37.8346041, 55.8133783 ], [ 37.8414598, 55.8142102 ], [ 37.8434125, 55.8148131 ] ] } },
{ "type": "Feature", "properties": { "admin_level": null, "index_right": null, "lanes": 1, "length": 1307.9787789895981, "name": "Москва", "place": null, "population": 12655050.0, "short_name": "Москва", "lanes_length": 1307.9787789895981 }, "geometry": { "type": "LineString", "coordinates": [ [ 37.660661, 55.730928 ], [ 37.65659, 55.735583 ], [ 37.6530328, 55.7400647 ], [ 37.6550544, 55.7412124 ] ] } },
{ "type": "Feature", "properties": { "admin_level": null, "index_right": null, "lanes": 1, "length": 833.18049582140134, "name": "Москва", "place": null, "population": 12655050.0, "short_name": "Москва", "lanes_length": 833.18049582140134 }, "geometry": { "type": "LineString", "coordinates": [ [ 37.657614, 55.737996 ], [ 37.659631, 55.736365 ], [ 37.663042, 55.73361 ], [ 37.664716, 55.732728 ], [ 37.66609, 55.732414 ] ] } },
{ "type": "Feature", "properties": { "admin_level": null, "index_right": null, "lanes": 1, "length": 1239.439613603628, "name": "Москва", "place": null, "population": 12655050.0, "short_name": "Москва", "lanes_length": 1239.439613603628 }, "geometry": { "type": "LineString", "coordinates": [ [ 37.615482, 55.782365 ], [ 37.615235, 55.783267 ], [ 37.615374, 55.783747 ], [ 37.615771, 55.784495 ], [ 37.616683, 55.786124 ], [ 37.616758, 55.786691 ], [ 37.6162647, 55.793314 ] ] } },
{ "type": "Feature", "properties": { "admin_level": null, "index_right": null, "lanes": 1, "length": 1120.6962159023203, "name": "Москва", "place": null, "population": 12655050.0, "short_name": "Москва", "lanes_length": 1120.6962159023203 }, "geometry": { "type": "LineString", "coordinates": [ [ 37.61678, 55.821357 ], [ 37.616844, 55.820019 ], [ 37.618647, 55.81287 ], [ 37.61884, 55.811411 ] ] } },
{ "type": "Feature", "properties": { "admin_level": null, "index_right": null, "lanes": 1, "length": 601.38228249252086, "name": "Москва", "place": null, "population": 12655050.0, "short_name": "Москва", "lanes_length": 601.38228249252086 }, "geometry": { "type": "LineString", "coordinates": [ [ 37.493892, 55.851373 ], [ 37.497153, 55.848783 ], [ 37.498655, 55.847494 ], [ 37.4992022, 55.8468912 ] ] } },
{ "type": "Feature", "properties": { "admin_level": null, "index_right": null, "lanes": 1, "length": 1740.852969308391, "name": "Москва", "place": null, "population": 12655050.0, "short_name": "Москва", "lanes_length": 1740.852969308391 }, "geometry": { "type": "LineString", "coordinates": [ [ 37.6313603, 55.7573316 ], [ 37.6336237, 55.7577238 ], [ 37.6357057, 55.7578266 ], [ 37.6375077, 55.7580439 ], [ 37.6387529, 55.7582612 ], [ 37.6430439, 55.7591062 ], [ 37.6473567, 55.7598432 ], [ 37.6486448, 55.7602533 ], [ 37.6528507, 55.7628971 ], [ 37.6555754, 55.7640083 ] ] } },
{ "type": "Feature", "properties": { "admin_level": null, "index_right": null, "lanes": 1, "length": 437.57166004376694, "name": "Москва", "place": null, "population": 12655050.0, "short_name": "Москва", "lanes_length": 437.57166004376694 }, "geometry": { "type": "LineString", "coordinates": [ [ 37.70967, 55.657011 ], [ 37.710764, 55.657616 ], [ 37.711666, 55.657652 ], [ 37.712696, 55.658657 ], [ 37.714477, 55.658149 ], [ 37.714477, 55.657883 ] ] } },
{ "type": "Feature", "properties": { "admin_level": null, "index_right": null, "lanes": 1, "length": 230.23228902862519, "name": "Москва", "place": null, "population": 12655050.0, "short_name": "Москва", "lanes_length": 230.23228902862519 }, "geometry": { "type": "LineString", "coordinates": [ [ 37.733939, 55.681746 ], [ 37.731814, 55.681843 ], [ 37.730827, 55.682508 ] ] } },
{ "type": "Feature", "properties": { "admin_level": null, "index_right": null, "lanes": 1, "length": 211.33051887486411, "name": "Москва", "place": null, "population": 12655050.0, "short_name": "Москва", "lanes_length": 211.33051887486411 }, "geometry": { "type": "LineString", "coordinates": [ [ 37.6533678, 55.7695819 ], [ 37.6517209, 55.7692544 ], [ 37.6506722, 55.7689995 ], [ 37.6505408, 55.769007 ], [ 37.6504469, 55.7690417 ], [ 37.6503986, 55.7691074 ], [ 37.6503825, 55.769173 ] ] } },
{ "type": "Feature", "properties": { "admin_level": null, "index_right": null, "lanes": 1, "length": 408.15856523825789, "name": "Москва", "place": null, "population": 12655050.0, "short_name": "Москва", "lanes_length": 408.15856523825789 }, "geometry": { "type": "LineString", "coordinates": [ [ 37.5788426, 55.7736826 ], [ 37.580688, 55.7723429 ], [ 37.5830376, 55.7708885 ] ] } },
{ "type": "Feature", "properties": { "admin_level": null, "index_right": null, "lanes": 1, "length": 92.635035239316593, "name": "Москва", "place": null, "population": 12655050.0, "short_name": "Москва", "lanes_length": 92.635035239316593 }, "geometry": { "type": "LineString", "coordinates": [ [ 37.6646787, 55.7326651 ], [ 37.6648664, 55.7326681 ], [ 37.6660627, 55.7323933 ] ] } },
{ "type": "Feature", "properties": { "admin_level": null, "index_right": null, "lanes": 1, "length": 64.641459472471666, "name": "Москва", "place": null, "population": 12655050.0, "short_name": "Москва", "lanes_length": 64.641459472471666 }, "geometry": { "type": "LineString", "coordinates": [ [ 37.6361293, 55.7308558 ], [ 37.6365423, 55.7303695 ], [ 37.6365638, 55.7303317 ] ] } },
{ "type": "Feature", "properties": { "admin_level": null, "index_right": null, "lanes": 1, "length": 144.8904946768557, "name": "Москва", "place": null, "population": 12655050.0, "short_name": "Москва", "lanes_length": 144.8904946768557 }, "geometry": { "type": "LineString", "coordinates": [ [ 37.6512248, 55.7701296 ], [ 37.653341, 55.7696 ] ] } },
{ "type": "Feature", "properties": { "admin_level": null, "index_right": null, "lanes": 1, "length": 1230.5537460251467, "name": "Москва", "place": null, "population": 12655050.0, "short_name": "Москва", "lanes_length": 1230.5537460251467 }, "geometry": { "type": "LineString", "coordinates": [ [ 37.6147413, 55.7274001 ], [ 37.6153316, 55.7262701 ], [ 37.6166943, 55.7234724 ], [ 37.617853, 55.7202517 ], [ 37.6194191, 55.7167168 ] ] } },
{ "type": "Feature", "properties": { "admin_level": null, "index_right": null, "lanes": 1, "length": 1265.7678847354503, "name": "Москва", "place": null, "population": 12655050.0, "short_name": "Москва", "lanes_length": 1265.7678847354503 }, "geometry": { "type": "LineString", "coordinates": [ [ 37.6237535, 55.7300825 ], [ 37.620492, 55.7318466 ], [ 37.619462, 55.7334172 ], [ 37.6195478, 55.7357851 ], [ 37.6188612, 55.7375972 ], [ 37.6170588, 55.7403031 ] ] } },
{ "type": "Feature", "properties": { "admin_level": null, "index_right": null, "lanes": 1, "length": 888.41743998606034, "name": "Москва", "place": null, "population": 12655050.0, "short_name": "Москва", "lanes_length": 888.41743998606034 }, "geometry": { "type": "LineString", "coordinates": [ [ 37.5051999, 55.819434 ], [ 37.5181282, 55.822761 ] ] } },
{ "type": "Feature", "properties": { "admin_level": null, "index_right": null, "lanes": 1, "length": 757.69312443380159, "name": "Москва", "place": null, "population": 12655050.0, "short_name": "Москва", "lanes_length": 757.69312443380159 }, "geometry": { "type": "LineString", "coordinates": [ [ 37.5615156, 55.8450364 ], [ 37.5657642, 55.8422895 ], [ 37.5694335, 55.839898 ] ] } },
{ "type": "Feature", "properties": { "admin_level": null, "index_right": null, "lanes": 1, "length": 84.571312200901204, "name": "Москва", "place": null, "population": 12655050.0, "short_name": "Москва", "lanes_length": 84.571312200901204 }, "geometry": { "type": "LineString", "coordinates": [ [ 37.5100172, 55.7922118 ], [ 37.5111035, 55.792334 ], [ 37.5112644, 55.792438 ] ] } },
{ "type": "Feature", "properties": { "admin_level": null, "index_right": null, "lanes": 1, "length": 2677.8358207436077, "name": "Москва", "place": null, "population": 12655050.0, "short_name": "Москва", "lanes_length": 2677.8358207436077 }, "geometry": { "type": "LineString", "coordinates": [ [ 37.7377475, 55.6837846 ], [ 37.7370071, 55.6876494 ], [ 37.7339602, 55.6957285 ], [ 37.7308595, 55.7074029 ] ] } },
{ "type": "Feature", "properties": { "admin_level": null, "index_right": null, "lanes": 1, "length": 450.30632330993933, "name": "Москва", "place": null, "population": 12655050.0, "short_name": "Москва", "lanes_length": 450.30632330993933 }, "geometry": { "type": "LineString", "coordinates": [ [ 37.725023, 55.5964318 ], [ 37.7259135, 55.5950011 ], [ 37.7261817, 55.5947586 ], [ 37.7266324, 55.5946495 ], [ 37.7272654, 55.5946313 ], [ 37.7278125, 55.5946495 ], [ 37.7286494, 55.5948677 ], [ 37.7296364, 55.5954012 ] ] } },
{ "type": "Feature", "properties": { "admin_level": null, "index_right": null, "lanes": 1, "length": 191.2503448896708, "name": "Москва", "place": null, "population": 12655050.0, "short_name": "Москва", "lanes_length": 191.2503448896708 }, "geometry": { "type": "LineString", "coordinates": [ [ 37.7278125, 55.5946495 ], [ 37.7280378, 55.5948859 ], [ 37.7280271, 55.5951405 ], [ 37.7269757, 55.5961711 ] ] } },
{ "type": "Feature", "properties": { "admin_level": null, "index_right": null, "lanes": 1, "length": 804.53630534090735, "name": "Москва", "place": null, "population": 12655050.0, "short_name": "Москва", "lanes_length": 804.53630534090735 }, "geometry": { "type": "LineString", "coordinates": [ [ 37.5520742, 55.745959 ], [ 37.5582862, 55.74627 ], [ 37.5648094, 55.7456057 ] ] } },
{ "type": "Feature", "properties": { "admin_level": null, "index_right": null, "lanes": 1, "length": 152.68868130151665, "name": "Москва", "place": null, "population": 12655050.0, "short_name": "Москва", "lanes_length": 152.68868130151665 }, "geometry": { "type": "LineString", "coordinates": [ [ 37.5652706, 55.7455573 ], [ 37.5676309, 55.7452071 ] ] } },
{ "type": "Feature", "properties": { "admin_level": null, "index_right": null, "lanes": 1, "length": 980.42244101852361, "name": "Москва", "place": null, "population": 12655050.0, "short_name": "Москва", "lanes_length": 980.42244101852361 }, "geometry": { "type": "LineString", "coordinates": [ [ 37.471683, 55.8535738 ], [ 37.4768539, 55.8549258 ], [ 37.4852868, 55.8579367 ] ] } },
{ "type": "Feature", "properties": { "admin_level": null, "index_right": null, "lanes": 1, "length": 66.566985477627156, "name": "Москва", "place": null, "population": 12655050.0, "short_name": "Москва", "lanes_length": 66.566985477627156 }, "geometry": { "type": "LineString", "coordinates": [ [ 37.476908, 55.8553111 ], [ 37.4759746, 55.8550221 ] ] } },
{ "type": "Feature", "properties": { "admin_level": null, "index_right": null, "lanes": 1, "length": 443.1953114239368, "name": "Москва", "place": null, "population": 12655050.0, "short_name": "Москва", "lanes_length": 443.1953114239368 }, "geometry": { "type": "LineString", "coordinates": [ [ 37.6306736, 55.8183792 ], [ 37.6371539, 55.8200006 ] ] } },
{ "type": "Feature", "properties": { "admin_level": null, "index_right": null, "lanes": 1, "length": 1206.0361433858452, "name": "Москва", "place": null, "population": 12655050.0, "short_name": "Москва", "lanes_length": 1206.0361433858452 }, "geometry": { "type": "LineString", "coordinates": [ [ 37.6642013, 55.8208022 ], [ 37.6543307, 55.8115311 ] ] } },
{ "type": "Feature", "properties": { "admin_level": null, "index_right": null, "lanes": 1, "length": 1037.7373438433253, "name": "Москва", "place": null, "population": 12655050.0, "short_name": "Москва", "lanes_length": 1037.7373438433253 }, "geometry": { "type": "LineString", "coordinates": [ [ 37.6198912, 55.8902948 ], [ 37.6066518, 55.884663 ] ] } },
{ "type": "Feature", "properties": { "admin_level": null, "index_right": null, "lanes": 1, "length": 115.59614498602512, "name": "Москва", "place": null, "population": 12655050.0, "short_name": "Москва", "lanes_length": 115.59614498602512 }, "geometry": { "type": "LineString", "coordinates": [ [ 37.6888132, 55.7840305 ], [ 37.6872253, 55.7845614 ] ] } },
{ "type": "Feature", "properties": { "admin_level": null, "index_right": null, "lanes": 1, "length": 280.05623723387129, "name": "Москва", "place": null, "population": 12655050.0, "short_name": "Москва", "lanes_length": 280.05623723387129 }, "geometry": { "type": "LineString", "coordinates": [ [ 37.8196299, 55.7889411 ], [ 37.8195012, 55.7914443 ] ] } },
{ "type": "Feature", "properties": { "admin_level": null, "index_right": null, "lanes": 1, "length": 376.63604980232515, "name": "Москва", "place": null, "population": 12655050.0, "short_name": "Москва", "lanes_length": 376.63604980232515 }, "geometry": { "type": "LineString", "coordinates": [ [ 37.7535081, 55.7536064 ], [ 37.7591729, 55.7547535 ] ] } },
{ "type": "Feature", "properties": { "admin_level": null, "index_right": null, "lanes": 1, "length": 181.35208788656624, "name": "Москва", "place": null, "population": 12655050.0, "short_name": "Москва", "lanes_length": 181.35208788656624 }, "geometry": { "type": "LineString", "coordinates": [ [ 37.7399469, 55.7689663 ], [ 37.7373612, 55.7682299 ] ] } },
{ "type": "Feature", "properties": { "admin_level": null, "index_right": null, "lanes": 1, "length": 708.7006868719036, "name": "Москва", "place": null, "population": 12655050.0, "short_name": "Москва", "lanes_length": 708.7006868719036 }, "geometry": { "type": "LineString", "coordinates": [ [ 37.831893, 55.7434316 ], [ 37.8284489, 55.7379776 ], [ 37.8278804, 55.7375247 ] ] } },
{ "type": "Feature", "properties": { "admin_level": null, "index_right": null, "lanes": 1, "length": 838.43971672645034, "name": "Москва", "place": null, "population": 12655050.0, "short_name": "Москва", "lanes_length": 838.43971672645034 }, "geometry": { "type": "LineString", "coordinates": [ [ 37.6932892, 55.7188474 ], [ 37.6813245, 55.7154719 ] ] } },
{ "type": "Feature", "properties": { "admin_level": null, "index_right": null, "lanes": 1, "length": 255.37473769215296, "name": "Москва", "place": null, "population": 12655050.0, "short_name": "Москва", "lanes_length": 255.37473769215296 }, "geometry": { "type": "LineString", "coordinates": [ [ 37.7233171, 55.608972 ], [ 37.7221477, 55.6111596 ] ] } },
{ "type": "Feature", "properties": { "admin_level": null, "index_right": null, "lanes": 1, "length": 1607.3106219810124, "name": "Москва", "place": null, "population": 12655050.0, "short_name": "Москва", "lanes_length": 1607.3106219810124 }, "geometry": { "type": "LineString", "coordinates": [ [ 37.6233243, 55.7123744 ], [ 37.627616, 55.7181914 ], [ 37.6277018, 55.7216238 ], [ 37.6272727, 55.7225906 ], [ 37.625556, 55.7261132 ] ] } },
{ "type": "Feature", "properties": { "admin_level": null, "index_right": null, "lanes": 1, "length": 1979.7531821760206, "name": "Москва", "place": null, "population": 12655050.0, "short_name": "Москва", "lanes_length": 1979.7531821760206 }, "geometry": { "type": "LineString", "coordinates": [ [ 37.6235926, 55.729424 ], [ 37.6223803, 55.723799 ], [ 37.6224232, 55.7117609 ] ] } },
{ "type": "Feature", "properties": { "admin_level": null, "index_right": null, "lanes": 1, "length": 182.11644393516676, "name": "Москва", "place": null, "population": 12655050.0, "short_name": "Москва", "lanes_length": 182.11644393516676 }, "geometry": { "type": "LineString", "coordinates": [ [ 37.617799, 55.7055229 ], [ 37.6205671, 55.7060246 ] ] } },
{ "type": "Feature", "properties": { "admin_level": null, "index_right": null, "lanes": 1, "length": 346.39066595609518, "name": "Москва", "place": null, "population": 12655050.0, "short_name": "Москва", "lanes_length": 346.39066595609518 }, "geometry": { "type": "LineString", "coordinates": [ [ 37.6576996, 55.710407 ], [ 37.6574636, 55.7073122 ] ] } },
{ "type": "Feature", "properties": { "admin_level": null, "index_right": null, "lanes": 1, "length": 285.28211803200219, "name": "Москва", "place": null, "population": 12655050.0, "short_name": "Москва", "lanes_length": 285.28211803200219 }, "geometry": { "type": "LineString", "coordinates": [ [ 37.5864065, 55.706345 ], [ 37.5834346, 55.7082793 ] ] } },
{ "type": "Feature", "properties": { "admin_level": null, "index_right": null, "lanes": 1, "length": 898.21608726276293, "name": "Москва", "place": null, "population": 12655050.0, "short_name": "Москва", "lanes_length": 898.21608726276293 }, "geometry": { "type": "LineString", "coordinates": [ [ 37.5138903, 55.7464632 ], [ 37.5014126, 55.7424834 ] ] } },
{ "type": "Feature", "properties": { "admin_level": null, "index_right": null, "lanes": 1, "length": 204.42917864731859, "name": "Москва", "place": null, "population": 12655050.0, "short_name": "Москва", "lanes_length": 204.42917864731859 }, "geometry": { "type": "LineString", "coordinates": [ [ 37.5155103, 55.7383341 ], [ 37.5163257, 55.7368482 ], [ 37.5162077, 55.7365825 ] ] } },
{ "type": "Feature", "properties": { "admin_level": null, "index_right": null, "lanes": 1, "length": 113.56488450206456, "name": "Москва", "place": null, "population": 12655050.0, "short_name": "Москва", "lanes_length": 113.56488450206456 }, "geometry": { "type": "LineString", "coordinates": [ [ 37.424798, 55.7318888 ], [ 37.4247336, 55.7308739 ] ] } },
{ "type": "Feature", "properties": { "admin_level": null, "index_right": null, "lanes": 1, "length": 277.60148501965119, "name": "Москва", "place": null, "population": 12655050.0, "short_name": "Москва", "lanes_length": 277.60148501965119 }, "geometry": { "type": "LineString", "coordinates": [ [ 37.4800515, 55.6638256 ], [ 37.4794185, 55.6613685 ] ] } },
{ "type": "Feature", "properties": { "admin_level": null, "index_right": null, "lanes": 1, "length": 44.123416048285215, "name": "Москва", "place": null, "population": 12655050.0, "short_name": "Москва", "lanes_length": 44.123416048285215 }, "geometry": { "type": "LineString", "coordinates": [ [ 37.4356583, 55.8635919 ], [ 37.4358622, 55.8639697 ] ] } },
{ "type": "Feature", "properties": { "admin_level": null, "index_right": null, "lanes": 1, "length": 53.443622469089625, "name": "Москва", "place": null, "population": 12655050.0, "short_name": "Москва", "lanes_length": 53.443622469089625 }, "geometry": { "type": "LineString", "coordinates": [ [ 37.434293, 55.8632954 ], [ 37.4351379, 55.8633767 ] ] } },
{ "type": "Feature", "properties": { "admin_level": null, "index_right": null, "lanes": 1, "length": 753.52956622301383, "name": "Москва", "place": null, "population": 12655050.0, "short_name": "Москва", "lanes_length": 753.52956622301383 }, "geometry": { "type": "LineString", "coordinates": [ [ 37.4394965, 55.8506258 ], [ 37.4513626, 55.8519026 ] ] } },
{ "type": "Feature", "properties": { "admin_level": null, "index_right": null, "lanes": 1, "length": 656.16880415037178, "name": "Москва", "place": null, "population": 12655050.0, "short_name": "Москва", "lanes_length": 656.16880415037178 }, "geometry": { "type": "LineString", "coordinates": [ [ 37.6247728, 55.7510585 ], [ 37.6253414, 55.751946 ], [ 37.6261353, 55.7522961 ], [ 37.629, 55.7526282 ], [ 37.631017, 55.7524894 ], [ 37.6324761, 55.7527672 ], [ 37.6335463, 55.7531792 ] ] } },
{ "type": "Feature", "properties": { "admin_level": null, "index_right": null, "lanes": 1, "length": 31.500166158689005, "name": "Москва", "place": null, "population": 12655050.0, "short_name": "Москва", "lanes_length": 31.500166158689005 }, "geometry": { "type": "LineString", "coordinates": [ [ 37.4843967, 55.6649753 ], [ 37.4842358, 55.6651085 ], [ 37.4840212, 55.6650964 ] ] } },
{ "type": "Feature", "properties": { "admin_level": null, "index_right": null, "lanes": 1, "length": 48.200406822928244, "name": "Москва", "place": null, "population": 12655050.0, "short_name": "Москва", "lanes_length": 48.200406822928244 }, "geometry": { "type": "LineString", "coordinates": [ [ 37.48209, 55.6620766 ], [ 37.482326, 55.6619011 ], [ 37.4826801, 55.6619737 ] ] } },
{ "type": "Feature", "properties": { "admin_level": null, "index_right": null, "lanes": 1, "length": 84.310464023395227, "name": "Москва", "place": null, "population": 12655050.0, "short_name": "Москва", "lanes_length": 84.310464023395227 }, "geometry": { "type": "LineString", "coordinates": [ [ 37.5529647, 55.746282 ], [ 37.5516236, 55.7462035 ] ] } },
{ "type": "Feature", "properties": { "admin_level": null, "index_right": null, "lanes": 1, "length": 30.789460745088235, "name": "Москва", "place": null, "population": 12655050.0, "short_name": "Москва", "lanes_length": 30.789460745088235 }, "geometry": { "type": "LineString", "coordinates": [ [ 37.6227236, 55.7115615 ], [ 37.6229006, 55.7118184 ] ] } },
{ "type": "Feature", "properties": { "admin_level": null, "index_right": null, "lanes": 1, "length": 92.956926725618345, "name": "Москва", "place": null, "population": 12655050.0, "short_name": "Москва", "lanes_length": 92.956926725618345 }, "geometry": { "type": "LineString", "coordinates": [ [ 37.633903, 55.7534314 ], [ 37.635228, 55.7538087 ] ] } },
{ "type": "Feature", "properties": { "admin_level": null, "index_right": null, "lanes": 1, "length": 542.51395913808847, "name": "Москва", "place": null, "population": 12655050.0, "short_name": "Москва", "lanes_length": 542.51395913808847 }, "geometry": { "type": "LineString", "coordinates": [ [ 37.6369071, 55.7541528 ], [ 37.6377225, 55.7535611 ], [ 37.6391119, 55.7530751 ], [ 37.6424593, 55.7504939 ] ] } },
{ "type": "Feature", "properties": { "admin_level": null, "index_right": null, "lanes": 1, "length": 97.049850924963152, "name": "Москва", "place": null, "population": 12655050.0, "short_name": "Москва", "lanes_length": 97.049850924963152 }, "geometry": { "type": "LineString", "coordinates": [ [ 37.6354104, 55.7538539 ], [ 37.6368535, 55.7541739 ] ] } },
{ "type": "Feature", "properties": { "admin_level": null, "index_right": null, "lanes": 1, "length": 1162.5231422743927, "name": "Москва", "place": null, "population": 12655050.0, "short_name": "Москва", "lanes_length": 1162.5231422743927 }, "geometry": { "type": "LineString", "coordinates": [ [ 37.6731411, 55.7391389 ], [ 37.6647243, 55.739764 ], [ 37.6600909, 55.740692 ], [ 37.6552721, 55.7417511 ] ] } },
{ "type": "Feature", "properties": { "admin_level": null, "index_right": null, "lanes": 1, "length": 130.94941878229562, "name": "Москва", "place": null, "population": 12655050.0, "short_name": "Москва", "lanes_length": 130.94941878229562 }, "geometry": { "type": "LineString", "coordinates": [ [ 37.1935058, 56.016376 ], [ 37.193892, 56.016274 ], [ 37.1940905, 56.016334 ], [ 37.1944875, 56.0167658 ], [ 37.1944231, 56.0168467 ], [ 37.1940423, 56.0169487 ] ] } },
{ "type": "Feature", "properties": { "admin_level": null, "index_right": null, "lanes": 1, "length": 186.95933647903354, "name": "Москва", "place": null, "population": 12655050.0, "short_name": "Москва", "lanes_length": 186.95933647903354 }, "geometry": { "type": "LineString", "coordinates": [ [ 37.5571382, 55.7704117 ], [ 37.5601208, 55.7702789 ] ] } },
{ "type": "Feature", "properties": { "admin_level": null, "index_right": null, "lanes": 1, "length": 146.32945527491688, "name": "Москва", "place": null, "population": 12655050.0, "short_name": "Москва", "lanes_length": 146.32945527491688 }, "geometry": { "type": "LineString", "coordinates": [ [ 37.6365799, 55.7452705 ], [ 37.6381463, 55.7462427 ] ] } },
{ "type": "Feature", "properties": { "admin_level": null, "index_right": null, "lanes": 1, "length": 1935.4232102918718, "name": "Москва", "place": null, "population": 12655050.0, "short_name": "Москва", "lanes_length": 1935.4232102918718 }, "geometry": { "type": "LineString", "coordinates": [ [ 37.62591, 55.7598851 ], [ 37.6175952, 55.7585992 ], [ 37.6148271, 55.7568726 ], [ 37.6120806, 55.7545543 ], [ 37.6105785, 55.7524652 ], [ 37.6089263, 55.7493738 ], [ 37.6089209, 55.7491383 ], [ 37.6092696, 55.7489511 ], [ 37.6106215, 55.7485405 ], [ 37.6110399, 55.7480514 ] ] } },
{ "type": "Feature", "properties": { "admin_level": null, "index_right": null, "lanes": 1, "length": 1077.8829223036644, "name": "Москва", "place": null, "population": 12655050.0, "short_name": "Москва", "lanes_length": 1077.8829223036644 }, "geometry": { "type": "LineString", "coordinates": [ [ 37.6552963, 55.7416198 ], [ 37.6646733, 55.7396629 ], [ 37.6718294, 55.7390952 ] ] } },
{ "type": "Feature", "properties": { "admin_level": null, "index_right": null, "lanes": 1, "length": 218.38882365421864, "name": "Москва", "place": null, "population": 12655050.0, "short_name": "Москва", "lanes_length": 218.38882365421864 }, "geometry": { "type": "LineString", "coordinates": [ [ 37.5851136, 55.758077 ], [ 37.585634, 55.7586958 ], [ 37.5835794, 55.7592361 ] ] } },
{ "type": "Feature", "properties": { "admin_level": null, "index_right": null, "lanes": 1, "length": 123.29753854551551, "name": "Москва", "place": null, "population": 12655050.0, "short_name": "Москва", "lanes_length": 123.29753854551551 }, "geometry": { "type": "LineString", "coordinates": [ [ 37.6045382, 55.7721135 ], [ 37.60427, 55.7732058 ] ] } },
{ "type": "Feature", "properties": { "admin_level": null, "index_right": null, "lanes": 1, "length": 77.019668930145372, "name": "Москва", "place": null, "population": 12655050.0, "short_name": "Москва", "lanes_length": 77.019668930145372 }, "geometry": { "type": "LineString", "coordinates": [ [ 37.6066947, 55.7663861 ], [ 37.606523, 55.7670681 ] ] } },
{ "type": "Feature", "properties": { "admin_level": null, "index_right": null, "lanes": 1, "length": 75.047910803049589, "name": "Москва", "place": null, "population": 12655050.0, "short_name": "Москва", "lanes_length": 75.047910803049589 }, "geometry": { "type": "LineString", "coordinates": [ [ 37.5030756, 55.6202057 ], [ 37.5035906, 55.6195999 ] ] } },
{ "type": "Feature", "properties": { "admin_level": null, "index_right": null, "lanes": 1, "length": 109.8506090141733, "name": "Москва", "place": null, "population": 12655050.0, "short_name": "Москва", "lanes_length": 109.8506090141733 }, "geometry": { "type": "LineString", "coordinates": [ [ 37.5064015, 55.6183276 ], [ 37.5057364, 55.6192364 ] ] } },
{ "type": "Feature", "properties": { "admin_level": null, "index_right": null, "lanes": 1, "length": 360.5952752647994, "name": "Москва", "place": null, "population": 12655050.0, "short_name": "Москва", "lanes_length": 360.5952752647994 }, "geometry": { "type": "LineString", "coordinates": [ [ 37.177273, 55.9827095 ], [ 37.1745801, 55.98144 ], [ 37.1743548, 55.9811429 ], [ 37.1745372, 55.9808457 ], [ 37.1752775, 55.9803745 ] ] } },
{ "type": "Feature", "properties": { "admin_level": null, "index_right": null, "lanes": 1, "length": 237.26147230493626, "name": "Москва", "place": null, "population": 12655050.0, "short_name": "Москва", "lanes_length": 237.26147230493626 }, "geometry": { "type": "LineString", "coordinates": [ [ 37.6179492, 55.6724965 ], [ 37.6217365, 55.6724904 ] ] } },
{ "type": "Feature", "properties": { "admin_level": null, "index_right": null, "lanes": 1, "length": 209.59002611621673, "name": "Москва", "place": null, "population": 12655050.0, "short_name": "Москва", "lanes_length": 209.59002611621673 }, "geometry": { "type": "LineString", "coordinates": [ [ 37.2436523, 55.9999109 ], [ 37.2464473, 55.9988609 ] ] } },
{ "type": "Feature", "properties": { "admin_level": null, "index_right": null, "lanes": 1, "length": 63.585894379226836, "name": "Москва", "place": null, "population": 12655050.0, "short_name": "Москва", "lanes_length": 63.585894379226836 }, "geometry": { "type": "LineString", "coordinates": [ [ 37.5849259, 55.7762743 ], [ 37.5842446, 55.7758519 ] ] } },
{ "type": "Feature", "properties": { "admin_level": null, "index_right": null, "lanes": 1, "length": 243.66263467756141, "name": "Москва", "place": null, "population": 12655050.0, "short_name": "Москва", "lanes_length": 243.66263467756141 }, "geometry": { "type": "LineString", "coordinates": [ [ 37.6320684, 55.7690598 ], [ 37.6314083, 55.7669124 ] ] } },
{ "type": "Feature", "properties": { "admin_level": null, "index_right": null, "lanes": 1, "length": 273.03744873684263, "name": "Москва", "place": null, "population": 12655050.0, "short_name": "Москва", "lanes_length": 273.03744873684263 }, "geometry": { "type": "LineString", "coordinates": [ [ 37.5977362, 55.7433199 ], [ 37.5989485, 55.7437939 ], [ 37.600311, 55.7442469 ], [ 37.6014697, 55.7445791 ] ] } },
{ "type": "Feature", "properties": { "admin_level": null, "index_right": null, "lanes": 1, "length": 394.78106177042673, "name": "Москва", "place": null, "population": 12655050.0, "short_name": "Москва", "lanes_length": 394.78106177042673 }, "geometry": { "type": "LineString", "coordinates": [ [ 37.5917615, 55.7407886 ], [ 37.5865245, 55.7388173 ] ] } },
{ "type": "Feature", "properties": { "admin_level": null, "index_right": null, "lanes": 1, "length": 110.99054496196656, "name": "Москва", "place": null, "population": 12655050.0, "short_name": "Москва", "lanes_length": 110.99054496196656 }, "geometry": { "type": "LineString", "coordinates": [ [ 37.6278734, 55.7596315 ], [ 37.6268756, 55.7604525 ] ] } },
{ "type": "Feature", "properties": { "admin_level": null, "index_right": null, "lanes": 1, "length": 84.521322379559308, "name": "Москва", "place": null, "population": 12655050.0, "short_name": "Москва", "lanes_length": 84.521322379559308 }, "geometry": { "type": "LineString", "coordinates": [ [ 37.6268649, 55.7601688 ], [ 37.6265216, 55.7600662 ], [ 37.6262212, 55.7598006 ], [ 37.6261246, 55.7595832 ] ] } },
{ "type": "Feature", "properties": { "admin_level": null, "index_right": null, "lanes": 1, "length": 760.68265191976161, "name": "Москва", "place": null, "population": 12655050.0, "short_name": "Москва", "lanes_length": 760.68265191976161 }, "geometry": { "type": "LineString", "coordinates": [ [ 37.4788928, 55.842398 ], [ 37.4791932, 55.8415787 ], [ 37.483077, 55.8364459 ], [ 37.4835062, 55.8361326 ] ] } },
{ "type": "Feature", "properties": { "admin_level": null, "index_right": null, "lanes": 1, "length": 750.96400811618923, "name": "Москва", "place": null, "population": 12655050.0, "short_name": "Москва", "lanes_length": 750.96400811618923 }, "geometry": { "type": "LineString", "coordinates": [ [ 37.4791718, 55.8424702 ], [ 37.480073, 55.8417233 ], [ 37.4836135, 55.8370001 ], [ 37.4839139, 55.8363254 ] ] } },
{ "type": "Feature", "properties": { "admin_level": null, "index_right": null, "lanes": 1, "length": 393.43482367731406, "name": "Москва", "place": null, "population": 12655050.0, "short_name": "Москва", "lanes_length": 393.43482367731406 }, "geometry": { "type": "LineString", "coordinates": [ [ 37.6260495, 55.7594021 ], [ 37.6300621, 55.7566915 ] ] } },
{ "type": "Feature", "properties": { "admin_level": null, "index_right": null, "lanes": 1, "length": 490.16754723834026, "name": "Москва", "place": null, "population": 12655050.0, "short_name": "Москва", "lanes_length": 490.16754723834026 }, "geometry": { "type": "LineString", "coordinates": [ [ 37.6304214, 55.7565636 ], [ 37.632594, 55.755086 ], [ 37.63371, 55.754144 ], [ 37.6342248, 55.7536425 ], [ 37.6339887, 55.753899 ], [ 37.6347397, 55.7541192 ] ] } },
{ "type": "Feature", "properties": { "admin_level": null, "index_right": null, "lanes": 1, "length": 59.322887003413364, "name": "Москва", "place": null, "population": 12655050.0, "short_name": "Москва", "lanes_length": 59.322887003413364 }, "geometry": { "type": "LineString", "coordinates": [ [ 37.6337314, 55.754189 ], [ 37.6346272, 55.7543641 ] ] } },
{ "type": "Feature", "properties": { "admin_level": null, "index_right": null, "lanes": 1, "length": 779.6151490028509, "name": "Москва", "place": null, "population": 12655050.0, "short_name": "Москва", "lanes_length": 779.6151490028509 }, "geometry": { "type": "LineString", "coordinates": [ [ 37.6279593, 55.7595409 ], [ 37.631607, 55.75715 ], [ 37.634461, 55.754832 ], [ 37.635083, 55.753878 ] ] } },
{ "type": "Feature", "properties": { "admin_level": null, "index_right": null, "lanes": 1, "length": 65.269363641777161, "name": "Москва", "place": null, "population": 12655050.0, "short_name": "Москва", "lanes_length": 65.269363641777161 }, "geometry": { "type": "LineString", "coordinates": [ [ 37.6024085, 55.7443329 ], [ 37.6029597, 55.7441117 ], [ 37.6031294, 55.7441325 ], [ 37.6031944, 55.7442333 ] ] } },
{ "type": "Feature", "properties": { "admin_level": null, "index_right": null, "lanes": 1, "length": 43.299115931522955, "name": "Москва", "place": null, "population": 12655050.0, "short_name": "Москва", "lanes_length": 43.299115931522955 }, "geometry": { "type": "LineString", "coordinates": [ [ 37.6024139, 55.7448508 ], [ 37.6017809, 55.7446938 ] ] } },
{ "type": "Feature", "properties": { "admin_level": null, "index_right": null, "lanes": 1, "length": 187.98615500622341, "name": "Москва", "place": null, "population": 12655050.0, "short_name": "Москва", "lanes_length": 187.98615500622341 }, "geometry": { "type": "LineString", "coordinates": [ [ 37.5838208, 55.7561421 ], [ 37.5834239, 55.7544758 ] ] } },
{ "type": "Feature", "properties": { "admin_level": null, "index_right": null, "lanes": 1, "length": 340.13578258123829, "name": "Москва", "place": null, "population": 12655050.0, "short_name": "Москва", "lanes_length": 340.13578258123829 }, "geometry": { "type": "LineString", "coordinates": [ [ 37.6115656, 55.7301973 ], [ 37.6067912, 55.7316532 ] ] } },
{ "type": "Feature", "properties": { "admin_level": null, "index_right": null, "lanes": 1, "length": 143.75158039235703, "name": "Москва", "place": null, "population": 12655050.0, "short_name": "Москва", "lanes_length": 143.75158039235703 }, "geometry": { "type": "LineString", "coordinates": [ [ 37.6062226, 55.7315203 ], [ 37.6072419, 55.7310491 ], [ 37.6081002, 55.7307894 ] ] } },
{ "type": "Feature", "properties": { "admin_level": null, "index_right": null, "lanes": 1, "length": 296.97224229652056, "name": "Москва", "place": null, "population": 12655050.0, "short_name": "Москва", "lanes_length": 296.97224229652056 }, "geometry": { "type": "LineString", "coordinates": [ [ 37.6145267, 55.7291703 ], [ 37.6154602, 55.7291522 ], [ 37.6159215, 55.7290072 ], [ 37.6191938, 55.7291642 ] ] } },
{ "type": "Feature", "properties": { "admin_level": null, "index_right": null, "lanes": 1, "length": 119.20363863089463, "name": "Москва", "place": null, "population": 12655050.0, "short_name": "Москва", "lanes_length": 119.20363863089463 }, "geometry": { "type": "LineString", "coordinates": [ [ 37.6144302, 55.7302426 ], [ 37.6125258, 55.7302819 ] ] } },
{ "type": "Feature", "properties": { "admin_level": null, "index_right": null, "lanes": 1, "length": 167.39280154633775, "name": "Москва", "place": null, "population": 12655050.0, "short_name": "Москва", "lanes_length": 167.39280154633775 }, "geometry": { "type": "LineString", "coordinates": [ [ 37.6372397, 55.7310793 ], [ 37.6381839, 55.731333 ], [ 37.639466, 55.7318948 ] ] } },
{ "type": "Feature", "properties": { "admin_level": null, "index_right": null, "lanes": 1, "length": 116.02920406584239, "name": "Москва", "place": null, "population": 12655050.0, "short_name": "Москва", "lanes_length": 116.02920406584239 }, "geometry": { "type": "LineString", "coordinates": [ [ 37.6377547, 55.7314237 ], [ 37.6360166, 55.7310612 ] ] } },
{ "type": "Feature", "properties": { "admin_level": null, "index_right": null, "lanes": 1, "length": 200.17219220894623, "name": "Москва", "place": null, "population": 12655050.0, "short_name": "Москва", "lanes_length": 200.17219220894623 }, "geometry": { "type": "LineString", "coordinates": [ [ 37.6204652, 55.7293485 ], [ 37.6226485, 55.7296415 ], [ 37.6236033, 55.7296445 ] ] } },
{ "type": "Feature", "properties": { "admin_level": null, "index_right": null, "lanes": 1, "length": 90.937918131711712, "name": "Москва", "place": null, "population": 12655050.0, "short_name": "Москва", "lanes_length": 90.937918131711712 }, "geometry": { "type": "LineString", "coordinates": [ [ 37.6239467, 55.7296415 ], [ 37.6254004, 55.7296506 ] ] } },
{ "type": "Feature", "properties": { "admin_level": null, "index_right": null, "lanes": 1, "length": 10.733862737605394, "name": "Москва", "place": null, "population": 12655050.0, "short_name": "Москва", "lanes_length": 10.733862737605394 }, "geometry": { "type": "LineString", "coordinates": [ [ 37.625792, 55.7300403 ], [ 37.6256204, 55.7300402 ] ] } },
{ "type": "Feature", "properties": { "admin_level": null, "index_right": null, "lanes": 1, "length": 82.856972131676386, "name": "Москва", "place": null, "population": 12655050.0, "short_name": "Москва", "lanes_length": 82.856972131676386 }, "geometry": { "type": "LineString", "coordinates": [ [ 37.6031381, 55.7719324 ], [ 37.6043236, 55.7722644 ] ] } },
{ "type": "Feature", "properties": { "admin_level": null, "index_right": null, "lanes": 1, "length": 33.596458122483945, "name": "Москва", "place": null, "population": 12655050.0, "short_name": "Москва", "lanes_length": 33.596458122483945 }, "geometry": { "type": "LineString", "coordinates": [ [ 37.6183006, 55.7737942 ], [ 37.6183758, 55.7736584 ], [ 37.6183221, 55.773503 ] ] } },
{ "type": "Feature", "properties": { "admin_level": null, "index_right": null, "lanes": 1, "length": 33.29326946568424, "name": "Москва", "place": null, "population": 12655050.0, "short_name": "Москва", "lanes_length": 33.29326946568424 }, "geometry": { "type": "LineString", "coordinates": [ [ 37.6188532, 55.7738183 ], [ 37.6188478, 55.7736675 ], [ 37.6189256, 55.7735272 ] ] } },
{ "type": "Feature", "properties": { "admin_level": null, "index_right": null, "lanes": 1, "length": 164.65609049901991, "name": "Москва", "place": null, "population": 12655050.0, "short_name": "Москва", "lanes_length": 164.65609049901991 }, "geometry": { "type": "LineString", "coordinates": [ [ 37.6550281, 55.7454728 ], [ 37.6548135, 55.7440053 ] ] } },
{ "type": "Feature", "properties": { "admin_level": null, "index_right": null, "lanes": 1, "length": 1724.7826642134432, "name": "Москва", "place": null, "population": 12655050.0, "short_name": "Москва", "lanes_length": 1724.7826642134432 }, "geometry": { "type": "LineString", "coordinates": [ [ 37.6745224, 55.8490599 ], [ 37.6580429, 55.8366748 ] ] } },
{ "type": "Feature", "properties": { "admin_level": null, "index_right": null, "lanes": 1, "length": 1083.699303538634, "name": "Москва", "place": null, "population": 12655050.0, "short_name": "Москва", "lanes_length": 1083.699303538634 }, "geometry": { "type": "LineString", "coordinates": [ [ 37.4273622, 55.6615682 ], [ 37.4101961, 55.6603942 ] ] } },
{ "type": "Feature", "properties": { "admin_level": null, "index_right": null, "lanes": 1, "length": 74.245899020567919, "name": "Москва", "place": null, "population": 12655050.0, "short_name": "Москва", "lanes_length": 74.245899020567919 }, "geometry": { "type": "LineString", "coordinates": [ [ 37.4383271, 55.663287 ], [ 37.4381876, 55.6635351 ], [ 37.4378657, 55.6636743 ], [ 37.4375546, 55.6636985 ] ] } },
{ "type": "Feature", "properties": { "admin_level": null, "index_right": null, "lanes": 1, "length": 349.23012796669911, "name": "Москва", "place": null, "population": 12655050.0, "short_name": "Москва", "lanes_length": 349.23012796669911 }, "geometry": { "type": "LineString", "coordinates": [ [ 37.8519237, 55.7009887 ], [ 37.8477716, 55.7030746 ] ] } },
{ "type": "Feature", "properties": { "admin_level": null, "index_right": null, "lanes": 1, "length": 538.60511635749219, "name": "Москва", "place": null, "population": 12655050.0, "short_name": "Москва", "lanes_length": 538.60511635749219 }, "geometry": { "type": "LineString", "coordinates": [ [ 37.8557324, 55.6995015 ], [ 37.8494668, 55.7028025 ] ] } },
{ "type": "Feature", "properties": { "admin_level": null, "index_right": null, "lanes": 1, "length": 1013.8220092135982, "name": "Москва", "place": null, "population": 12655050.0, "short_name": "Москва", "lanes_length": 1013.8220092135982 }, "geometry": { "type": "LineString", "coordinates": [ [ 37.8113901, 55.7134654 ], [ 37.8191686, 55.7111807 ], [ 37.8260136, 55.709585 ] ] } },
{ "type": "Feature", "properties": { "admin_level": null, "index_right": null, "lanes": 1, "length": 1006.7083446521031, "name": "Москва", "place": null, "population": 12655050.0, "short_name": "Москва", "lanes_length": 1006.7083446521031 }, "geometry": { "type": "LineString", "coordinates": [ [ 37.8261209, 55.709863 ], [ 37.8192329, 55.7117247 ], [ 37.8113901, 55.7134654 ] ] } },
{ "type": "Feature", "properties": { "admin_level": null, "index_right": null, "lanes": 1, "length": 169.75386499646865, "name": "Москва", "place": null, "population": 12655050.0, "short_name": "Москва", "lanes_length": 169.75386499646865 }, "geometry": { "type": "LineString", "coordinates": [ [ 37.719444, 55.6107294 ], [ 37.7220538, 55.6111293 ] ] } },
{ "type": "Feature", "properties": { "admin_level": null, "index_right": null, "lanes": 1, "length": 155.06408985647283, "name": "Москва", "place": null, "population": 12655050.0, "short_name": "Москва", "lanes_length": 155.06408985647283 }, "geometry": { "type": "LineString", "coordinates": [ [ 37.743187, 55.6483305 ], [ 37.740773, 55.6480278 ] ] } },
{ "type": "Feature", "properties": { "admin_level": null, "index_right": null, "lanes": 1, "length": 455.73412446757783, "name": "Москва", "place": null, "population": 12655050.0, "short_name": "Москва", "lanes_length": 455.73412446757783 }, "geometry": { "type": "LineString", "coordinates": [ [ 37.7533793, 55.7536728 ], [ 37.7510619, 55.7575367 ] ] } },
{ "type": "Feature", "properties": { "admin_level": null, "index_right": null, "lanes": 1, "length": 285.53239383972158, "name": "Москва", "place": null, "population": 12655050.0, "short_name": "Москва", "lanes_length": 285.53239383972158 }, "geometry": { "type": "LineString", "coordinates": [ [ 37.4047029, 55.830987 ], [ 37.4003792, 55.8318245 ] ] } },
{ "type": "Feature", "properties": { "admin_level": null, "index_right": null, "lanes": 1, "length": 510.12695684718858, "name": "Москва", "place": null, "population": 12655050.0, "short_name": "Москва", "lanes_length": 510.12695684718858 }, "geometry": { "type": "LineString", "coordinates": [ [ 37.7627027, 55.8054296 ], [ 37.7590334, 55.8044407 ], [ 37.7552569, 55.8035543 ] ] } },
{ "type": "Feature", "properties": { "admin_level": null, "index_right": null, "lanes": 1, "length": 1014.4088630691717, "name": "Москва", "place": null, "population": 12655050.0, "short_name": "Москва", "lanes_length": 1014.4088630691717 }, "geometry": { "type": "LineString", "coordinates": [ [ 37.7719831, 55.7624023 ], [ 37.7566624, 55.7594082 ] ] } },
{ "type": "Feature", "properties": { "admin_level": null, "index_right": null, "lanes": 1, "length": 97.005914504392152, "name": "Москва", "place": null, "population": 12655050.0, "short_name": "Москва", "lanes_length": 97.005914504392152 }, "geometry": { "type": "LineString", "coordinates": [ [ 37.7645803, 55.7604646 ], [ 37.7660394, 55.7607603 ] ] } },
{ "type": "Feature", "properties": { "admin_level": null, "index_right": null, "lanes": 1, "length": 402.34754798463371, "name": "Москва", "place": null, "population": 12655050.0, "short_name": "Москва", "lanes_length": 402.34754798463371 }, "geometry": { "type": "LineString", "coordinates": [ [ 37.5247908, 55.7373556 ], [ 37.5307345, 55.7387327 ] ] } },
{ "type": "Feature", "properties": { "admin_level": null, "index_right": null, "lanes": 1, "length": 443.6258570360244, "name": "Москва", "place": null, "population": 12655050.0, "short_name": "Москва", "lanes_length": 443.6258570360244 }, "geometry": { "type": "LineString", "coordinates": [ [ 37.5280523, 55.7387327 ], [ 37.5345431, 55.7403334 ] ] } },
{ "type": "Feature", "properties": { "admin_level": null, "index_right": null, "lanes": 1, "length": 876.84250232196746, "name": "Москва", "place": null, "population": 12655050.0, "short_name": "Москва", "lanes_length": 876.84250232196746 }, "geometry": { "type": "LineString", "coordinates": [ [ 37.5644124, 55.7499232 ], [ 37.551806, 55.7464873 ] ] } },
{ "type": "Feature", "properties": { "admin_level": null, "index_right": null, "lanes": 1, "length": 447.61865319882907, "name": "Москва", "place": null, "population": 12655050.0, "short_name": "Москва", "lanes_length": 447.61865319882907 }, "geometry": { "type": "LineString", "coordinates": [ [ 37.5570846, 55.7475984 ], [ 37.5635433, 55.7493255 ] ] } },
{ "type": "Feature", "properties": { "admin_level": null, "index_right": null, "lanes": 1, "length": 133.50275235289047, "name": "Москва", "place": null, "population": 12655050.0, "short_name": "Москва", "lanes_length": 133.50275235289047 }, "geometry": { "type": "LineString", "coordinates": [ [ 37.5390923, 55.7416258 ], [ 37.5373113, 55.7409675 ] ] } },
{ "type": "Feature", "properties": { "admin_level": null, "index_right": null, "lanes": 1, "length": 73.865164414506893, "name": "Москва", "place": null, "population": 12655050.0, "short_name": "Москва", "lanes_length": 73.865164414506893 }, "geometry": { "type": "LineString", "coordinates": [ [ 37.4449897, 55.8778387 ], [ 37.4461591, 55.8777303 ] ] } },
{ "type": "Feature", "properties": { "admin_level": null, "index_right": null, "lanes": 1, "length": 82.792850475834314, "name": "Москва", "place": null, "population": 12655050.0, "short_name": "Москва", "lanes_length": 82.792850475834314 }, "geometry": { "type": "LineString", "coordinates": [ [ 37.4482298, 55.8777484 ], [ 37.4476022, 55.8776461 ], [ 37.4469316, 55.8776882 ] ] } },
{ "type": "Feature", "properties": { "admin_level": null, "index_right": null, "lanes": 1, "length": 205.30066174121094, "name": "Москва", "place": null, "population": 12655050.0, "short_name": "Москва", "lanes_length": 205.30066174121094 }, "geometry": { "type": "LineString", "coordinates": [ [ 37.5786281, 55.7588286 ], [ 37.5787139, 55.7606638 ] ] } },
{ "type": "Feature", "properties": { "admin_level": null, "index_right": null, "lanes": 1, "length": 154.11899205596123, "name": "Москва", "place": null, "population": 12655050.0, "short_name": "Москва", "lanes_length": 154.11899205596123 }, "geometry": { "type": "LineString", "coordinates": [ [ 37.5763857, 55.6870567 ], [ 37.5749481, 55.6875526 ], [ 37.5746369, 55.6873893 ], [ 37.5746155, 55.6871958 ] ] } },
{ "type": "Feature", "properties": { "admin_level": null, "index_right": null, "lanes": 1, "length": 230.59902293585438, "name": "Москва", "place": null, "population": 12655050.0, "short_name": "Москва", "lanes_length": 230.59902293585438 }, "geometry": { "type": "LineString", "coordinates": [ [ 37.6248586, 55.7275058 ], [ 37.6240754, 55.7292398 ], [ 37.6238421, 55.7292821 ], [ 37.6236356, 55.7292095 ] ] } },
{ "type": "Feature", "properties": { "admin_level": null, "index_right": null, "lanes": 1, "length": 160.63011906171272, "name": "Москва", "place": null, "population": 12655050.0, "short_name": "Москва", "lanes_length": 160.63011906171272 }, "geometry": { "type": "LineString", "coordinates": [ [ 37.8207779, 55.7179497 ], [ 37.82022, 55.7165476 ] ] } },
{ "type": "Feature", "properties": { "admin_level": null, "index_right": null, "lanes": 1, "length": 148.11172082879588, "name": "Москва", "place": null, "population": 12655050.0, "short_name": "Москва", "lanes_length": 148.11172082879588 }, "geometry": { "type": "LineString", "coordinates": [ [ 37.766726, 55.7049063 ], [ 37.76443, 55.7052267 ] ] } },
{ "type": "Feature", "properties": { "admin_level": null, "index_right": null, "lanes": 1, "length": 122.78464406923565, "name": "Москва", "place": null, "population": 12655050.0, "short_name": "Москва", "lanes_length": 122.78464406923565 }, "geometry": { "type": "LineString", "coordinates": [ [ 37.580688, 55.7603922 ], [ 37.579776, 55.7607121 ], [ 37.5789177, 55.7608389 ] ] } },
{ "type": "Feature", "properties": { "admin_level": null, "index_right": null, "lanes": 1, "length": 80.090247650556222, "name": "Москва", "place": null, "population": 12655050.0, "short_name": "Москва", "lanes_length": 80.090247650556222 }, "geometry": { "type": "LineString", "coordinates": [ [ 37.6090014, 55.7486069 ], [ 37.6093152, 55.7488967 ], [ 37.6091677, 55.749265 ] ] } },
{ "type": "Feature", "properties": { "admin_level": null, "index_right": null, "lanes": 1, "length": 661.97090386631498, "name": "Москва", "place": null, "population": 12655050.0, "short_name": "Москва", "lanes_length": 661.97090386631498 }, "geometry": { "type": "LineString", "coordinates": [ [ 37.6426363, 55.7505874 ], [ 37.6392889, 55.7531415 ], [ 37.6378083, 55.7536366 ], [ 37.63695, 55.7542947 ], [ 37.6353407, 55.7539204 ] ] } },
{ "type": "Feature", "properties": { "admin_level": null, "index_right": null, "lanes": 1, "length": 41.645426676262872, "name": "Москва", "place": null, "population": 12655050.0, "short_name": "Москва", "lanes_length": 41.645426676262872 }, "geometry": { "type": "LineString", "coordinates": [ [ 37.6496529, 55.7479125 ], [ 37.6490306, 55.7480453 ] ] } },
{ "type": "Feature", "properties": { "admin_level": null, "index_right": null, "lanes": 1, "length": 322.83924588464782, "name": "Москва", "place": null, "population": 12655050.0, "short_name": "Москва", "lanes_length": 322.83924588464782 }, "geometry": { "type": "LineString", "coordinates": [ [ 37.6497388, 55.7477011 ], [ 37.6512623, 55.747381 ], [ 37.6547384, 55.7470187 ] ] } },
{ "type": "Feature", "properties": { "admin_level": null, "index_right": null, "lanes": 1, "length": 210.18128253656033, "name": "Москва", "place": null, "population": 12655050.0, "short_name": "Москва", "lanes_length": 210.18128253656033 }, "geometry": { "type": "LineString", "coordinates": [ [ 37.659266, 55.7473569 ], [ 37.6565516, 55.7472603 ], [ 37.65594, 55.7471516 ] ] } },
{ "type": "Feature", "properties": { "admin_level": null, "index_right": null, "lanes": 1, "length": 444.90536665183782, "name": "Москва", "place": null, "population": 12655050.0, "short_name": "Москва", "lanes_length": 444.90536665183782 }, "geometry": { "type": "LineString", "coordinates": [ [ 37.6594806, 55.7471578 ], [ 37.6617175, 55.7470702 ], [ 37.6664757, 55.7464813 ] ] } },
{ "type": "Feature", "properties": { "admin_level": null, "index_right": null, "lanes": 1, "length": 759.64959207605091, "name": "Москва", "place": null, "population": 12655050.0, "short_name": "Москва", "lanes_length": 759.64959207605091 }, "geometry": { "type": "LineString", "coordinates": [ [ 37.6464134, 55.7477613 ], [ 37.648323, 55.74598 ], [ 37.649138, 55.744519 ], [ 37.6537941, 55.7426829 ] ] } },
{ "type": "Feature", "properties": { "admin_level": null, "index_right": null, "lanes": 1, "length": 221.51685290495089, "name": "Москва", "place": null, "population": 12655050.0, "short_name": "Москва", "lanes_length": 221.51685290495089 }, "geometry": { "type": "LineString", "coordinates": [ [ 37.6516913, 55.7433288 ], [ 37.6531933, 55.7415348 ] ] } },
{ "type": "Feature", "properties": { "admin_level": null, "index_right": null, "lanes": 1, "length": 50.497465021426308, "name": "Москва", "place": null, "population": 12655050.0, "short_name": "Москва", "lanes_length": 50.497465021426308 }, "geometry": { "type": "LineString", "coordinates": [ [ 37.570281, 55.8399883 ], [ 37.56953, 55.8398196 ] ] } },
{ "type": "Feature", "properties": { "admin_level": null, "index_right": null, "lanes": 1, "length": 1165.9844505404481, "name": "Москва", "place": null, "population": 12655050.0, "short_name": "Москва", "lanes_length": 1165.9844505404481 }, "geometry": { "type": "LineString", "coordinates": [ [ 37.698909, 55.7941404 ], [ 37.6918817, 55.7931573 ], [ 37.6823329, 55.7896528 ] ] } },
{ "type": "Feature", "properties": { "admin_level": null, "index_right": null, "lanes": 1, "length": 635.22724846530116, "name": "Москва", "place": null, "population": 12655050.0, "short_name": "Москва", "lanes_length": 635.22724846530116 }, "geometry": { "type": "LineString", "coordinates": [ [ 37.5278807, 55.6976513 ], [ 37.5350368, 55.6936243 ] ] } },
{ "type": "Feature", "properties": { "admin_level": null, "index_right": null, "lanes": 1, "length": 239.1901338101315, "name": "Москва", "place": null, "population": 12655050.0, "short_name": "Москва", "lanes_length": 239.1901338101315 }, "geometry": { "type": "LineString", "coordinates": [ [ 37.5185252, 55.7029234 ], [ 37.5212073, 55.7013999 ] ] } },
{ "type": "Feature", "properties": { "admin_level": null, "index_right": null, "lanes": 1, "length": 145.7980617265203, "name": "Москва", "place": null, "population": 12655050.0, "short_name": "Москва", "lanes_length": 145.7980617265203 }, "geometry": { "type": "LineString", "coordinates": [ [ 37.5160575, 55.7052206 ], [ 37.5143838, 55.7061274 ] ] } },
{ "type": "Feature", "properties": { "admin_level": null, "index_right": null, "lanes": 1, "length": 232.49969942635443, "name": "Москва", "place": null, "population": 12655050.0, "short_name": "Москва", "lanes_length": 232.49969942635443 }, "geometry": { "type": "LineString", "coordinates": [ [ 37.5107201, 55.7076355 ], [ 37.5121872, 55.706815 ], [ 37.5130749, 55.7060427 ] ] } },
{ "type": "Feature", "properties": { "admin_level": null, "index_right": null, "lanes": 1, "length": 549.30132546300592, "name": "Москва", "place": null, "population": 12655050.0, "short_name": "Москва", "lanes_length": 549.30132546300592 }, "geometry": { "type": "LineString", "coordinates": [ [ 37.6343965, 55.8230201 ], [ 37.6347507, 55.8227488 ], [ 37.6384628, 55.8186684 ] ] } },
{ "type": "Feature", "properties": { "admin_level": null, "index_right": null, "lanes": 1, "length": 257.31979735470389, "name": "Москва", "place": null, "population": 12655050.0, "short_name": "Москва", "lanes_length": 257.31979735470389 }, "geometry": { "type": "LineString", "coordinates": [ [ 37.6424432, 55.8227128 ], [ 37.6432479, 55.8235475 ], [ 37.6416331, 55.824557 ] ] } },
{ "type": "Feature", "properties": { "admin_level": null, "index_right": null, "lanes": 1, "length": 101.68712542345001, "name": "Москва", "place": null, "population": 12655050.0, "short_name": "Москва", "lanes_length": 101.68712542345001 }, "geometry": { "type": "LineString", "coordinates": [ [ 37.6408445, 55.825021 ], [ 37.6396536, 55.8244003 ] ] } },
{ "type": "Feature", "properties": { "admin_level": null, "index_right": null, "lanes": 1, "length": 839.01301033483298, "name": "Москва", "place": null, "population": 12655050.0, "short_name": "Москва", "lanes_length": 839.01301033483298 }, "geometry": { "type": "LineString", "coordinates": [ [ 37.6087117, 55.8667752 ], [ 37.6105571, 55.8674735 ], [ 37.6214147, 55.8690748 ] ] } },
{ "type": "Feature", "properties": { "admin_level": null, "index_right": null, "lanes": 1, "length": 302.09805157336518, "name": "Москва", "place": null, "population": 12655050.0, "short_name": "Москва", "lanes_length": 302.09805157336518 }, "geometry": { "type": "LineString", "coordinates": [ [ 37.6128101, 55.8679672 ], [ 37.6105785, 55.8675819 ], [ 37.6084971, 55.8667993 ] ] } },
{ "type": "Feature", "properties": { "admin_level": null, "index_right": null, "lanes": 1, "length": 743.17629776911281, "name": "Москва", "place": null, "population": 12655050.0, "short_name": "Москва", "lanes_length": 743.17629776911281 }, "geometry": { "type": "LineString", "coordinates": [ [ 37.6773548, 55.6761567 ], [ 37.6683051, 55.6768919 ], [ 37.665596, 55.6770279 ] ] } },
{ "type": "Feature", "properties": { "admin_level": null, "index_right": null, "lanes": 1, "length": 43.409536960489525, "name": "Москва", "place": null, "population": 12655050.0, "short_name": "Москва", "lanes_length": 43.409536960489525 }, "geometry": { "type": "LineString", "coordinates": [ [ 37.6316822, 55.6629118 ], [ 37.632165, 55.6626334 ] ] } },
{ "type": "Feature", "properties": { "admin_level": null, "index_right": null, "lanes": 1, "length": 873.34649986584634, "name": "Москва", "place": null, "population": 12655050.0, "short_name": "Москва", "lanes_length": 873.34649986584634 }, "geometry": { "type": "LineString", "coordinates": [ [ 37.5433302, 55.9193677 ], [ 37.543416, 55.9166622 ], [ 37.5440061, 55.9145698 ], [ 37.54421, 55.9115874 ] ] } },
{ "type": "Feature", "properties": { "admin_level": null, "index_right": null, "lanes": 1, "length": 1673.3577038993258, "name": "Москва", "place": null, "population": 12655050.0, "short_name": "Москва", "lanes_length": 1673.3577038993258 }, "geometry": { "type": "LineString", "coordinates": [ [ 37.5449824, 55.9125375 ], [ 37.5446712, 55.919608 ], [ 37.547493, 55.9273388 ] ] } },
{ "type": "Feature", "properties": { "admin_level": null, "index_right": null, "lanes": 1, "length": 377.14741279105539, "name": "Москва", "place": null, "population": 12655050.0, "short_name": "Москва", "lanes_length": 377.14741279105539 }, "geometry": { "type": "LineString", "coordinates": [ [ 37.5466561, 55.9270924 ], [ 37.5455188, 55.9237803 ] ] } },
{ "type": "Feature", "properties": { "admin_level": null, "index_right": null, "lanes": 1, "length": 927.56164343639944, "name": "Москва", "place": null, "population": 12655050.0, "short_name": "Москва", "lanes_length": 927.56164343639944 }, "geometry": { "type": "LineString", "coordinates": [ [ 37.7507615, 55.7581887 ], [ 37.7367711, 55.7554237 ] ] } },
{ "type": "Feature", "properties": { "admin_level": null, "index_right": null, "lanes": 1, "length": 134.0050683350845, "name": "Москва", "place": null, "population": 12655050.0, "short_name": "Москва", "lanes_length": 134.0050683350845 }, "geometry": { "type": "LineString", "coordinates": [ [ 37.7563941, 55.7593297 ], [ 37.7543879, 55.7589071 ] ] } },
{ "type": "Feature", "properties": { "admin_level": null, "index_right": null, "lanes": 1, "length": 179.12468023308841, "name": "Москва", "place": null, "population": 12655050.0, "short_name": "Москва", "lanes_length": 179.12468023308841 }, "geometry": { "type": "LineString", "coordinates": [ [ 37.8150272, 55.7471999 ], [ 37.814362, 55.7456419 ] ] } },
{ "type": "Feature", "properties": { "admin_level": null, "index_right": null, "lanes": 1, "length": 91.368246856132444, "name": "Москва", "place": null, "population": 12655050.0, "short_name": "Москва", "lanes_length": 91.368246856132444 }, "geometry": { "type": "LineString", "coordinates": [ [ 37.8176451, 55.7391193 ], [ 37.8167653, 55.7397716 ] ] } },
{ "type": "Feature", "properties": { "admin_level": null, "index_right": null, "lanes": 1, "length": 511.28484473084569, "name": "Москва", "place": null, "population": 12655050.0, "short_name": "Москва", "lanes_length": 511.28484473084569 }, "geometry": { "type": "LineString", "coordinates": [ [ 37.4506209, 55.7190768 ], [ 37.4511198, 55.7178862 ], [ 37.4520452, 55.7158526 ], [ 37.452422, 55.7155187 ], [ 37.4527988, 55.7146892 ] ] } },
{ "type": "Feature", "properties": { "admin_level": null, "index_right": null, "lanes": 1, "length": 1542.5639294337739, "name": "Москва", "place": null, "population": 12655050.0, "short_name": "Москва", "lanes_length": 1542.5639294337739 }, "geometry": { "type": "LineString", "coordinates": [ [ 37.4551686, 55.7076547 ], [ 37.4560593, 55.7058169 ], [ 37.4607644, 55.6987131 ], [ 37.4650821, 55.69514 ] ] } },
{ "type": "Feature", "properties": { "admin_level": null, "index_right": null, "lanes": 1, "length": 539.51326826085801, "name": "Москва", "place": null, "population": 12655050.0, "short_name": "Москва", "lanes_length": 539.51326826085801 }, "geometry": { "type": "LineString", "coordinates": [ [ 37.4587685, 55.7028031 ], [ 37.457245, 55.7050157 ], [ 37.4561507, 55.7073914 ] ] } },
{ "type": "Feature", "properties": { "admin_level": null, "index_right": null, "lanes": 1, "length": 154.15557446164604, "name": "Москва", "place": null, "population": 12655050.0, "short_name": "Москва", "lanes_length": 154.15557446164604 }, "geometry": { "type": "LineString", "coordinates": [ [ 37.449832, 55.722272 ], [ 37.4492205, 55.7236074 ] ] } },
{ "type": "Feature", "properties": { "admin_level": null, "index_right": null, "lanes": 1, "length": 543.37140341249597, "name": "Москва", "place": null, "population": 12655050.0, "short_name": "Москва", "lanes_length": 543.37140341249597 }, "geometry": { "type": "LineString", "coordinates": [ [ 37.5757944, 55.8479259 ], [ 37.5750005, 55.8480283 ], [ 37.5741636, 55.8483234 ], [ 37.5732088, 55.8483535 ], [ 37.5720179, 55.8483716 ], [ 37.5674366, 55.8490944 ] ] } },
{ "type": "Feature", "properties": { "admin_level": null, "index_right": null, "lanes": 1, "length": 322.24696951005217, "name": "Москва", "place": null, "population": 12655050.0, "short_name": "Москва", "lanes_length": 322.24696951005217 }, "geometry": { "type": "LineString", "coordinates": [ [ 37.3501087, 55.5940553 ], [ 37.3473514, 55.5964863 ] ] } },
{ "type": "Feature", "properties": { "admin_level": null, "index_right": null, "lanes": 1, "length": 493.5545837905434, "name": "Москва", "place": null, "population": 12655050.0, "short_name": "Москва", "lanes_length": 493.5545837905434 }, "geometry": { "type": "LineString", "coordinates": [ [ 37.6578094, 55.6515206 ], [ 37.6548482, 55.6531913 ], [ 37.6536037, 55.6551283 ] ] } },
{ "type": "Feature", "properties": { "admin_level": null, "index_right": null, "lanes": 1, "length": 172.06592844770847, "name": "Москва", "place": null, "population": 12655050.0, "short_name": "Москва", "lanes_length": 172.06592844770847 }, "geometry": { "type": "LineString", "coordinates": [ [ 37.5100064, 55.6169947 ], [ 37.5111679, 55.6165569 ], [ 37.5121147, 55.6160222 ] ] } },
{ "type": "Feature", "properties": { "admin_level": null, "index_right": null, "lanes": 1, "length": 39.983264390201377, "name": "Москва", "place": null, "population": 12655050.0, "short_name": "Москва", "lanes_length": 39.983264390201377 }, "geometry": { "type": "LineString", "coordinates": [ [ 37.6113671, 55.7298771 ], [ 37.6119465, 55.7297261 ] ] } },
{ "type": "Feature", "properties": { "admin_level": null, "index_right": null, "lanes": 1, "length": 259.02743248204661, "name": "Москва", "place": null, "population": 12655050.0, "short_name": "Москва", "lanes_length": 259.02743248204661 }, "geometry": { "type": "LineString", "coordinates": [ [ 37.6518881, 55.6533289 ], [ 37.6530468, 55.6526267 ], [ 37.654978, 55.6518035 ] ] } },
{ "type": "Feature", "properties": { "admin_level": null, "index_right": null, "lanes": 1, "length": 1229.0370622139842, "name": "Москва", "place": null, "population": 12655050.0, "short_name": "Москва", "lanes_length": 1229.0370622139842 }, "geometry": { "type": "LineString", "coordinates": [ [ 37.7524996, 55.7072638 ], [ 37.7505469, 55.7077595 ], [ 37.7379298, 55.7093069 ], [ 37.7333593, 55.7094399 ] ] } },
{ "type": "Feature", "properties": { "admin_level": null, "index_right": null, "lanes": 1, "length": 1291.2859594512468, "name": "Москва", "place": null, "population": 12655050.0, "short_name": "Москва", "lanes_length": 1291.2859594512468 }, "geometry": { "type": "LineString", "coordinates": [ [ 37.7326619, 55.7090772 ], [ 37.736342, 55.7089624 ], [ 37.7520919, 55.706889 ], [ 37.7528429, 55.7069737 ] ] } },
{ "type": "Feature", "properties": { "admin_level": null, "index_right": null, "lanes": 1, "length": 161.88880764986038, "name": "Москва", "place": null, "population": 12655050.0, "short_name": "Москва", "lanes_length": 161.88880764986038 }, "geometry": { "type": "LineString", "coordinates": [ [ 37.6967714, 55.7196277 ], [ 37.6977155, 55.7199178 ], [ 37.6989064, 55.7204375 ] ] } },
{ "type": "Feature", "properties": { "admin_level": null, "index_right": null, "lanes": 1, "length": 549.36816456524764, "name": "Москва", "place": null, "population": 12655050.0, "short_name": "Москва", "lanes_length": 549.36816456524764 }, "geometry": { "type": "LineString", "coordinates": [ [ 37.8261744, 55.6568838 ], [ 37.83494, 55.656914 ] ] } },
{ "type": "Feature", "properties": { "admin_level": null, "index_right": null, "lanes": 1, "length": 538.23360833925665, "name": "Москва", "place": null, "population": 12655050.0, "short_name": "Москва", "lanes_length": 538.23360833925665 }, "geometry": { "type": "LineString", "coordinates": [ [ 37.1861458, 55.963843 ], [ 37.1853518, 55.9686348 ] ] } },
{ "type": "Feature", "properties": { "admin_level": null, "index_right": null, "lanes": 1, "length": 296.61534961417578, "name": "Москва", "place": null, "population": 12655050.0, "short_name": "Москва", "lanes_length": 296.61534961417578 }, "geometry": { "type": "LineString", "coordinates": [ [ 37.3997462, 55.8317462 ], [ 37.4042201, 55.8308484 ] ] } },
{ "type": "Feature", "properties": { "admin_level": null, "index_right": null, "lanes": 1, "length": 626.02055939236391, "name": "Москва", "place": null, "population": 12655050.0, "short_name": "Москва", "lanes_length": 626.02055939236391 }, "geometry": { "type": "LineString", "coordinates": [ [ 37.449131, 55.8785368 ], [ 37.4434939, 55.8831703 ] ] } },
{ "type": "Feature", "properties": { "admin_level": null, "index_right": null, "lanes": 1, "length": 429.16300215819746, "name": "Москва", "place": null, "population": 12655050.0, "short_name": "Москва", "lanes_length": 429.16300215819746 }, "geometry": { "type": "LineString", "coordinates": [ [ 37.6332439, 55.7932389 ], [ 37.6331581, 55.7928951 ], [ 37.6331903, 55.7920325 ], [ 37.6327397, 55.7919722 ], [ 37.6313664, 55.7922376 ], [ 37.6303901, 55.7925935 ], [ 37.62877, 55.7926478 ] ] } },
{ "type": "Feature", "properties": { "admin_level": null, "index_right": null, "lanes": 1, "length": 1910.4642158432962, "name": "Москва", "place": null, "population": 12655050.0, "short_name": "Москва", "lanes_length": 1910.4642158432962 }, "geometry": { "type": "LineString", "coordinates": [ [ 37.4498838, 55.7232996 ], [ 37.4599689, 55.7255956 ], [ 37.4786799, 55.7289548 ] ] } },
{ "type": "Feature", "properties": { "admin_level": null, "index_right": null, "lanes": 1, "length": 1115.7405639860806, "name": "Москва", "place": null, "population": 12655050.0, "short_name": "Москва", "lanes_length": 1115.7405639860806 }, "geometry": { "type": "LineString", "coordinates": [ [ 37.4942153, 55.7315646 ], [ 37.5111007, 55.7347824 ] ] } },
{ "type": "Feature", "properties": { "admin_level": null, "index_right": null, "lanes": 1, "length": 1342.8222986495352, "name": "Москва", "place": null, "population": 12655050.0, "short_name": "Москва", "lanes_length": 1342.8222986495352 }, "geometry": { "type": "LineString", "coordinates": [ [ 37.5159485, 55.7365422 ], [ 37.4955637, 55.7327728 ] ] } },
{ "type": "Feature", "properties": { "admin_level": null, "index_right": null, "lanes": 1, "length": 569.14816267756737, "name": "Москва", "place": null, "population": 12655050.0, "short_name": "Москва", "lanes_length": 569.14816267756737 }, "geometry": { "type": "LineString", "coordinates": [ [ 37.4805005, 55.7300785 ], [ 37.471853, 55.7284957 ] ] } },
{ "type": "Feature", "properties": { "admin_level": null, "index_right": null, "lanes": 1, "length": 565.37263250165563, "name": "Москва", "place": null, "population": 12655050.0, "short_name": "Москва", "lanes_length": 565.37263250165563 }, "geometry": { "type": "LineString", "coordinates": [ [ 37.4689133, 55.7279499 ], [ 37.4603088, 55.7264032 ] ] } },
{ "type": "Feature", "properties": { "admin_level": null, "index_right": null, "lanes": 1, "length": 378.68068934344439, "name": "Москва", "place": null, "population": 12655050.0, "short_name": "Москва", "lanes_length": 378.68068934344439 }, "geometry": { "type": "LineString", "coordinates": [ [ 37.443958, 55.7220528 ], [ 37.4495156, 55.7233942 ] ] } },
{ "type": "Feature", "properties": { "admin_level": null, "index_right": null, "lanes": 1, "length": 369.8141481478026, "name": "Москва", "place": null, "population": 12655050.0, "short_name": "Москва", "lanes_length": 369.8141481478026 }, "geometry": { "type": "LineString", "coordinates": [ [ 37.4802232, 55.7427793 ], [ 37.4829054, 55.739832 ] ] } },
{ "type": "Feature", "properties": { "admin_level": null, "index_right": null, "lanes": 1, "length": 312.16310574921977, "name": "Москва", "place": null, "population": 12655050.0, "short_name": "Москва", "lanes_length": 312.16310574921977 }, "geometry": { "type": "LineString", "coordinates": [ [ 37.5013196, 55.6159301 ], [ 37.5042984, 55.6181663 ] ] } },
{ "type": "Feature", "properties": { "admin_level": null, "index_right": null, "lanes": 1, "length": 736.15762750720342, "name": "Москва", "place": null, "population": 12655050.0, "short_name": "Москва", "lanes_length": 736.15762750720342 }, "geometry": { "type": "LineString", "coordinates": [ [ 37.503662, 55.6186974 ], [ 37.5005292, 55.6163345 ], [ 37.4992417, 55.6152197 ], [ 37.4961518, 55.6136928 ] ] } },
{ "type": "Feature", "properties": { "admin_level": null, "index_right": null, "lanes": 1, "length": 198.75170708713978, "name": "Москва", "place": null, "population": 12655050.0, "short_name": "Москва", "lanes_length": 198.75170708713978 }, "geometry": { "type": "LineString", "coordinates": [ [ 37.5073813, 55.6215978 ], [ 37.5056218, 55.6201196 ] ] } },
{ "type": "Feature", "properties": { "admin_level": null, "index_right": null, "lanes": 1, "length": 287.47792855137908, "name": "Москва", "place": null, "population": 12655050.0, "short_name": "Москва", "lanes_length": 287.47792855137908 }, "geometry": { "type": "LineString", "coordinates": [ [ 37.490939, 55.653487 ], [ 37.4873986, 55.6518526 ] ] } },
{ "type": "Feature", "properties": { "admin_level": null, "index_right": null, "lanes": 1, "length": 111.01447982649096, "name": "Москва", "place": null, "population": 12655050.0, "short_name": "Москва", "lanes_length": 111.01447982649096 }, "geometry": { "type": "LineString", "coordinates": [ [ 37.5857694, 55.7794353 ], [ 37.5869495, 55.7786931 ] ] } },
{ "type": "Feature", "properties": { "admin_level": null, "index_right": null, "lanes": 1, "length": 597.27397823797071, "name": "Москва", "place": null, "population": 12655050.0, "short_name": "Москва", "lanes_length": 597.27397823797071 }, "geometry": { "type": "LineString", "coordinates": [ [ 37.4729704, 55.5605571 ], [ 37.4721229, 55.5613034 ], [ 37.4694621, 55.5609453 ], [ 37.4711144, 55.5596772 ], [ 37.4732386, 55.5603022 ] ] } },
{ "type": "Feature", "properties": { "admin_level": null, "index_right": null, "lanes": 1, "length": 215.63990018358174, "name": "Москва", "place": null, "population": 12655050.0, "short_name": "Москва", "lanes_length": 215.63990018358174 }, "geometry": { "type": "LineString", "coordinates": [ [ 37.4694821, 55.5791826 ], [ 37.4681732, 55.5809656 ] ] } },
{ "type": "Feature", "properties": { "admin_level": null, "index_right": null, "lanes": 1, "length": 187.53561263855448, "name": "Москва", "place": null, "population": 12655050.0, "short_name": "Москва", "lanes_length": 187.53561263855448 }, "geometry": { "type": "LineString", "coordinates": [ [ 37.4676582, 55.5803955 ], [ 37.4687097, 55.5797648 ], [ 37.4693105, 55.5790249 ] ] } },
{ "type": "Feature", "properties": { "admin_level": null, "index_right": null, "lanes": 1, "length": 5727.3217930195024, "name": "Москва", "place": null, "population": 12655050.0, "short_name": "Москва", "lanes_length": 5727.3217930195024 }, "geometry": { "type": "LineString", "coordinates": [ [ 37.7531433, 55.7069737 ], [ 37.7903685, 55.702051 ], [ 37.79446, 55.7011873 ], [ 37.8345859, 55.6855749 ] ] } },
{ "type": "Feature", "properties": { "admin_level": null, "index_right": null, "lanes": 1, "length": 144.81978548622445, "name": "Москва", "place": null, "population": 12655050.0, "short_name": "Москва", "lanes_length": 144.81978548622445 }, "geometry": { "type": "LineString", "coordinates": [ [ 37.7893209, 55.7019198 ], [ 37.7915418, 55.7015571 ] ] } },
{ "type": "Feature", "properties": { "admin_level": null, "index_right": null, "lanes": 1, "length": 239.14652303754153, "name": "Москва", "place": null, "population": 12655050.0, "short_name": "Москва", "lanes_length": 239.14652303754153 }, "geometry": { "type": "LineString", "coordinates": [ [ 37.7927971, 55.7012366 ], [ 37.7962518, 55.7003237 ] ] } },
{ "type": "Feature", "properties": { "admin_level": null, "index_right": null, "lanes": 1, "length": 1856.4657097901884, "name": "Москва", "place": null, "population": 12655050.0, "short_name": "Москва", "lanes_length": 1856.4657097901884 }, "geometry": { "type": "LineString", "coordinates": [ [ 37.674222, 55.7302154 ], [ 37.6767111, 55.7289226 ], [ 37.6991129, 55.721237 ] ] } },
{ "type": "Feature", "properties": { "admin_level": null, "index_right": null, "lanes": 1, "length": 221.60433049680313, "name": "Москва", "place": null, "population": 12655050.0, "short_name": "Москва", "lanes_length": 221.60433049680313 }, "geometry": { "type": "LineString", "coordinates": [ [ 37.5466589, 55.9271403 ], [ 37.547013, 55.9291118 ] ] } },
{ "type": "Feature", "properties": { "admin_level": null, "index_right": null, "lanes": 1, "length": 473.76152663746325, "name": "Москва", "place": null, "population": 12655050.0, "short_name": "Москва", "lanes_length": 473.76152663746325 }, "geometry": { "type": "LineString", "coordinates": [ [ 37.545433, 55.923648 ], [ 37.5436091, 55.9211593 ], [ 37.5433087, 55.9196202 ] ] } },
{ "type": "Feature", "properties": { "admin_level": null, "index_right": null, "lanes": 1, "length": 241.29210234133703, "name": "Москва", "place": null, "population": 12655050.0, "short_name": "Москва", "lanes_length": 241.29210234133703 }, "geometry": { "type": "LineString", "coordinates": [ [ 37.547528, 55.9274288 ], [ 37.5480215, 55.9295686 ] ] } },
{ "type": "Feature", "properties": { "admin_level": null, "index_right": null, "lanes": 1, "length": 74.374112552694697, "name": "Москва", "place": null, "population": 12655050.0, "short_name": "Москва", "lanes_length": 74.374112552694697 }, "geometry": { "type": "LineString", "coordinates": [ [ 37.6258343, 55.7598194 ], [ 37.6246863, 55.7596444 ] ] } },
{ "type": "Feature", "properties": { "admin_level": null, "index_right": null, "lanes": 1, "length": 335.00154649545192, "name": "Москва", "place": null, "population": 12655050.0, "short_name": "Москва", "lanes_length": 335.00154649545192 }, "geometry": { "type": "LineString", "coordinates": [ [ 37.7774495, 55.6725304 ], [ 37.7759261, 55.6738856 ], [ 37.7741558, 55.6748657 ] ] } },
{ "type": "Feature", "properties": { "admin_level": null, "index_right": null, "lanes": 1, "length": 364.6709222992846, "name": "Москва", "place": null, "population": 12655050.0, "short_name": "Москва", "lanes_length": 364.6709222992846 }, "geometry": { "type": "LineString", "coordinates": [ [ 37.6594859, 55.7391465 ], [ 37.6571202, 55.7405689 ], [ 37.6553043, 55.7414099 ] ] } },
{ "type": "Feature", "properties": { "admin_level": null, "index_right": null, "lanes": 1, "length": 317.75873317293559, "name": "Москва", "place": null, "population": 12655050.0, "short_name": "Москва", "lanes_length": 317.75873317293559 }, "geometry": { "type": "LineString", "coordinates": [ [ 37.6431727, 55.651545 ], [ 37.6466005, 55.6530734 ], [ 37.6471103, 55.6533337 ] ] } },
{ "type": "Feature", "properties": { "admin_level": null, "index_right": null, "lanes": 1, "length": 96.427523303304611, "name": "Москва", "place": null, "population": 12655050.0, "short_name": "Москва", "lanes_length": 96.427523303304611 }, "geometry": { "type": "LineString", "coordinates": [ [ 37.6483208, 55.6542566 ], [ 37.6473498, 55.6535877 ] ] } },
{ "type": "Feature", "properties": { "admin_level": null, "index_right": null, "lanes": 1, "length": 421.00430993491352, "name": "Москва", "place": null, "population": 12655050.0, "short_name": "Москва", "lanes_length": 421.00430993491352 }, "geometry": { "type": "LineString", "coordinates": [ [ 37.6517343, 55.7719385 ], [ 37.649374, 55.7717696 ], [ 37.648639, 55.7715071 ], [ 37.6465094, 55.7699651 ] ] } },
{ "type": "Feature", "properties": { "admin_level": null, "index_right": null, "lanes": 1, "length": 465.6757411416246, "name": "Москва", "place": null, "population": 12655050.0, "short_name": "Москва", "lanes_length": 465.6757411416246 }, "geometry": { "type": "LineString", "coordinates": [ [ 37.5885426, 55.7925547 ], [ 37.5890629, 55.7935197 ], [ 37.5888162, 55.7936796 ], [ 37.5871532, 55.7937339 ], [ 37.5846373, 55.7951784 ] ] } },
{ "type": "Feature", "properties": { "admin_level": null, "index_right": null, "lanes": 1, "length": 199.00271406990313, "name": "Москва", "place": null, "population": 12655050.0, "short_name": "Москва", "lanes_length": 199.00271406990313 }, "geometry": { "type": "LineString", "coordinates": [ [ 37.5862252, 55.7932604 ], [ 37.5866543, 55.7934715 ], [ 37.5868743, 55.7934655 ], [ 37.5878559, 55.7928683 ], [ 37.5881295, 55.7929286 ], [ 37.5884889, 55.7932302 ] ] } },
{ "type": "Feature", "properties": { "admin_level": null, "index_right": null, "lanes": 1, "length": 129.46586567161793, "name": "Москва", "place": null, "population": 12655050.0, "short_name": "Москва", "lanes_length": 129.46586567161793 }, "geometry": { "type": "LineString", "coordinates": [ [ 37.5862121, 55.7933711 ], [ 37.5846672, 55.7925991 ] ] } },
{ "type": "Feature", "properties": { "admin_level": null, "index_right": null, "lanes": 1, "length": 137.21271628479818, "name": "Москва", "place": null, "population": 12655050.0, "short_name": "Москва", "lanes_length": 137.21271628479818 }, "geometry": { "type": "LineString", "coordinates": [ [ 37.6213084, 55.7028596 ], [ 37.6211731, 55.7016349 ] ] } },
{ "type": "Feature", "properties": { "admin_level": null, "index_right": null, "lanes": 1, "length": 230.78673494316106, "name": "Москва", "place": null, "population": 12655050.0, "short_name": "Москва", "lanes_length": 230.78673494316106 }, "geometry": { "type": "LineString", "coordinates": [ [ 37.6210066, 55.707962 ], [ 37.621189, 55.7059007 ] ] } },
{ "type": "Feature", "properties": { "admin_level": null, "index_right": null, "lanes": 1, "length": 190.42259391684874, "name": "Москва", "place": null, "population": 12655050.0, "short_name": "Москва", "lanes_length": 190.42259391684874 }, "geometry": { "type": "LineString", "coordinates": [ [ 37.7301157, 55.7089639 ], [ 37.730223, 55.7082144 ], [ 37.7304805, 55.7076099 ], [ 37.7307594, 55.7073197 ] ] } },
{ "type": "Feature", "properties": { "admin_level": null, "index_right": null, "lanes": 1, "length": 403.81791663378914, "name": "Москва", "place": null, "population": 12655050.0, "short_name": "Москва", "lanes_length": 403.81791663378914 }, "geometry": { "type": "LineString", "coordinates": [ [ 37.6257491, 55.6628936 ], [ 37.632165, 55.6625547 ] ] } },
{ "type": "Feature", "properties": { "admin_level": null, "index_right": null, "lanes": 1, "length": 90.792455130786266, "name": "Москва", "place": null, "population": 12655050.0, "short_name": "Москва", "lanes_length": 90.792455130786266 }, "geometry": { "type": "LineString", "coordinates": [ [ 37.4829054, 55.739832 ], [ 37.4836057, 55.7391208 ] ] } },
{ "type": "Feature", "properties": { "admin_level": null, "index_right": null, "lanes": 1, "length": 45.09931541239304, "name": "Москва", "place": null, "population": 12655050.0, "short_name": "Москва", "lanes_length": 45.09931541239304 }, "geometry": { "type": "LineString", "coordinates": [ [ 37.6188349, 55.6626769 ], [ 37.6192265, 55.6626103 ], [ 37.6194197, 55.6624741 ] ] } },
{ "type": "Feature", "properties": { "admin_level": null, "index_right": null, "lanes": 1, "length": 118.28321199674073, "name": "Москва", "place": null, "population": 12655050.0, "short_name": "Москва", "lanes_length": 118.28321199674073 }, "geometry": { "type": "LineString", "coordinates": [ [ 37.6308858, 55.6645503 ], [ 37.6312292, 55.6644293 ], [ 37.631948, 55.6638968 ], [ 37.6320553, 55.6637455 ] ] } },
{ "type": "Feature", "properties": { "admin_level": null, "index_right": null, "lanes": 1, "length": 69.083327655562371, "name": "Москва", "place": null, "population": 12655050.0, "short_name": "Москва", "lanes_length": 69.083327655562371 }, "geometry": { "type": "LineString", "coordinates": [ [ 37.673083, 55.7390024 ], [ 37.6719887, 55.7390869 ] ] } },
{ "type": "Feature", "properties": { "admin_level": null, "index_right": null, "lanes": 1, "length": 136.76755386681674, "name": "Москва", "place": null, "population": 12655050.0, "short_name": "Москва", "lanes_length": 136.76755386681674 }, "geometry": { "type": "LineString", "coordinates": [ [ 37.6255158, 55.7261676 ], [ 37.6251738, 55.7268639 ], [ 37.625084, 55.7273623 ] ] } },
{ "type": "Feature", "properties": { "admin_level": null, "index_right": null, "lanes": 1, "length": 1093.0190201760749, "name": "Москва", "place": null, "population": 12655050.0, "short_name": "Москва", "lanes_length": 1093.0190201760749 }, "geometry": { "type": "LineString", "coordinates": [ [ 37.8194227, 55.7713813 ], [ 37.8356018, 55.7750986 ] ] } },
{ "type": "Feature", "properties": { "admin_level": null, "index_right": null, "lanes": 1, "length": 445.27077659631573, "name": "Москва", "place": null, "population": 12655050.0, "short_name": "Москва", "lanes_length": 445.27077659631573 }, "geometry": { "type": "LineString", "coordinates": [ [ 37.6179183, 55.7780474 ], [ 37.618503, 55.776216 ], [ 37.618798, 55.7741011 ] ] } },
{ "type": "Feature", "properties": { "admin_level": null, "index_right": null, "lanes": 1, "length": 317.85870750277491, "name": "Москва", "place": null, "population": 12655050.0, "short_name": "Москва", "lanes_length": 317.85870750277491 }, "geometry": { "type": "LineString", "coordinates": [ [ 37.5684311, 55.7450675 ], [ 37.5679591, 55.7442945 ], [ 37.564719, 55.7433886 ] ] } },
{ "type": "Feature", "properties": { "admin_level": null, "index_right": null, "lanes": 1, "length": 337.52104953006824, "name": "Москва", "place": null, "population": 12655050.0, "short_name": "Москва", "lanes_length": 337.52104953006824 }, "geometry": { "type": "LineString", "coordinates": [ [ 37.5694826, 55.7422472 ], [ 37.5683882, 55.7429236 ], [ 37.5681951, 55.7437328 ], [ 37.569032, 55.7449346 ] ] } },
{ "type": "Feature", "properties": { "admin_level": null, "index_right": null, "lanes": 1, "length": 921.40642145221864, "name": "Москва", "place": null, "population": 12655050.0, "short_name": "Москва", "lanes_length": 921.40642145221864 }, "geometry": { "type": "LineString", "coordinates": [ [ 37.5678992, 55.7455332 ], [ 37.5585865, 55.7466202 ], [ 37.5533831, 55.7463665 ] ] } },
{ "type": "Feature", "properties": { "admin_level": null, "index_right": null, "lanes": 1, "length": 132.23950871054149, "name": "Москва", "place": null, "population": 12655050.0, "short_name": "Москва", "lanes_length": 132.23950871054149 }, "geometry": { "type": "LineString", "coordinates": [ [ 37.1739438, 55.9789595 ], [ 37.1733161, 55.9792656 ], [ 37.1722272, 55.9796528 ] ] } },
{ "type": "Feature", "properties": { "admin_level": null, "index_right": null, "lanes": 1, "length": 87.051165470255242, "name": "Москва", "place": null, "population": 12655050.0, "short_name": "Москва", "lanes_length": 87.051165470255242 }, "geometry": { "type": "LineString", "coordinates": [ [ 37.1720688, 55.9796496 ], [ 37.1731605, 55.9791619 ] ] } },
{ "type": "Feature", "properties": { "admin_level": null, "index_right": null, "lanes": 1, "length": 636.4745219683216, "name": "Москва", "place": null, "population": 12655050.0, "short_name": "Москва", "lanes_length": 636.4745219683216 }, "geometry": { "type": "LineString", "coordinates": [ [ 37.4071369, 55.7595002 ], [ 37.4077162, 55.7551172 ], [ 37.4078021, 55.7541029 ], [ 37.4076733, 55.7538312 ] ] } },
{ "type": "Feature", "properties": { "admin_level": null, "index_right": null, "lanes": 1, "length": 381.73222777433625, "name": "Москва", "place": null, "population": 12655050.0, "short_name": "Москва", "lanes_length": 381.73222777433625 }, "geometry": { "type": "LineString", "coordinates": [ [ 37.4840915, 55.6485783 ], [ 37.4838056, 55.6491403 ], [ 37.4839773, 55.6497699 ], [ 37.4867952, 55.6512904 ] ] } },
{ "type": "Feature", "properties": { "admin_level": null, "index_right": null, "lanes": 1, "length": 316.05102355120772, "name": "Москва", "place": null, "population": 12655050.0, "short_name": "Москва", "lanes_length": 316.05102355120772 }, "geometry": { "type": "LineString", "coordinates": [ [ 37.6340295, 55.7960182 ], [ 37.6339865, 55.7950653 ], [ 37.6332439, 55.7932389 ] ] } },
{ "type": "Feature", "properties": { "admin_level": null, "index_right": null, "lanes": 1, "length": 220.31796359915688, "name": "Москва", "place": null, "population": 12655050.0, "short_name": "Москва", "lanes_length": 220.31796359915688 }, "geometry": { "type": "LineString", "coordinates": [ [ 37.638187, 55.8711501 ], [ 37.6376505, 55.8730972 ] ] } },
{ "type": "Feature", "properties": { "admin_level": null, "index_right": null, "lanes": 1, "length": 1096.0139735645621, "name": "Москва", "place": null, "population": 12655050.0, "short_name": "Москва", "lanes_length": 1096.0139735645621 }, "geometry": { "type": "LineString", "coordinates": [ [ 37.6702094, 55.6202906 ], [ 37.66639, 55.6180247 ], [ 37.658987, 55.6155163 ], [ 37.6584184, 55.6156071 ], [ 37.6573937, 55.6169917 ] ] } },
{ "type": "Feature", "properties": { "admin_level": null, "index_right": null, "lanes": 1, "length": 143.90604759608672, "name": "Москва", "place": null, "population": 12655050.0, "short_name": "Москва", "lanes_length": 143.90604759608672 }, "geometry": { "type": "LineString", "coordinates": [ [ 37.5288133, 55.6980799 ], [ 37.5304333, 55.6989929 ] ] } },
{ "type": "Feature", "properties": { "admin_level": null, "index_right": null, "lanes": 1, "length": 173.90839977067961, "name": "Москва", "place": null, "population": 12655050.0, "short_name": "Москва", "lanes_length": 173.90839977067961 }, "geometry": { "type": "LineString", "coordinates": [ [ 37.5223331, 55.7017015 ], [ 37.5243179, 55.7027897 ] ] } },
{ "type": "Feature", "properties": { "admin_level": null, "index_right": null, "lanes": 1, "length": 300.37765504694153, "name": "Москва", "place": null, "population": 12655050.0, "short_name": "Москва", "lanes_length": 300.37765504694153 }, "geometry": { "type": "LineString", "coordinates": [ [ 37.5786924, 55.7916313 ], [ 37.5834668, 55.791957 ] ] } },
{ "type": "Feature", "properties": { "admin_level": null, "index_right": null, "lanes": 1, "length": 324.94768290635443, "name": "Москва", "place": null, "population": 12655050.0, "short_name": "Москва", "lanes_length": 324.94768290635443 }, "geometry": { "type": "LineString", "coordinates": [ [ 37.5636378, 55.7206092 ], [ 37.5589814, 55.7218963 ] ] } },
{ "type": "Feature", "properties": { "admin_level": null, "index_right": null, "lanes": 1, "length": 980.72146335381092, "name": "Москва", "place": null, "population": 12655050.0, "short_name": "Москва", "lanes_length": 980.72146335381092 }, "geometry": { "type": "LineString", "coordinates": [ [ 37.5558814, 55.7226091 ], [ 37.5637135, 55.7203733 ], [ 37.5697323, 55.7185061 ] ] } },
{ "type": "Feature", "properties": { "admin_level": null, "index_right": null, "lanes": 1, "length": 281.68679469780648, "name": "Москва", "place": null, "population": 12655050.0, "short_name": "Москва", "lanes_length": 281.68679469780648 }, "geometry": { "type": "LineString", "coordinates": [ [ 37.6660003, 55.7323251 ], [ 37.6653673, 55.7320109 ], [ 37.6642408, 55.7316666 ], [ 37.6620521, 55.7311531 ] ] } },
{ "type": "Feature", "properties": { "admin_level": null, "index_right": null, "lanes": 1, "length": 163.55086597590363, "name": "Москва", "place": null, "population": 12655050.0, "short_name": "Москва", "lanes_length": 163.55086597590363 }, "geometry": { "type": "LineString", "coordinates": [ [ 37.6942913, 55.7190279 ], [ 37.6949565, 55.7191246 ], [ 37.6966839, 55.719602 ] ] } },
{ "type": "Feature", "properties": { "admin_level": null, "index_right": null, "lanes": 1, "length": 64.481104185050015, "name": "Москва", "place": null, "population": 12655050.0, "short_name": "Москва", "lanes_length": 64.481104185050015 }, "geometry": { "type": "LineString", "coordinates": [ [ 37.6999649, 55.7207093 ], [ 37.6990369, 55.7204585 ] ] } },
{ "type": "Feature", "properties": { "admin_level": null, "index_right": null, "lanes": 1, "length": 102.95008751274392, "name": "Москва", "place": null, "population": 12655050.0, "short_name": "Москва", "lanes_length": 102.95008751274392 }, "geometry": { "type": "LineString", "coordinates": [ [ 37.532872, 55.7077948 ], [ 37.5316704, 55.7071661 ] ] } },
{ "type": "Feature", "properties": { "admin_level": null, "index_right": null, "lanes": 1, "length": 78.140680292267106, "name": "Москва", "place": null, "population": 12655050.0, "short_name": "Москва", "lanes_length": 78.140680292267106 }, "geometry": { "type": "LineString", "coordinates": [ [ 37.539159, 55.704192 ], [ 37.5382793, 55.7036962 ] ] } },
{ "type": "Feature", "properties": { "admin_level": null, "index_right": null, "lanes": 1, "length": 375.05249549517839, "name": "Москва", "place": null, "population": 12655050.0, "short_name": "Москва", "lanes_length": 375.05249549517839 }, "geometry": { "type": "LineString", "coordinates": [ [ 37.4189992, 55.6235936 ], [ 37.4187847, 55.6221639 ], [ 37.4188812, 55.6219155 ], [ 37.4191494, 55.6217398 ], [ 37.4195571, 55.6216793 ], [ 37.4216814, 55.6217944 ] ] } },
{ "type": "Feature", "properties": { "admin_level": null, "index_right": null, "lanes": 1, "length": 375.3690981536277, "name": "Москва", "place": null, "population": 12655050.0, "short_name": "Москва", "lanes_length": 375.3690981536277 }, "geometry": { "type": "LineString", "coordinates": [ [ 37.4262412, 55.6227364 ], [ 37.4226899, 55.6200345 ] ] } },
{ "type": "Feature", "properties": { "admin_level": null, "index_right": null, "lanes": 1, "length": 547.0852669778543, "name": "Москва", "place": null, "population": 12655050.0, "short_name": "Москва", "lanes_length": 547.0852669778543 }, "geometry": { "type": "LineString", "coordinates": [ [ 37.4207802, 55.6187985 ], [ 37.4199219, 55.6212158 ], [ 37.4199541, 55.6214703 ], [ 37.4202116, 55.6215733 ], [ 37.4211879, 55.621652 ], [ 37.4232264, 55.6207736 ] ] } },
{ "type": "Feature", "properties": { "admin_level": null, "index_right": null, "lanes": 1, "length": 244.72385846860365, "name": "Москва", "place": null, "population": 12655050.0, "short_name": "Москва", "lanes_length": 244.72385846860365 }, "geometry": { "type": "LineString", "coordinates": [ [ 37.5644543, 55.7853106 ], [ 37.564347, 55.7849728 ], [ 37.5623407, 55.7835068 ] ] } },
{ "type": "Feature", "properties": { "admin_level": null, "index_right": null, "lanes": 1, "length": 226.96434352545893, "name": "Москва", "place": null, "population": 12655050.0, "short_name": "Москва", "lanes_length": 226.96434352545893 }, "geometry": { "type": "LineString", "coordinates": [ [ 37.7367574, 55.6994189 ], [ 37.733174, 55.6991105 ] ] } },
{ "type": "Feature", "properties": { "admin_level": null, "index_right": null, "lanes": 1, "length": 151.25731776433801, "name": "Москва", "place": null, "population": 12655050.0, "short_name": "Москва", "lanes_length": 151.25731776433801 }, "geometry": { "type": "LineString", "coordinates": [ [ 37.7455823, 55.7098852 ], [ 37.7455823, 55.7097553 ], [ 37.7453838, 55.7095891 ], [ 37.7438712, 55.7090151 ] ] } },
{ "type": "Feature", "properties": { "admin_level": null, "index_right": null, "lanes": 1, "length": 269.52009617241663, "name": "Москва", "place": null, "population": 12655050.0, "short_name": "Москва", "lanes_length": 269.52009617241663 }, "geometry": { "type": "LineString", "coordinates": [ [ 37.6791651, 55.8872482 ], [ 37.6770086, 55.8874587 ], [ 37.6748735, 55.8875129 ] ] } },
{ "type": "Feature", "properties": { "admin_level": null, "index_right": null, "lanes": 1, "length": 376.75665907775613, "name": "Москва", "place": null, "population": 12655050.0, "short_name": "Москва", "lanes_length": 376.75665907775613 }, "geometry": { "type": "LineString", "coordinates": [ [ 37.6857975, 55.8859966 ], [ 37.6844672, 55.8865863 ], [ 37.6834372, 55.886857 ], [ 37.6802722, 55.8871519 ] ] } },
{ "type": "Feature", "properties": { "admin_level": null, "index_right": null, "lanes": 1, "length": 366.15463453888339, "name": "Москва", "place": null, "population": 12655050.0, "short_name": "Москва", "lanes_length": 366.15463453888339 }, "geometry": { "type": "LineString", "coordinates": [ [ 37.6548328, 55.7059245 ], [ 37.6506325, 55.7036455 ] ] } },
{ "type": "Feature", "properties": { "admin_level": null, "index_right": null, "lanes": 1, "length": 89.883286657507171, "name": "Москва", "place": null, "population": 12655050.0, "short_name": "Москва", "lanes_length": 89.883286657507171 }, "geometry": { "type": "LineString", "coordinates": [ [ 37.430917, 55.8758984 ], [ 37.429651, 55.8762836 ] ] } },
{ "type": "Feature", "properties": { "admin_level": null, "index_right": null, "lanes": 1, "length": 94.073617527067654, "name": "Москва", "place": null, "population": 12655050.0, "short_name": "Москва", "lanes_length": 94.073617527067654 }, "geometry": { "type": "LineString", "coordinates": [ [ 37.4274295, 55.8769749 ], [ 37.4261421, 55.8774143 ] ] } },
{ "type": "Feature", "properties": { "admin_level": null, "index_right": null, "lanes": 1, "length": 104.32792940947373, "name": "Москва", "place": null, "population": 12655050.0, "short_name": "Москва", "lanes_length": 104.32792940947373 }, "geometry": { "type": "LineString", "coordinates": [ [ 37.429232, 55.8761685 ], [ 37.4306911, 55.875711 ] ] } },
{ "type": "Feature", "properties": { "admin_level": null, "index_right": null, "lanes": 1, "length": 1458.0229431424177, "name": "Москва", "place": null, "population": 12655050.0, "short_name": "Москва", "lanes_length": 1458.0229431424177 }, "geometry": { "type": "LineString", "coordinates": [ [ 37.6154522, 55.8065522 ], [ 37.6161281, 55.7935203 ] ] } },
{ "type": "Feature", "properties": { "admin_level": null, "index_right": null, "lanes": 1, "length": 844.46368475156851, "name": "Москва", "place": null, "population": 12655050.0, "short_name": "Москва", "lanes_length": 844.46368475156851 }, "geometry": { "type": "LineString", "coordinates": [ [ 37.5460649, 55.7001314 ], [ 37.5555063, 55.694738 ] ] } },
{ "type": "Feature", "properties": { "admin_level": null, "index_right": null, "lanes": 1, "length": 399.15684122132529, "name": "Москва", "place": null, "population": 12655050.0, "short_name": "Москва", "lanes_length": 399.15684122132529 }, "geometry": { "type": "LineString", "coordinates": [ [ 37.5764179, 55.7728679 ], [ 37.5818805, 55.7747187 ] ] } },
{ "type": "Feature", "properties": { "admin_level": null, "index_right": null, "lanes": 1, "length": 66.017486922020808, "name": "Москва", "place": null, "population": 12655050.0, "short_name": "Москва", "lanes_length": 66.017486922020808 }, "geometry": { "type": "LineString", "coordinates": [ [ 37.5843001, 55.7757863 ], [ 37.5849975, 55.7762298 ] ] } },
{ "type": "Feature", "properties": { "admin_level": null, "index_right": null, "lanes": 1, "length": 53.818878102471317, "name": "Москва", "place": null, "population": 12655050.0, "short_name": "Москва", "lanes_length": 53.818878102471317 }, "geometry": { "type": "LineString", "coordinates": [ [ 37.1448663, 55.9892979 ], [ 37.1446249, 55.98976 ] ] } },
{ "type": "Feature", "properties": { "admin_level": null, "index_right": null, "lanes": 1, "length": 426.89210884036117, "name": "Москва", "place": null, "population": 12655050.0, "short_name": "Москва", "lanes_length": 426.89210884036117 }, "geometry": { "type": "LineString", "coordinates": [ [ 37.5949362, 55.7923761 ], [ 37.5934127, 55.7924123 ], [ 37.5892928, 55.7923912 ], [ 37.5881395, 55.792557 ] ] } },
{ "type": "Feature", "properties": { "admin_level": null, "index_right": null, "lanes": 1, "length": 139.52365481822989, "name": "Москва", "place": null, "population": 12655050.0, "short_name": "Москва", "lanes_length": 139.52365481822989 }, "geometry": { "type": "LineString", "coordinates": [ [ 37.8077335, 55.559981 ], [ 37.8057782, 55.5605725 ] ] } }
]
}
